customer_id,age,gender,region,education,income_bracket,tenure_months,num_products,monthly_spend,payment_delay_days,support_tickets_6mo,login_frequency_monthly,last_interaction_days,satisfaction_score,contract_type,has_loyalty_program,referral_count,treatment,offer_type,uplift_segment,churn
CUST02746,36,Male,Central,Diploma,Upper-Mid,51,4,52.96,1.0,2,6,23,5.0,One Year,1,1,1,Free Upgrade,Sure Thing,0
CUST00260,49,Female,South,Diploma,Mid,14,2,138.03,10.0,1,10,3,5.0,One Year,0,1,0,None,Sleeping Dog,1
CUST00450,27,Female,East,High School,Upper-Mid,35,1,51.27,10.0,0,7,49,2.0,One Year,0,2,0,None,Persuadable,1
CUST03067,61,Male,East,High School,Mid,49,2,73.88,5.0,1,11,1,5.0,One Year,1,0,0,None,Persuadable,0
CUST02608,18,Male,West,High School,High,120,2,50.45,5.0,1,4,27,4.0,One Year,1,0,0,None,Persuadable,0
CUST00376,30,Female,South,Master,Upper-Mid,89,2,84.85,,0,12,3,1.0,One Year,0,1,1,Personal Outreach,Persuadable,0
CUST00197,29,Female,Central,Bachelor,High,37,2,49.8,0.0,0,6,3,4.0,Month-to-Month,1,0,0,None,Sure Thing,0
CUST02161,26,Male,East,Bachelor,Upper-Mid,14,2,103.58,0.0,1,7,51,1.0,Two Year,1,2,1,Discount,Sleeping Dog,0
CUST00528,40,Female,West,High School,Lower-Mid,5,1,65.44,7.0,1,7,23,3.0,Month-to-Month,0,2,0,None,Persuadable,1
CUST00585,42,Female,East,Bachelor,Low,3,2,151.72,5.0,1,10,53,4.0,Month-to-Month,0,0,1,Loyalty Bonus,Sleeping Dog,1
CUST01618,30,Male,West,Bachelor,High,15,1,73.21,30.0,2,11,37,,Month-to-Month,1,0,1,Personal Outreach,Sleeping Dog,1
CUST01380,61,Male,North,High School,Mid,10,3,70.13,1.0,0,6,24,3.0,Month-to-Month,0,0,1,Personal Outreach,Sure Thing,1
CUST03300,53,Female,East,High School,Upper-Mid,17,2,85.98,0.0,1,8,6,4.0,Month-to-Month,0,0,0,None,Sleeping Dog,0
CUST02515,38,Female,West,,High,103,3,63.62,0.0,1,6,33,4.0,Month-to-Month,1,0,0,None,Lost Cause,0
CUST01562,31,Female,East,Master,Low,10,2,82.18,15.0,1,7,27,2.0,One Year,1,2,1,Loyalty Bonus,Persuadable,1
CUST01410,36,Male,Central,Diploma,Mid,1,1,27.01,1.0,1,9,10,5.0,Two Year,1,0,1,Discount,Sleeping Dog,0
CUST02714,23,Female,West,High School,High,8,1,24.57,7.0,1,4,65,5.0,Month-to-Month,1,1,0,None,Sleeping Dog,1
CUST01145,37,Male,South,Master,Mid,35,2,60.72,3.0,0,7,12,5.0,Month-to-Month,1,2,0,None,Sleeping Dog,0
CUST00896,47,Male,South,PhD,Lower-Mid,54,1,96.89,1.0,0,9,11,3.0,One Year,0,2,0,None,Sleeping Dog,0
CUST01388,58,Female,East,Bachelor,Upper-Mid,19,2,26.54,7.0,4,7,22,2.0,Month-to-Month,1,2,1,Loyalty Bonus,Sleeping Dog,1
CUST00849,32,Male,East,,Mid,34,1,69.41,10.0,0,9,9,1.0,Month-to-Month,1,0,1,Discount,Lost Cause,1
CUST02091,43,Male,Central,Master,Upper-Mid,105,4,88.76,0.0,1,11,30,,Month-to-Month,0,1,0,None,Lost Cause,0
CUST03004,62,Male,North,Diploma,Upper-Mid,5,1,35.31,30.0,3,2,28,1.0,Month-to-Month,1,1,1,Discount,Sure Thing,0
CUST00378,42,Female,East,High School,Low,2,2,33.01,1.0,2,11,2,5.0,One Year,0,0,1,Discount,Sure Thing,0
CUST01390,30,Male,Central,High School,Lower-Mid,31,1,146.57,15.0,1,7,57,3.0,One Year,1,1,1,Loyalty Bonus,Sleeping Dog,0
CUST01781,23,Male,North,Diploma,Lower-Mid,39,3,52.58,30.0,1,10,1,3.0,Month-to-Month,0,0,0,None,Lost Cause,1
CUST02736,33,Female,North,High School,Upper-Mid,23,2,69.54,30.0,2,9,37,2.0,Month-to-Month,1,0,0,None,Sleeping Dog,1
CUST00671,54,Male,West,Master,Upper-Mid,12,3,14.44,5.0,2,11,29,3.0,Two Year,0,0,0,None,Sleeping Dog,0
CUST00702,52,Male,East,Bachelor,Low,1,1,37.28,0.0,3,7,46,5.0,One Year,0,0,1,Loyalty Bonus,Sleeping Dog,1
CUST01109,32,Female,East,Diploma,Mid,120,2,102.29,0.0,1,8,14,2.0,Month-to-Month,1,1,1,Loyalty Bonus,Persuadable,0
CUST00096,22,Male,West,High School,High,6,2,58.15,15.0,0,10,1,5.0,Month-to-Month,0,3,0,None,Persuadable,0
CUST02463,45,Male,East,PhD,Lower-Mid,7,1,21.26,7.0,0,10,4,4.0,Month-to-Month,1,0,1,Loyalty Bonus,Sure Thing,1
CUST03488,47,Male,East,Bachelor,Upper-Mid,2,1,105.94,0.0,0,10,3,3.0,Month-to-Month,0,1,0,None,Sleeping Dog,1
CUST01773,32,Male,South,High School,Mid,25,1,62.11,15.0,2,9,13,5.0,Month-to-Month,1,1,1,Free Upgrade,Persuadable,1
CUST00503,23,Female,West,High School,Upper-Mid,1,1,61.37,1.0,2,10,5,4.0,Two Year,1,0,1,Free Upgrade,Sleeping Dog,0
CUST01894,38,Male,West,PhD,Mid,26,4,52.45,10.0,1,11,7,4.0,One Year,1,0,1,Free Upgrade,Sure Thing,0
CUST00872,30,Male,West,PhD,Upper-Mid,4,1,35.41,0.0,2,10,19,4.0,One Year,1,0,1,Personal Outreach,Lost Cause,0
CUST00475,59,Female,East,,Upper-Mid,17,3,41.96,3.0,2,9,31,4.0,One Year,1,1,0,None,Sleeping Dog,0
CUST02537,51,Male,West,Master,Mid,8,3,117.94,1.0,1,7,16,4.0,Two Year,0,0,0,None,Sleeping Dog,0
CUST03370,41,Male,North,Bachelor,Upper-Mid,3,1,28.39,,1,13,52,1.0,One Year,1,0,0,None,Sleeping Dog,1
CUST00421,64,Male,South,Bachelor,Mid,4,2,69.95,0.0,1,12,8,4.0,Month-to-Month,0,1,0,None,Persuadable,0
CUST03421,32,Male,North,Bachelor,Low,4,1,63.52,5.0,1,14,22,3.0,One Year,1,2,1,Discount,Lost Cause,0
CUST02906,49,Male,East,High School,Low,28,1,36.47,10.0,1,6,5,3.0,Month-to-Month,1,5,0,None,Lost Cause,0
CUST00195,42,Male,West,Master,Lower-Mid,69,3,24.88,0.0,2,7,1,4.0,One Year,0,1,0,None,Persuadable,0
CUST00632,58,Male,Central,PhD,Lower-Mid,5,1,56.14,3.0,3,8,20,1.0,Month-to-Month,0,0,1,Loyalty Bonus,Sleeping Dog,1
CUST01696,63,Female,West,High School,Mid,1,1,90.36,15.0,2,7,1,3.0,One Year,1,0,0,None,Sure Thing,1
CUST02486,50,Male,East,High School,Lower-Mid,33,3,151.93,10.0,1,6,5,5.0,Month-to-Month,0,4,0,None,Lost Cause,0
CUST02360,44,Male,Central,Master,Mid,42,2,41.93,3.0,2,7,12,5.0,Month-to-Month,1,1,1,Discount,Persuadable,0
CUST00899,54,Female,Central,Diploma,Upper-Mid,32,1,116.55,10.0,1,9,9,3.0,Month-to-Month,1,0,0,None,Persuadable,1
CUST00604,56,Female,Central,Diploma,Mid,1,1,64.28,5.0,1,10,12,1.0,One Year,1,2,1,Personal Outreach,Lost Cause,1
CUST02306,75,Male,North,High School,Mid,25,2,73.3,7.0,1,8,12,4.0,Month-to-Month,1,0,0,None,Sleeping Dog,0
CUST02465,50,Male,North,Diploma,Upper-Mid,49,3,63.68,2.0,2,7,17,5.0,Month-to-Month,0,0,1,Personal Outreach,Lost Cause,0
CUST02973,23,Male,Central,Master,Mid,75,2,134.63,0.0,3,10,2,5.0,Two Year,1,0,0,None,Lost Cause,0
CUST01417,40,Female,Central,Master,Low,1,2,37.31,7.0,2,8,6,5.0,One Year,1,0,0,None,Lost Cause,0
CUST01437,37,Female,North,Bachelor,Mid,12,1,152.85,5.0,0,9,1,5.0,Month-to-Month,0,1,1,Loyalty Bonus,Sleeping Dog,0
CUST00182,29,Female,South,High School,,68,1,55.5,0.0,0,6,14,2.0,Month-to-Month,0,1,1,Loyalty Bonus,Persuadable,1
CUST01303,37,Male,East,Master,Mid,34,2,225.56,7.0,0,10,32,2.0,One Year,1,2,1,Personal Outreach,Sure Thing,0
CUST03284,50,Other,East,Diploma,Upper-Mid,20,2,129.95,15.0,0,6,1,5.0,Month-to-Month,1,3,0,None,Sure Thing,0
CUST00515,33,Male,West,PhD,Mid,98,1,121.57,15.0,1,5,18,1.0,Two Year,0,1,1,Discount,Persuadable,0
CUST02494,57,Female,Central,Bachelor,Lower-Mid,9,1,110.24,30.0,0,6,19,4.0,One Year,1,1,1,Personal Outreach,Persuadable,0
CUST00370,30,Female,North,High School,Low,47,1,82.15,1.0,1,7,29,3.0,One Year,0,1,0,None,Lost Cause,1
CUST00297,50,Female,West,Diploma,High,26,1,116.85,2.0,0,9,10,5.0,One Year,0,0,1,Free Upgrade,Persuadable,0
CUST01245,32,Male,East,Bachelor,Upper-Mid,52,2,34.3,1.0,2,2,45,4.0,Month-to-Month,0,0,1,Personal Outreach,Persuadable,0
CUST00620,42,Female,West,Bachelor,Upper-Mid,120,2,158.36,7.0,2,8,9,3.0,Month-to-Month,1,1,1,Personal Outreach,Sleeping Dog,0
CUST00787,50,Male,South,High School,Upper-Mid,39,2,59.1,0.0,3,6,31,4.0,Month-to-Month,0,1,1,Free Upgrade,Sleeping Dog,1
CUST01598,64,Male,Central,High School,Lower-Mid,13,3,156.89,1.0,2,8,17,5.0,Month-to-Month,1,0,1,Free Upgrade,Sure Thing,0
CUST00319,43,Female,South,Bachelor,Mid,41,1,44.81,3.0,0,5,26,3.0,Month-to-Month,0,0,1,Free Upgrade,Lost Cause,1
CUST02890,44,Male,East,Master,Upper-Mid,21,1,61.12,7.0,2,3,23,3.0,Two Year,0,0,0,None,Sure Thing,1
CUST00540,33,Male,West,Master,Low,59,1,151.34,7.0,3,10,53,1.0,Month-to-Month,1,1,1,Discount,Sleeping Dog,1
CUST03187,25,Male,South,Bachelor,Upper-Mid,52,4,43.24,5.0,0,6,18,4.0,Month-to-Month,1,0,1,Discount,Persuadable,0
CUST02074,42,Female,West,Bachelor,Upper-Mid,8,1,38.09,1.0,0,5,16,4.0,Two Year,1,1,1,Free Upgrade,Persuadable,0
CUST01033,44,Female,East,Bachelor,Mid,14,1,165.22,15.0,1,10,6,4.0,Two Year,0,2,0,None,Sleeping Dog,0
CUST00187,45,Male,North,High School,Mid,16,4,43.2,2.0,1,10,19,5.0,Month-to-Month,1,0,1,Free Upgrade,Sleeping Dog,0
CUST01622,22,Male,East,High School,Mid,4,1,58.29,2.0,2,6,61,3.0,Two Year,0,2,1,Discount,Lost Cause,0
CUST02434,37,Female,East,Bachelor,Lower-Mid,20,2,21.82,3.0,1,6,12,5.0,Two Year,0,0,1,Free Upgrade,Sleeping Dog,1
CUST01017,32,Male,North,High School,Lower-Mid,16,2,48.72,0.0,3,8,3,3.0,Month-to-Month,0,1,0,None,Persuadable,1
CUST00449,33,Male,South,Bachelor,High,50,1,153.0,,1,7,7,3.0,Two Year,0,1,1,Discount,Sure Thing,0
CUST00846,45,Male,Central,PhD,Upper-Mid,94,1,55.66,30.0,1,5,32,5.0,Two Year,1,1,1,Loyalty Bonus,Sure Thing,0
CUST02333,21,Female,South,Master,Lower-Mid,28,1,53.69,30.0,1,9,69,3.0,Month-to-Month,1,0,1,Discount,Sure Thing,1
CUST01658,55,Female,South,High School,Mid,14,1,189.9,0.0,0,7,12,5.0,Two Year,0,0,0,None,Sure Thing,0
CUST01227,40,Female,West,Bachelor,Mid,1,3,72.57,5.0,2,6,10,3.0,One Year,1,0,0,None,Persuadable,0
CUST02667,50,Female,West,Diploma,Low,15,2,101.99,0.0,0,6,11,3.0,One Year,1,1,0,None,Persuadable,0
CUST02750,37,Female,South,Bachelor,High,4,1,211.31,7.0,1,14,1,3.0,Month-to-Month,1,0,1,Loyalty Bonus,Sure Thing,1
CUST02995,28,Male,Central,PhD,Upper-Mid,70,2,55.85,,3,9,23,1.0,One Year,0,0,1,Personal Outreach,Persuadable,0
CUST00088,43,Female,South,High School,Upper-Mid,87,3,49.44,0.0,0,7,9,1.0,Month-to-Month,0,1,1,Free Upgrade,Sleeping Dog,1
CUST00799,40,Female,South,,Mid,36,2,174.71,7.0,0,6,110,2.0,One Year,1,0,0,None,Sure Thing,1
CUST01943,43,Female,West,Bachelor,Lower-Mid,10,2,203.13,30.0,2,11,7,3.0,Two Year,1,0,0,None,Lost Cause,0
CUST01243,33,Female,East,Bachelor,Mid,1,2,56.93,0.0,3,10,1,4.0,Month-to-Month,0,2,1,Personal Outreach,Sleeping Dog,1
CUST02897,18,Female,South,High School,Low,7,3,135.52,2.0,0,11,14,4.0,Month-to-Month,1,0,1,Discount,Sure Thing,1
CUST02835,37,Male,East,Bachelor,Upper-Mid,19,1,215.33,7.0,1,10,8,1.0,One Year,1,1,0,None,Sleeping Dog,1
CUST00984,39,Male,East,Bachelor,Upper-Mid,32,2,144.65,5.0,3,8,22,5.0,Month-to-Month,1,2,1,Loyalty Bonus,Persuadable,0
CUST01675,59,Other,West,Diploma,Lower-Mid,75,1,53.07,30.0,0,7,32,1.0,One Year,0,0,0,None,Sleeping Dog,1
CUST00804,34,Male,East,PhD,Mid,73,3,90.99,15.0,2,7,51,2.0,Month-to-Month,0,0,1,Free Upgrade,Sleeping Dog,1
CUST01059,46,Male,South,High School,High,14,1,211.68,5.0,2,10,1,5.0,Month-to-Month,1,2,1,Discount,Persuadable,0
CUST00417,58,Female,Central,Master,Mid,4,3,86.79,2.0,0,8,3,3.0,Month-to-Month,1,1,1,Free Upgrade,Lost Cause,1
CUST01808,46,Female,West,Bachelor,High,42,1,65.49,5.0,1,5,108,4.0,Month-to-Month,0,1,1,Personal Outreach,Sure Thing,1
CUST03095,29,Male,South,Bachelor,Mid,14,2,138.81,2.0,1,5,1,4.0,Month-to-Month,1,2,0,None,Sleeping Dog,1
CUST00125,47,Female,West,Bachelor,Low,42,2,78.02,0.0,3,6,21,4.0,One Year,1,0,1,Loyalty Bonus,Lost Cause,1
CUST00706,47,Male,East,PhD,Mid,35,2,24.8,0.0,2,6,54,1.0,Month-to-Month,1,0,1,Personal Outreach,Sleeping Dog,1
CUST01365,54,Male,South,Bachelor,Mid,81,1,122.79,2.0,0,6,18,,Month-to-Month,1,0,0,None,Sure Thing,1
CUST01539,25,Male,Central,PhD,Upper-Mid,40,1,71.34,0.0,2,7,12,4.0,Two Year,0,0,0,None,Sleeping Dog,0
CUST02479,23,Male,Central,Bachelor,Low,19,3,55.81,0.0,2,6,6,,Month-to-Month,0,1,0,None,Persuadable,0
CUST00593,45,F,West,Bachelor,Mid,3,2,38.35,30.0,2,7,41,5.0,Month-to-Month,1,0,0,None,Sleeping Dog,1
CUST02683,36,Female,North,PhD,High,9,1,86.36,15.0,3,10,16,1.0,Month-to-Month,1,2,0,None,Sleeping Dog,1
CUST00566,35,Male,South,High School,Upper-Mid,6,1,82.27,7.0,2,6,113,5.0,Two Year,0,1,0,None,Sure Thing,1
CUST03294,44,Female,East,Master,Lower-Mid,1,2,34.57,0.0,2,3,2,5.0,One Year,0,1,0,None,Sure Thing,1
CUST01022,33,Male,Central,Bachelor,Mid,1,1,52.49,15.0,1,7,4,5.0,Two Year,1,1,0,None,Persuadable,0
CUST02294,30,Female,South,Diploma,Low,19,1,25.09,5.0,1,5,3,4.0,One Year,1,0,1,Discount,Sleeping Dog,0
CUST02730,34,Male,North,Bachelor,Low,10,2,116.72,10.0,2,9,9,4.0,Month-to-Month,1,2,0,None,Sure Thing,1
CUST02527,45,Female,Central,Master,Mid,81,1,59.22,10.0,1,7,1,4.0,Month-to-Month,1,0,1,Loyalty Bonus,Persuadable,0
CUST00547,46,Female,Central,Bachelor,Mid,3,3,47.99,0.0,2,10,9,3.0,Month-to-Month,1,0,0,None,Persuadable,1
CUST02927,38,Female,North,Bachelor,Lower-Mid,11,2,67.91,1.0,2,7,1,2.0,Month-to-Month,1,2,0,None,Lost Cause,1
CUST01497,64,Male,West,Bachelor,Upper-Mid,7,3,35.93,0.0,0,6,38,4.0,Two Year,1,1,1,Loyalty Bonus,Sleeping Dog,0
CUST01587,42,Female,Central,PhD,Upper-Mid,11,3,34.65,10.0,3,6,26,2.0,Month-to-Month,1,2,0,None,Sure Thing,1
CUST01842,18,Male,Central,Bachelor,High,11,1,120.1,3.0,1,9,32,3.0,One Year,1,1,0,None,Lost Cause,0
CUST01430,36,Male,East,Master,Mid,36,2,122.15,,4,10,21,4.0,Month-to-Month,1,0,0,None,Sleeping Dog,1
CUST00597,36,Female,East,Master,High,73,4,63.89,3.0,2,6,20,3.0,Month-to-Month,0,0,1,Loyalty Bonus,Sure Thing,0
CUST01889,34,Male,East,Bachelor,Mid,7,1,98.53,15.0,2,8,24,3.0,Two Year,1,3,1,Discount,Persuadable,0
CUST00076,49,Male,East,Bachelor,Lower-Mid,17,2,57.64,0.0,0,6,9,4.0,Month-to-Month,1,2,1,Loyalty Bonus,Sure Thing,0
CUST02937,32,Male,East,Master,High,1,1,39.68,2.0,3,5,12,3.0,One Year,1,4,1,Free Upgrade,Persuadable,0
CUST03170,35,Female,North,Master,Mid,50,4,46.9,5.0,4,13,99,4.0,Month-to-Month,1,1,1,Loyalty Bonus,Persuadable,0
CUST02569,50,Male,West,Master,Mid,5,4,16.76,30.0,1,9,40,4.0,Month-to-Month,1,0,0,None,Lost Cause,1
CUST02095,52,Female,North,Master,Mid,7,4,38.94,0.0,1,8,9,3.0,Month-to-Month,1,0,1,Loyalty Bonus,Sleeping Dog,1
CUST02921,31,Other,West,PhD,Mid,37,3,64.64,0.0,1,10,15,1.0,Month-to-Month,0,0,0,None,Persuadable,1
CUST00685,25,Male,Central,Diploma,Mid,4,1,41.38,0.0,0,11,40,,One Year,0,2,1,Discount,Sleeping Dog,1
CUST01988,46,Male,East,Bachelor,Upper-Mid,22,3,72.4,1.0,2,9,3,1.0,Month-to-Month,1,1,1,Discount,Persuadable,1
CUST01782,39,Male,South,Bachelor,Lower-Mid,16,1,38.08,,4,8,17,2.0,Two Year,1,0,0,None,Sure Thing,0
CUST03482,18,Male,South,Bachelor,Upper-Mid,73,3,34.58,3.0,3,6,23,4.0,Month-to-Month,0,0,0,None,Lost Cause,0
CUST01766,29,Male,North,Bachelor,Low,13,1,53.28,5.0,1,10,28,4.0,Month-to-Month,1,3,1,Loyalty Bonus,Lost Cause,0
CUST01068,53,Male,East,Bachelor,Low,13,2,71.73,1.0,3,5,61,4.0,One Year,1,2,1,Free Upgrade,Sure Thing,0
CUST01555,37,Male,East,Master,Low,23,3,85.02,1.0,0,10,6,5.0,Month-to-Month,1,0,1,Discount,Sleeping Dog,0
CUST01911,60,Male,Central,Bachelor,Upper-Mid,13,1,97.02,3.0,1,5,33,2.0,Month-to-Month,1,2,1,Free Upgrade,Persuadable,1
CUST03152,35,Female,East,High School,Lower-Mid,29,2,46.58,7.0,3,15,20,4.0,Month-to-Month,0,0,1,Discount,Sleeping Dog,1
CUST02421,52,Female,West,High School,Lower-Mid,20,2,52.06,0.0,1,15,76,1.0,Month-to-Month,0,0,1,Personal Outreach,Sure Thing,1
CUST02585,53,Female,East,Master,Mid,11,3,75.87,0.0,0,9,19,,Month-to-Month,1,0,0,None,Sure Thing,0
CUST01122,54,Female,South,Bachelor,High,2,2,137.27,30.0,2,11,32,5.0,One Year,1,1,1,Loyalty Bonus,Sure Thing,0
CUST01676,36,Male,South,Bachelor,Mid,49,2,67.72,0.0,0,4,58,5.0,One Year,0,0,0,None,Persuadable,0
CUST02495,24,Male,North,Bachelor,High,27,2,119.2,3.0,1,7,7,2.0,One Year,0,1,0,None,Lost Cause,1
CUST01515,39,Male,East,Bachelor,Upper-Mid,20,1,119.11,,3,8,6,5.0,One Year,0,2,0,None,Lost Cause,0
CUST03232,18,Female,North,Bachelor,Mid,31,1,81.49,15.0,2,7,1,4.0,Month-to-Month,1,1,0,None,Sure Thing,1
CUST01524,28,Female,South,PhD,Upper-Mid,19,3,24.21,0.0,0,10,23,4.0,Month-to-Month,1,0,1,Discount,Persuadable,0
CUST02403,33,Male,South,Bachelor,Lower-Mid,40,2,50.34,5.0,0,5,16,2.0,Two Year,1,0,1,Personal Outreach,Persuadable,0
CUST01778,39,Male,South,Master,High,11,2,68.64,10.0,1,11,18,3.0,Month-to-Month,0,1,1,Personal Outreach,Persuadable,0
CUST02076,36,Female,West,Master,Upper-Mid,29,3,95.98,0.0,4,7,5,5.0,Month-to-Month,1,0,0,None,Sure Thing,0
CUST00428,48,Male,East,Master,Low,4,3,35.23,3.0,2,8,3,3.0,One Year,1,0,1,Discount,Persuadable,1
CUST02171,51,Male,South,Bachelor,Upper-Mid,1,3,310.78,1.0,1,5,58,1.0,Month-to-Month,1,1,1,Discount,Sure Thing,1
CUST00446,48,Male,North,,Lower-Mid,14,2,107.67,0.0,1,9,17,4.0,One Year,1,0,0,None,Sure Thing,0
CUST00245,25,Male,North,High School,Low,5,4,37.61,30.0,2,9,13,4.0,Month-to-Month,0,1,0,None,Lost Cause,1
CUST02320,26,Male,North,Bachelor,,4,2,33.91,0.0,1,7,44,3.0,Two Year,0,0,1,Personal Outreach,Lost Cause,0
CUST00533,39,Female,South,Diploma,Upper-Mid,21,1,167.67,7.0,2,4,3,5.0,One Year,1,0,0,None,Sure Thing,0
CUST02157,35,Male,South,Master,High,18,1,89.16,10.0,0,4,5,,Two Year,1,0,0,None,Sleeping Dog,0
CUST01733,39,Male,West,Bachelor,Upper-Mid,17,1,72.04,2.0,2,8,13,2.0,Two Year,0,1,1,Loyalty Bonus,Lost Cause,0
CUST02064,38,Female,North,Bachelor,Low,9,2,138.42,5.0,4,8,19,2.0,Month-to-Month,0,1,0,None,Persuadable,1
CUST01204,46,Male,East,Bachelor,Low,7,3,79.98,5.0,1,10,2,2.0,Two Year,1,1,0,None,Persuadable,0
CUST00188,39,Female,West,High School,Mid,18,3,10.0,2.0,2,4,46,3.0,Month-to-Month,1,1,0,None,Persuadable,1
CUST01750,52,Female,East,Master,Lower-Mid,7,1,22.13,0.0,2,12,1,4.0,Month-to-Month,0,0,0,None,Sleeping Dog,1
CUST02060,42,Male,Central,Bachelor,Lower-Mid,90,3,25.51,10.0,1,5,4,2.0,Two Year,0,0,0,None,Lost Cause,1
CUST02165,58,Female,Central,High School,Upper-Mid,53,2,112.75,0.0,0,5,8,5.0,Month-to-Month,1,0,1,Discount,Sure Thing,0
CUST00341,30,Male,East,,Mid,6,1,89.38,10.0,0,3,86,3.0,Two Year,0,1,0,None,Sleeping Dog,0
CUST03403,42,Male,Central,High School,Mid,13,2,80.99,10.0,0,12,1,3.0,Two Year,0,1,1,Personal Outreach,Lost Cause,0
CUST00445,24,Male,East,Bachelor,Upper-Mid,1,2,108.19,1.0,1,8,1,4.0,One Year,0,0,1,Personal Outreach,Sure Thing,0
CUST02191,20,Female,East,Bachelor,Low,74,2,70.82,0.0,0,8,44,5.0,Month-to-Month,1,1,1,Discount,Sleeping Dog,1
CUST01326,18,Female,East,Bachelor,Upper-Mid,103,1,70.68,3.0,2,11,19,3.0,Two Year,1,0,0,None,Sure Thing,0
CUST02623,41,Female,South,Bachelor,Upper-Mid,52,3,93.05,2.0,1,5,4,3.0,Two Year,0,1,1,Loyalty Bonus,Sure Thing,0
CUST03323,21,Female,Central,Bachelor,Upper-Mid,1,1,21.35,30.0,4,8,1,3.0,Month-to-Month,0,1,0,None,Persuadable,1
CUST00214,47,Male,South,Master,Low,32,2,94.6,1.0,1,8,13,4.0,Month-to-Month,1,1,1,Discount,Sure Thing,0
CUST01800,40,Female,East,Master,High,1,3,111.82,5.0,3,8,6,4.0,One Year,0,1,0,None,Lost Cause,1
CUST01076,34,Female,South,PhD,Lower-Mid,8,2,31.13,0.0,4,6,50,4.0,Month-to-Month,0,1,0,None,Sleeping Dog,1
CUST01794,48,Male,North,Diploma,Mid,120,2,128.39,1.0,0,4,11,5.0,Two Year,1,1,1,Loyalty Bonus,Persuadable,0
CUST01117,68,Female,North,Diploma,Mid,59,2,194.48,10.0,2,8,13,4.0,Month-to-Month,0,0,0,None,Sure Thing,0
CUST03413,63,Male,North,Bachelor,High,1,1,69.43,1.0,0,6,1,3.0,Month-to-Month,0,0,1,Discount,Sleeping Dog,1
CUST01491,33,Female,South,Bachelor,Lower-Mid,85,1,123.23,2.0,1,10,49,5.0,Month-to-Month,1,0,0,None,Persuadable,0
CUST02077,47,Female,Central,Bachelor,Mid,120,1,101.0,30.0,2,9,10,1.0,Month-to-Month,1,1,1,Loyalty Bonus,Lost Cause,1
CUST01903,54,Male,West,Bachelor,Low,22,3,68.62,30.0,2,7,1,4.0,One Year,1,1,0,None,Sleeping Dog,0
CUST00885,48,Male,North,Bachelor,Low,18,1,58.86,0.0,1,8,27,5.0,Month-to-Month,1,2,1,Discount,Persuadable,0
CUST03182,46,Female,East,Bachelor,High,1,1,107.09,30.0,1,8,3,3.0,One Year,1,0,1,Personal Outreach,Lost Cause,1
CUST02301,52,Female,West,Master,Lower-Mid,16,3,86.61,10.0,1,4,5,4.0,One Year,1,2,0,None,Sleeping Dog,0
CUST01041,60,Male,South,Diploma,Mid,4,3,48.47,3.0,0,8,64,2.0,Month-to-Month,0,0,0,None,Sleeping Dog,1
CUST00441,44,Female,North,Master,Upper-Mid,3,1,57.35,0.0,1,17,3,4.0,One Year,0,2,0,None,Sure Thing,0
CUST00638,40,Male,South,PhD,Lower-Mid,17,2,144.32,2.0,3,4,24,1.0,One Year,1,0,1,Free Upgrade,Persuadable,0
CUST00985,39,Male,East,PhD,Upper-Mid,72,3,72.88,7.0,0,11,1,4.0,One Year,1,0,1,Discount,Persuadable,0
CUST02689,49,Male,Central,Bachelor,Mid,50,1,59.52,15.0,3,8,31,5.0,One Year,1,0,1,Personal Outreach,Sleeping Dog,0
CUST02100,49,Male,South,,Upper-Mid,30,2,33.74,3.0,1,7,20,3.0,One Year,1,0,0,None,Sure Thing,0
CUST02044,41,Male,West,,Upper-Mid,11,3,57.61,30.0,3,11,7,4.0,Month-to-Month,1,1,0,None,Sleeping Dog,1
CUST03280,46,Female,South,High School,Lower-Mid,6,1,113.22,0.0,0,9,13,4.0,Month-to-Month,1,0,1,Discount,Persuadable,0
CUST03273,50,Female,North,Diploma,Mid,17,2,89.72,3.0,0,4,120,3.0,Month-to-Month,0,1,1,Discount,Sleeping Dog,1
CUST00869,47,Male,West,Master,Mid,37,3,76.19,10.0,3,12,11,4.0,One Year,1,1,0,None,Sleeping Dog,0
CUST00122,29,Female,South,Master,Upper-Mid,24,3,40.85,30.0,1,9,3,5.0,Month-to-Month,0,1,0,None,Sure Thing,0
CUST01560,36,Female,East,,Mid,58,1,92.78,3.0,1,9,29,3.0,Two Year,1,1,0,None,Sleeping Dog,0
CUST00512,39,Female,Central,,Lower-Mid,35,2,80.47,30.0,0,5,10,2.0,One Year,1,1,1,Discount,Sleeping Dog,1
CUST03256,41,Female,North,High School,Upper-Mid,37,4,29.28,15.0,3,3,50,5.0,Two Year,1,1,0,None,Sleeping Dog,0
CUST00775,47,Female,West,Bachelor,Low,1,1,52.36,0.0,4,14,8,3.0,Two Year,1,0,0,None,Sure Thing,0
CUST01171,49,Female,North,Bachelor,Mid,63,3,158.38,30.0,0,16,8,4.0,One Year,0,1,1,Discount,Sleeping Dog,0
CUST00735,52,Male,Central,Bachelor,Mid,37,4,120.24,0.0,1,10,14,5.0,One Year,0,2,1,Discount,Sleeping Dog,0
CUST03211,54,Female,East,Master,Upper-Mid,52,1,109.76,,2,7,3,5.0,One Year,0,1,1,Free Upgrade,Lost Cause,0
CUST02054,36,Female,West,Bachelor,High,7,1,44.32,15.0,2,8,13,5.0,Two Year,0,2,0,None,Sleeping Dog,0
CUST02956,60,Male,North,Master,Upper-Mid,1,2,81.94,1.0,1,6,37,1.0,Month-to-Month,0,0,1,Personal Outreach,Sure Thing,1
CUST00583,47,Female,East,,Mid,15,1,95.09,30.0,2,7,18,4.0,Month-to-Month,0,1,1,Personal Outreach,Sleeping Dog,1
CUST00921,52,Male,North,Master,Upper-Mid,37,2,62.5,10.0,2,7,14,3.0,One Year,0,1,0,None,Persuadable,0
CUST02285,34,Female,West,Bachelor,Low,51,3,39.48,,2,5,31,,Two Year,0,1,0,None,Sleeping Dog,0
CUST03227,29,Female,Central,Diploma,Upper-Mid,4,2,37.63,,3,7,6,5.0,One Year,0,0,1,Personal Outreach,Persuadable,1
CUST01532,18,Male,Central,Bachelor,Lower-Mid,8,1,84.08,7.0,1,4,6,4.0,One Year,0,0,0,None,Sleeping Dog,1
CUST02806,18,Female,West,Master,,13,1,125.07,,2,8,10,4.0,One Year,1,0,0,None,Lost Cause,0
CUST03128,55,Female,West,Master,High,3,1,24.28,15.0,2,14,1,3.0,One Year,1,1,1,Discount,Persuadable,0
CUST00035,49,Female,Central,High School,High,20,1,78.64,10.0,2,13,59,4.0,Two Year,1,1,0,None,Persuadable,0
CUST00853,32,Male,North,High School,Lower-Mid,58,2,139.32,10.0,1,3,6,4.0,Month-to-Month,1,1,0,None,Lost Cause,1
CUST01904,44,Male,West,Bachelor,Upper-Mid,97,2,36.89,1.0,1,8,1,2.0,Month-to-Month,1,0,0,None,Persuadable,0
CUST01627,34,Male,West,High School,Upper-Mid,38,1,59.62,7.0,0,12,5,,Two Year,1,1,0,None,Sleeping Dog,0
CUST03408,41,Male,Central,Bachelor,Upper-Mid,9,3,62.82,5.0,3,7,14,5.0,Month-to-Month,1,1,0,None,Sure Thing,1
CUST00207,46,Female,West,Bachelor,Upper-Mid,18,1,66.86,30.0,2,9,5,2.0,Two Year,0,0,1,Free Upgrade,Sleeping Dog,1
CUST02535,34,Male,East,,Upper-Mid,95,1,44.96,0.0,2,3,3,4.0,Two Year,0,1,0,None,Persuadable,0
CUST03324,43,Male,South,High School,Lower-Mid,12,2,139.88,1.0,1,12,1,3.0,Month-to-Month,0,1,1,Free Upgrade,Persuadable,1
CUST00401,20,Male,Central,Bachelor,Low,1,3,29.22,15.0,2,6,2,1.0,Two Year,1,4,1,Free Upgrade,Sure Thing,0
CUST01804,21,Female,West,PhD,Mid,9,3,57.22,5.0,1,7,1,4.0,Two Year,0,1,0,None,Persuadable,0
CUST02461,40,Female,East,Bachelor,Mid,47,1,55.16,5.0,0,5,14,3.0,Month-to-Month,1,0,0,None,Persuadable,1
CUST00525,30,Female,Central,PhD,Lower-Mid,28,2,113.1,1.0,2,10,2,3.0,Month-to-Month,1,1,0,None,Sure Thing,1
CUST00431,25,Male,East,High School,Upper-Mid,7,2,97.54,2.0,3,6,2,4.0,Two Year,1,2,1,Discount,Persuadable,1
CUST02201,61,Female,North,Master,Mid,99,2,193.78,0.0,1,9,23,1.0,Two Year,1,0,0,None,Sure Thing,0
CUST02256,44,Male,South,High School,Upper-Mid,82,2,100.1,7.0,3,4,97,4.0,Month-to-Month,1,1,0,None,Persuadable,1
CUST02212,47,Female,East,Bachelor,Lower-Mid,9,1,143.22,0.0,0,6,11,5.0,Two Year,1,0,0,None,Lost Cause,0
CUST01328,38,Male,West,Bachelor,Mid,9,1,171.97,0.0,0,6,8,1.0,Month-to-Month,0,0,1,Loyalty Bonus,Sure Thing,1
CUST02663,47,Male,North,Bachelor,Upper-Mid,18,2,64.99,1.0,3,7,1,5.0,Month-to-Month,1,0,1,Free Upgrade,Lost Cause,0
CUST03123,45,Female,North,Bachelor,Mid,53,2,97.51,0.0,1,5,23,5.0,Two Year,1,0,0,None,Lost Cause,1
CUST02838,59,Male,North,Bachelor,Lower-Mid,24,1,62.05,5.0,0,9,1,2.0,Month-to-Month,0,0,0,None,Sleeping Dog,1
CUST00591,40,Male,East,Bachelor,Upper-Mid,6,2,142.06,30.0,1,6,4,2.0,Two Year,1,1,0,None,Persuadable,0
CUST00126,66,Male,South,Diploma,,28,1,192.43,5.0,1,8,2,3.0,Month-to-Month,0,0,1,Loyalty Bonus,Sleeping Dog,1
CUST01272,47,Male,West,Master,Lower-Mid,17,3,109.38,0.0,0,9,32,4.0,Two Year,0,4,1,Free Upgrade,Sleeping Dog,0
CUST02826,60,Male,South,Master,Upper-Mid,13,1,92.85,30.0,0,7,14,3.0,Month-to-Month,1,0,0,None,Sleeping Dog,1
CUST03245,37,Female,West,Bachelor,Upper-Mid,186,3,198.7,,2,3,11,4.0,Month-to-Month,1,1,1,Loyalty Bonus,Lost Cause,1
CUST02639,27,Female,Central,High School,Mid,7,2,47.3,30.0,0,10,28,3.0,Two Year,1,1,1,Discount,Persuadable,0
CUST03024,53,Male,Central,Master,High,38,2,51.53,7.0,3,6,26,4.0,Month-to-Month,1,2,1,Discount,Persuadable,0
CUST03153,18,Female,East,Bachelor,Mid,24,2,62.73,5.0,1,7,3,2.0,Month-to-Month,1,2,0,None,Persuadable,1
CUST01236,59,Male,Central,High School,Upper-Mid,31,1,99.53,0.0,1,6,23,4.0,Month-to-Month,1,3,0,None,Sure Thing,0
CUST00769,32,Other,South,High School,Lower-Mid,15,3,120.81,10.0,1,7,4,2.0,Two Year,0,0,1,Discount,Lost Cause,0
CUST00796,52,Male,West,PhD,Upper-Mid,5,1,117.79,,1,8,26,5.0,Month-to-Month,0,0,0,None,Sure Thing,1
CUST02932,34,Female,West,Master,Lower-Mid,41,4,61.65,0.0,2,5,55,1.0,Two Year,0,3,1,Personal Outreach,Sleeping Dog,0
CUST02104,53,Female,North,Diploma,Mid,38,4,40.64,5.0,1,9,81,3.0,Month-to-Month,1,0,0,None,Persuadable,0
CUST01697,27,Female,North,Bachelor,Mid,49,2,176.71,30.0,3,11,53,4.0,One Year,0,0,0,None,Persuadable,0
CUST01429,37,Female,South,Bachelor,Low,41,3,23.05,,0,4,10,1.0,Month-to-Month,0,1,1,Personal Outreach,Sure Thing,1
CUST02699,47,Male,South,Bachelor,Mid,33,1,48.3,30.0,1,7,49,4.0,One Year,0,3,0,None,Sure Thing,1
CUST02189,34,Female,North,Bachelor,Mid,13,1,67.24,0.0,2,10,8,1.0,One Year,1,0,0,None,Sleeping Dog,0
CUST02762,30,Female,East,Master,Upper-Mid,39,2,197.89,10.0,1,10,8,4.0,Month-to-Month,0,1,1,Discount,Persuadable,0
CUST02334,35,Male,East,High School,Mid,4,1,99.95,15.0,0,9,1,3.0,Month-to-Month,0,0,0,None,Sleeping Dog,1
CUST01392,31,Male,North,High School,Low,10,2,81.71,10.0,1,7,5,2.0,Month-to-Month,1,1,1,Loyalty Bonus,Sleeping Dog,1
CUST03498,39,Male,East,Diploma,Upper-Mid,32,2,27.2,30.0,2,9,1,3.0,Month-to-Month,1,1,0,None,Sure Thing,1
CUST02025,18,Male,East,PhD,Mid,20,2,37.08,0.0,0,7,10,3.0,Month-to-Month,1,3,1,Loyalty Bonus,Sure Thing,0
CUST03378,28,Male,Central,Diploma,Lower-Mid,1,3,72.49,10.0,0,9,3,4.0,Two Year,0,1,0,None,Lost Cause,0
CUST01616,75,Female,Central,Bachelor,Mid,40,1,67.62,3.0,6,8,21,3.0,Two Year,0,3,0,None,Sure Thing,0
CUST02452,30,Male,Central,High School,Mid,6,4,41.27,1.0,0,8,1,2.0,Two Year,1,1,0,None,Lost Cause,0
CUST02271,44,Female,West,Bachelor,Mid,41,1,121.98,7.0,1,7,36,5.0,One Year,0,0,0,None,Persuadable,0
CUST00639,24,Other,Central,Bachelor,Lower-Mid,15,1,104.87,0.0,0,7,34,4.0,Month-to-Month,0,0,1,Free Upgrade,Persuadable,0
CUST03388,40,FEMALE,North,Diploma,Lower-Mid,1,2,26.17,10.0,2,10,39,2.0,One Year,1,1,1,Discount,Persuadable,1
CUST02873,18,Female,West,Diploma,Lower-Mid,82,1,60.11,0.0,0,9,5,5.0,Two Year,1,0,0,None,Sure Thing,0
CUST02862,45,Male,South,High School,Mid,14,4,51.54,30.0,1,6,22,1.0,Month-to-Month,1,0,1,Discount,Persuadable,1
CUST01938,45,Female,North,Bachelor,Upper-Mid,16,2,141.27,0.0,0,10,26,5.0,Month-to-Month,1,3,0,None,Persuadable,0
CUST00532,20,Female,East,High School,Mid,6,4,105.81,7.0,1,6,2,1.0,Month-to-Month,0,0,0,None,Sleeping Dog,1
CUST01366,38,Male,East,High School,Mid,2,1,71.45,0.0,1,8,56,3.0,Month-to-Month,1,2,0,None,Sure Thing,1
CUST00856,33,Male,North,Bachelor,Mid,120,2,53.23,2.0,1,7,10,4.0,Month-to-Month,1,0,0,None,Sure Thing,0
CUST03290,36,Male,East,Master,Mid,19,4,42.62,10.0,0,9,7,4.0,Month-to-Month,1,1,1,Loyalty Bonus,Persuadable,0
CUST03023,35,Male,East,Bachelor,Low,30,2,64.65,1.0,1,13,86,4.0,Month-to-Month,1,3,1,Discount,Sleeping Dog,1
CUST03060,35,Male,South,Bachelor,Mid,33,1,38.55,1.0,1,9,1,4.0,Month-to-Month,1,0,0,None,Sure Thing,0
CUST02987,38,Male,South,Bachelor,Mid,18,1,37.45,30.0,0,11,2,5.0,One Year,0,3,1,Free Upgrade,Lost Cause,0
CUST03015,32,Female,North,Master,Upper-Mid,59,1,1510.2621066887573,0.0,0,3,23,,Month-to-Month,1,2,1,Discount,Sure Thing,1
CUST02186,58,Male,South,Diploma,Mid,60,2,54.93,0.0,1,9,1,4.0,One Year,0,2,1,Discount,Sure Thing,0
CUST03162,45,Male,West,PhD,High,110,3,389.81,0.0,0,6,1,4.0,Month-to-Month,0,0,0,None,Sure Thing,0
CUST01601,37,Female,West,,Mid,24,1,272.82,15.0,0,7,6,3.0,Month-to-Month,1,2,1,Discount,Sleeping Dog,1
CUST03088,54,Female,East,,High,3,2,118.18,10.0,2,11,20,5.0,One Year,1,0,1,Discount,Sure Thing,0
CUST01960,42,Male,North,High School,Upper-Mid,16,1,46.75,5.0,1,10,4,3.0,Month-to-Month,0,0,1,Loyalty Bonus,Sleeping Dog,1
CUST00480,53,Female,North,PhD,Upper-Mid,18,1,29.9,1.0,1,8,29,1.0,One Year,1,0,0,None,Sleeping Dog,1
CUST02700,55,Female,Central,Diploma,Mid,5,2,67.63,0.0,3,8,11,3.0,Month-to-Month,1,1,1,Loyalty Bonus,Sure Thing,0
CUST02593,39,Male,Central,High School,,8,1,40.36,10.0,0,11,16,,One Year,0,1,0,None,Persuadable,1
CUST00362,58,Female,West,Bachelor,Lower-Mid,61,2,36.52,10.0,3,8,22,4.0,Two Year,1,1,1,Discount,Sleeping Dog,0
CUST02715,44,Female,Central,Bachelor,Lower-Mid,33,1,123.43,2.0,0,11,72,5.0,Two Year,0,0,1,Free Upgrade,Sure Thing,0
CUST00663,39,Male,East,Bachelor,Upper-Mid,3,2,41.09,3.0,1,6,15,1.0,One Year,0,3,1,Free Upgrade,Sleeping Dog,1
CUST03448,30,Female,West,Bachelor,Mid,27,1,71.52,0.0,1,12,30,3.0,One Year,0,0,1,Loyalty Bonus,Persuadable,0
CUST00486,22,Female,South,Diploma,Upper-Mid,1,4,52.87,3.0,1,7,3,1.0,Month-to-Month,0,0,0,None,Sleeping Dog,1
CUST03306,52,Male,Central,Bachelor,Mid,9,4,29.19,7.0,1,4,43,2.0,Two Year,0,1,1,Discount,Lost Cause,0
CUST01694,23,Male,South,Diploma,Lower-Mid,30,2,24.6,10.0,0,5,14,5.0,One Year,1,2,0,None,Lost Cause,0
CUST01538,33,Female,North,Diploma,Mid,56,2,279.89,0.0,1,5,10,4.0,Month-to-Month,0,1,0,None,Persuadable,0
CUST01115,41,Male,West,Bachelor,Upper-Mid,25,2,21.42,15.0,1,9,39,4.0,Month-to-Month,1,3,0,None,Persuadable,1
CUST01167,56,Male,South,Bachelor,Mid,22,3,75.51,30.0,2,4,10,2.0,One Year,0,1,0,None,Persuadable,1
CUST01306,29,Female,West,Bachelor,Mid,13,2,22.45,0.0,0,6,18,2.0,Month-to-Month,1,0,0,None,Sleeping Dog,1
CUST02961,30,Male,North,Master,Low,27,2,66.58,15.0,3,10,8,4.0,Month-to-Month,1,1,0,None,Sure Thing,1
CUST03271,37,Female,West,Bachelor,Mid,64,2,80.16,2.0,3,4,5,4.0,Two Year,1,0,0,None,Sleeping Dog,0
CUST01189,46,Male,South,,Mid,5,1,77.33,15.0,0,6,19,4.0,Month-to-Month,1,2,1,Personal Outreach,Sure Thing,1
CUST01672,35,Male,East,Master,High,49,2,27.22,30.0,0,8,23,2.0,One Year,1,0,0,None,Persuadable,1
CUST01490,55,Female,West,Bachelor,Upper-Mid,25,3,23.17,0.0,1,10,24,4.0,Month-to-Month,1,0,1,Discount,Sure Thing,1
CUST03150,29,Female,South,Bachelor,Mid,1,3,35.09,0.0,3,5,9,4.0,One Year,0,1,1,Loyalty Bonus,Sure Thing,0
CUST01853,25,Female,East,Diploma,Upper-Mid,15,1,170.26,30.0,4,8,4,4.0,Month-to-Month,1,1,1,Discount,Persuadable,1
CUST00633,38,Female,East,Master,Lower-Mid,14,1,80.4,7.0,1,4,2,5.0,Two Year,0,0,1,Loyalty Bonus,Persuadable,0
CUST02554,44,Male,South,High School,High,19,4,38.56,1.0,1,9,4,5.0,Two Year,0,0,1,Free Upgrade,Lost Cause,0
CUST01307,40,Female,West,Bachelor,Lower-Mid,21,2,51.62,5.0,0,8,7,4.0,Month-to-Month,1,1,1,Free Upgrade,Sleeping Dog,1
CUST00132,40,Male,South,,Mid,39,3,64.37,3.0,2,4,15,2.0,Month-to-Month,1,0,1,Loyalty Bonus,Persuadable,1
CUST01085,44,Female,South,High School,Mid,63,2,37.1,5.0,1,7,3,4.0,Month-to-Month,0,0,0,None,Persuadable,0
CUST03166,18,Male,Central,,Mid,56,3,58.95,3.0,0,9,14,3.0,Month-to-Month,1,0,0,None,Lost Cause,1
CUST01147,26,Female,South,Master,Lower-Mid,38,4,157.37,3.0,2,6,16,5.0,Month-to-Month,1,0,0,None,Sleeping Dog,0
CUST02508,54,Male,Central,Diploma,,30,1,41.84,15.0,1,8,17,5.0,Month-to-Month,0,0,1,Discount,Sleeping Dog,1
CUST00451,39,Male,Central,Diploma,Lower-Mid,12,2,132.1,3.0,1,11,1,1.0,Month-to-Month,0,1,1,Free Upgrade,Sure Thing,1
CUST03440,43,Female,East,Bachelor,High,2,4,109.03,2.0,0,10,23,4.0,Two Year,0,1,1,Free Upgrade,Sure Thing,0
CUST00514,29,Female,West,Bachelor,Mid,19,2,74.32,,1,7,9,5.0,Two Year,0,1,0,None,Persuadable,0
CUST01471,54,Male,South,Bachelor,Lower-Mid,10,2,150.23,5.0,2,4,62,4.0,Two Year,1,1,0,None,Sleeping Dog,0
CUST01846,27,Female,South,High School,Mid,65,1,57.26,5.0,0,8,46,5.0,Month-to-Month,1,1,0,None,Sleeping Dog,0
CUST02974,63,Female,South,Bachelor,Mid,11,1,31.9,,0,7,6,2.0,Month-to-Month,0,0,0,None,Sure Thing,1
CUST01777,32,Male,South,High School,Mid,7,2,50.07,10.0,2,12,1,1.0,Two Year,0,0,1,Free Upgrade,Sure Thing,1
CUST03493,45,Female,North,High School,Mid,18,1,42.98,3.0,1,8,45,,One Year,1,1,0,None,Sleeping Dog,1
CUST01182,56,Male,Central,High School,Lower-Mid,9,2,67.68,10.0,2,8,5,3.0,One Year,1,0,0,None,Persuadable,1
CUST00570,35,Male,West,Master,Upper-Mid,16,2,50.03,5.0,2,7,3,1.0,Month-to-Month,0,0,1,Personal Outreach,Lost Cause,1
CUST01468,44,Male,South,Master,Mid,1,3,106.86,0.0,1,7,14,5.0,One Year,1,1,1,Personal Outreach,Sleeping Dog,0
CUST01869,26,Male,East,Bachelor,Upper-Mid,26,1,42.89,0.0,2,8,8,5.0,Month-to-Month,1,1,0,None,Persuadable,0
CUST00893,52,M,South,Master,Lower-Mid,2,1,35.29,3.0,2,3,13,4.0,Month-to-Month,0,1,1,Discount,Sleeping Dog,1
CUST02041,31,Female,East,High School,Lower-Mid,24,1,41.81,0.0,0,12,13,3.0,Month-to-Month,1,1,0,None,Sleeping Dog,0
CUST00080,18,Male,West,Bachelor,Upper-Mid,13,2,156.06,3.0,1,9,7,2.0,Month-to-Month,0,1,0,None,Sleeping Dog,1
CUST01074,24,Male,East,Master,Mid,35,4,73.87,1.0,1,10,3,4.0,Month-to-Month,1,1,0,None,Sure Thing,0
CUST02817,45,Male,East,Bachelor,Mid,3,1,131.33,15.0,0,9,50,4.0,One Year,1,1,0,None,Sure Thing,1
CUST02596,18,Male,West,Master,Mid,52,3,82.41,1.0,0,8,14,5.0,Two Year,1,0,0,None,Sure Thing,0
CUST03432,56,Male,Central,Bachelor,,3,1,104.98,1.0,1,9,1,5.0,One Year,1,1,1,Personal Outreach,Sure Thing,0
CUST01079,58,Male,South,Master,Lower-Mid,32,1,120.4,5.0,2,8,4,3.0,One Year,0,1,0,None,Sleeping Dog,1
CUST00413,21,Female,East,Diploma,Lower-Mid,112,1,33.75,2.0,0,3,14,,Month-to-Month,0,0,1,Discount,Sure Thing,0
CUST01223,47,Female,West,Bachelor,Lower-Mid,57,1,145.99,10.0,0,16,8,3.0,One Year,0,1,1,Loyalty Bonus,Persuadable,0
CUST03272,29,Female,South,Bachelor,Upper-Mid,10,1,54.36,0.0,1,9,21,2.0,Two Year,0,2,0,None,Sleeping Dog,0
CUST02221,35,Male,South,Bachelor,Upper-Mid,4,2,43.82,30.0,5,4,19,4.0,Two Year,1,1,0,None,Persuadable,1
CUST00326,25,Other,North,High School,Upper-Mid,7,2,137.58,30.0,2,5,14,3.0,Month-to-Month,1,1,0,None,Persuadable,1
CUST03261,37,Male,Central,High School,Upper-Mid,20,1,64.67,0.0,3,9,2,3.0,Two Year,1,0,0,None,Sleeping Dog,0
CUST01265,42,Male,Central,Bachelor,Upper-Mid,32,2,27.97,5.0,1,4,21,3.0,Month-to-Month,1,3,1,Loyalty Bonus,Sure Thing,1
CUST01172,43,Female,West,Master,Upper-Mid,13,3,79.29,0.0,0,7,22,5.0,Month-to-Month,0,1,0,None,Sleeping Dog,0
CUST01891,46,Female,East,Bachelor,Mid,3,3,36.69,15.0,1,10,9,1.0,Month-to-Month,1,1,1,Discount,Persuadable,0
CUST03155,27,Male,Central,Bachelor,High,25,2,42.57,10.0,0,5,55,4.0,Month-to-Month,1,2,1,Personal Outreach,Lost Cause,1
CUST00415,43,Other,Central,Diploma,Low,103,1,75.31,2.0,2,12,32,4.0,Month-to-Month,0,1,0,None,Sure Thing,0
CUST02404,36,Female,Central,Bachelor,Low,24,2,41.42,0.0,2,12,11,1.0,One Year,0,2,1,Discount,Persuadable,0
CUST00688,35,Male,Central,PhD,Upper-Mid,109,1,225.3,3.0,0,9,9,5.0,One Year,0,1,1,Free Upgrade,Persuadable,0
CUST00986,26,Male,North,Bachelor,High,21,3,39.35,0.0,0,4,4,5.0,Month-to-Month,1,1,1,Personal Outreach,Persuadable,0
CUST00181,47,Female,West,Diploma,Upper-Mid,19,3,44.13,,1,9,17,5.0,One Year,1,2,1,Personal Outreach,Lost Cause,0
CUST01123,47,Male,South,Master,Mid,38,1,135.39,0.0,0,6,18,4.0,Month-to-Month,0,1,1,Free Upgrade,Sleeping Dog,1
CUST02318,32,Male,South,Diploma,Lower-Mid,38,3,37.73,15.0,1,8,27,3.0,Month-to-Month,0,0,0,None,Sleeping Dog,1
CUST02556,46,Male,North,Bachelor,Low,1,1,86.84,10.0,4,9,13,3.0,One Year,0,1,0,None,Persuadable,1
CUST03334,46,Female,South,High School,Mid,19,2,67.82,0.0,1,6,7,3.0,Two Year,0,2,0,None,Sure Thing,0
CUST00562,64,F,East,Diploma,Low,8,4,56.43,0.0,0,7,22,1.0,One Year,0,1,0,None,Persuadable,1
CUST03130,35,Female,North,High School,Upper-Mid,26,1,47.72,2.0,3,10,5,4.0,One Year,1,0,0,None,Sleeping Dog,0
CUST00936,33,Male,North,Bachelor,Low,37,2,136.26,0.0,3,4,30,2.0,Month-to-Month,1,0,1,Personal Outreach,Sure Thing,1
CUST02671,31,Male,West,Bachelor,Low,30,2,117.58,1.0,3,9,1,5.0,One Year,1,2,1,Loyalty Bonus,Sleeping Dog,0
CUST00071,44,Female,West,Master,Lower-Mid,22,2,80.15,2.0,0,5,27,4.0,One Year,1,1,1,Loyalty Bonus,Sleeping Dog,0
CUST00601,49,Female,North,Diploma,Lower-Mid,34,1,79.76,30.0,0,11,21,4.0,Month-to-Month,1,0,1,Free Upgrade,Persuadable,1
CUST00201,44,Male,South,Bachelor,Low,27,1,31.02,30.0,2,13,11,,Two Year,1,2,0,None,Sure Thing,0
CUST03076,61,Other,West,Master,High,49,2,43.38,0.0,0,7,54,5.0,One Year,1,2,1,Free Upgrade,Lost Cause,0
CUST01097,40,Female,South,High School,Upper-Mid,11,1,46.2,7.0,2,8,19,3.0,Month-to-Month,0,0,0,None,Sure Thing,1
CUST02847,32,Male,Central,Bachelor,Mid,26,2,51.41,0.0,2,7,101,4.0,Two Year,1,0,0,None,Sure Thing,0
CUST02420,24,Male,North,Master,Mid,13,4,78.34,10.0,5,7,35,5.0,One Year,1,1,0,None,Lost Cause,0
CUST01184,21,Male,Central,Bachelor,,44,2,51.68,0.0,2,10,2,1.0,Two Year,0,1,0,None,Sleeping Dog,0
CUST01448,47,Other,South,Bachelor,Mid,5,3,152.11,5.0,0,7,3,1.0,Two Year,0,1,1,Discount,Sure Thing,0
CUST03009,52,Male,South,Diploma,Mid,19,1,47.64,5.0,0,8,5,4.0,Two Year,1,1,1,Discount,Persuadable,0
CUST02711,30,Female,Central,Bachelor,Low,14,2,22.04,2.0,0,4,1,3.0,Month-to-Month,1,1,1,Personal Outreach,Sleeping Dog,1
CUST02613,37,Male,South,Master,Upper-Mid,87,4,78.56,30.0,1,6,18,2.0,One Year,1,0,0,None,Sure Thing,1
CUST01623,51,Female,West,Master,Upper-Mid,68,2,63.77,5.0,3,7,31,3.0,Month-to-Month,1,1,0,None,Persuadable,0
CUST01947,44,Male,South,Bachelor,,9,1,97.1,0.0,2,10,31,5.0,Month-to-Month,1,0,0,None,Sure Thing,0
CUST02855,54,Female,West,Master,Upper-Mid,87,1,83.92,7.0,0,9,27,2.0,Month-to-Month,0,0,0,None,Sleeping Dog,1
CUST03178,33,Male,East,Bachelor,Mid,55,2,46.52,,1,9,22,4.0,Two Year,1,4,1,Free Upgrade,Sure Thing,0
CUST02259,18,Female,South,Bachelor,Low,32,4,26.06,15.0,1,7,7,3.0,Two Year,1,0,0,None,Persuadable,0
CUST01612,21,Female,North,Bachelor,Low,6,4,103.17,0.0,1,9,9,2.0,One Year,0,0,1,Discount,Persuadable,1
CUST02437,38,Female,East,Bachelor,Low,2,1,38.26,15.0,1,10,7,3.0,Month-to-Month,1,0,1,Personal Outreach,Sleeping Dog,1
CUST02558,40,FEMALE,North,Bachelor,Low,1,1,68.25,10.0,1,7,15,,Two Year,0,1,1,Discount,Sure Thing,1
CUST01783,21,Male,North,Master,Lower-Mid,43,1,35.27,15.0,1,10,7,5.0,Month-to-Month,1,2,0,None,Sleeping Dog,1
CUST03328,32,Female,East,Bachelor,High,12,2,52.74,5.0,2,3,8,5.0,One Year,0,1,0,None,Sleeping Dog,0
CUST00434,48,Female,North,Bachelor,Mid,16,2,33.65,10.0,3,10,26,3.0,Month-to-Month,0,0,1,Discount,Sure Thing,1
CUST00563,50,Female,North,Master,,13,4,85.97,30.0,1,9,15,2.0,Month-to-Month,1,1,0,None,Sleeping Dog,0
CUST00347,22,Female,Central,Bachelor,High,2,3,40.78,0.0,1,6,1,1.0,Month-to-Month,0,0,1,Loyalty Bonus,Sure Thing,1
CUST02372,33,Male,South,Diploma,Upper-Mid,29,2,83.6,1.0,3,9,20,3.0,Two Year,0,2,1,Loyalty Bonus,Persuadable,0
CUST02514,36,Male,Central,Master,Mid,9,1,55.78,15.0,2,12,29,3.0,One Year,0,0,0,None,Sure Thing,1
CUST01643,39,Female,North,Master,Low,43,2,43.99,1.0,1,5,4,5.0,Month-to-Month,0,1,0,None,Sleeping Dog,1
CUST03472,39,Female,East,Bachelor,Upper-Mid,7,3,110.78,3.0,1,8,4,5.0,One Year,1,1,0,None,Sleeping Dog,0
CUST02169,37,Female,West,High School,Low,13,1,91.41,0.0,2,6,11,,One Year,1,2,1,Free Upgrade,Sleeping Dog,0
CUST03126,48,Female,North,High School,Upper-Mid,5,2,108.25,0.0,0,7,15,5.0,Month-to-Month,1,1,1,Free Upgrade,Sure Thing,0
CUST01806,20,Male,North,High School,High,44,1,131.04,3.0,0,4,67,4.0,Month-to-Month,0,1,0,None,Sleeping Dog,0
CUST00980,49,Male,East,High School,Mid,15,2,66.34,5.0,2,8,6,3.0,Two Year,1,0,0,None,Sure Thing,0
CUST02362,23,Male,South,Bachelor,Upper-Mid,12,2,43.74,30.0,1,5,8,4.0,One Year,1,0,0,None,Persuadable,1
CUST02135,35,Female,Central,,Mid,34,4,30.79,15.0,0,7,13,,One Year,0,0,0,None,Sleeping Dog,1
CUST01016,42,Male,West,Master,Low,27,2,38.68,0.0,2,8,13,4.0,Month-to-Month,1,1,0,None,Lost Cause,0
CUST00269,34,Male,West,High School,Mid,1,2,95.27,30.0,1,12,1,1.0,Two Year,1,2,0,None,Sleeping Dog,0
CUST00031,32,Male,South,High School,Mid,23,2,147.87,30.0,3,3,1,2.0,Two Year,1,2,1,Free Upgrade,Persuadable,0
CUST01160,36,Male,Central,High School,High,17,1,91.45,,0,10,8,5.0,Month-to-Month,1,1,0,None,Lost Cause,0
CUST02445,33,Female,West,Bachelor,Upper-Mid,10,1,67.25,5.0,1,12,18,3.0,One Year,1,1,1,Discount,Persuadable,0
CUST01219,29,Male,North,Diploma,Mid,21,2,42.96,1.0,0,6,5,4.0,Month-to-Month,1,2,0,None,Sleeping Dog,0
CUST01096,39,Male,West,Bachelor,Lower-Mid,6,1,83.3,7.0,0,7,22,4.0,One Year,0,0,0,None,Persuadable,0
CUST02658,50,Male,South,PhD,Lower-Mid,17,3,36.43,1.0,1,4,29,4.0,One Year,1,0,0,None,Lost Cause,0
CUST01114,45,Male,East,Master,Upper-Mid,39,3,58.9,0.0,0,17,9,4.0,One Year,1,1,0,None,Sure Thing,0
CUST01253,18,Male,Central,Bachelor,Upper-Mid,50,1,291.26,,0,5,1,3.0,Two Year,1,1,0,None,Persuadable,0
CUST02670,47,Male,North,Diploma,Mid,4,2,108.87,0.0,2,11,63,5.0,Month-to-Month,1,1,0,None,Lost Cause,0
CUST01224,44,Female,South,Master,Lower-Mid,17,1,119.64,3.0,0,5,4,1.0,Month-to-Month,1,1,0,None,Sure Thing,1
CUST01464,29,Female,North,High School,High,10,1,45.19,1.0,2,10,12,4.0,Two Year,1,1,1,Loyalty Bonus,Lost Cause,0
CUST01304,30,Male,West,Bachelor,Upper-Mid,13,3,30.66,5.0,2,8,3,3.0,One Year,1,1,1,Discount,Sleeping Dog,0
CUST02487,35,Male,East,Diploma,Lower-Mid,7,2,34.4,3.0,2,10,38,1.0,Month-to-Month,1,0,1,Discount,Sleeping Dog,1
CUST02462,48,Male,West,High School,Mid,3,2,56.03,0.0,0,7,5,4.0,Month-to-Month,0,0,1,Free Upgrade,Sure Thing,1
CUST02918,48,Female,West,Bachelor,Mid,6,2,56.76,30.0,2,7,14,2.0,One Year,0,2,1,Loyalty Bonus,Persuadable,1
CUST03487,58,Male,Central,Master,Mid,17,3,83.09,15.0,1,8,17,2.0,Month-to-Month,1,1,1,Free Upgrade,Sleeping Dog,1
CUST01460,48,Male,North,High School,Mid,38,1,96.23,7.0,2,15,42,4.0,Month-to-Month,1,0,0,None,Sure Thing,1
CUST01784,49,Male,West,Bachelor,Mid,104,1,77.59,15.0,3,11,24,4.0,One Year,1,1,1,Loyalty Bonus,Sure Thing,0
CUST02733,46,Male,West,High School,Mid,56,1,101.25,30.0,1,9,125,4.0,One Year,0,2,0,None,Persuadable,0
CUST00306,41,Male,West,Bachelor,Mid,11,1,87.67,0.0,1,7,18,4.0,Month-to-Month,1,1,0,None,Sleeping Dog,1
CUST00315,55,Male,Central,Bachelor,Low,1,4,34.84,15.0,1,3,14,3.0,Two Year,1,1,1,Loyalty Bonus,Persuadable,0
CUST02916,62,Male,South,Bachelor,High,32,3,61.95,30.0,0,8,16,3.0,One Year,1,1,0,None,Sure Thing,0
CUST00859,33,Female,East,Diploma,Lower-Mid,84,3,86.32,,0,5,1,5.0,One Year,1,0,0,None,Sleeping Dog,0
CUST03093,38,Female,Central,Master,,1,1,66.95,0.0,1,12,25,2.0,Two Year,0,0,0,None,Sure Thing,1
CUST02480,48,Male,West,,High,26,1,272.38,15.0,0,10,14,5.0,Month-to-Month,0,1,1,Personal Outreach,Lost Cause,1
CUST00284,25,Female,West,Diploma,Mid,71,4,32.79,0.0,0,5,22,4.0,Two Year,1,0,1,Loyalty Bonus,Sleeping Dog,0
CUST00416,31,Male,North,Master,Mid,1,3,18.47,2.0,3,10,2,4.0,Two Year,1,0,0,None,Sleeping Dog,1
CUST01633,32,Male,East,Master,High,15,2,188.73,30.0,0,7,23,1.0,Month-to-Month,1,1,0,None,Sleeping Dog,1
CUST01990,45,Male,North,Master,High,21,1,72.85,1.0,2,6,1,1.0,Month-to-Month,0,1,0,None,Persuadable,1
CUST03269,42,Male,Central,Master,Low,41,2,76.51,10.0,1,7,44,3.0,One Year,1,1,0,None,Persuadable,0
CUST00513,37,Female,North,Bachelor,Mid,24,4,58.4,2.0,1,5,44,5.0,Month-to-Month,1,0,0,None,Lost Cause,0
CUST01833,51,Male,Central,,Upper-Mid,17,3,70.37,10.0,1,5,1,5.0,Month-to-Month,0,0,0,None,Persuadable,0
CUST00033,39,Female,East,Diploma,Mid,13,3,57.41,30.0,0,9,1,4.0,Month-to-Month,1,2,1,Discount,Persuadable,0
CUST01470,45,Female,South,Bachelor,Upper-Mid,15,1,123.01,7.0,1,9,45,4.0,One Year,1,2,0,None,Sleeping Dog,0
CUST01701,44,Male,Central,Master,Upper-Mid,8,4,49.26,15.0,0,14,1,3.0,Two Year,0,2,1,Discount,Sure Thing,0
CUST00695,47,Female,West,Bachelor,Mid,7,3,24.21,0.0,0,7,37,2.0,Month-to-Month,1,0,1,Discount,Sleeping Dog,1
CUST01069,34,Male,West,,High,12,2,37.6,0.0,1,6,10,4.0,One Year,1,2,0,None,Lost Cause,1
CUST00241,30,Male,South,Diploma,Lower-Mid,94,1,96.61,30.0,1,6,7,3.0,Month-to-Month,1,1,1,Discount,Sure Thing,0
CUST03129,40,Female,North,Bachelor,Mid,4,2,63.22,1.0,1,6,26,4.0,One Year,1,0,0,None,Sleeping Dog,1
CUST02324,60,Male,North,Bachelor,Upper-Mid,24,1,68.72,3.0,3,10,33,3.0,One Year,0,1,1,Loyalty Bonus,Sure Thing,1
CUST01399,54,Female,South,Diploma,Mid,10,4,170.63,15.0,2,7,1,4.0,One Year,0,1,1,Loyalty Bonus,Lost Cause,1
CUST03179,51,Male,East,Bachelor,Lower-Mid,44,1,41.42,0.0,2,5,3,4.0,Two Year,1,1,1,Free Upgrade,Persuadable,0
CUST02979,46,Male,Central,Bachelor,Low,1,2,50.5,3.0,2,10,1,1.0,Month-to-Month,0,1,0,None,Sure Thing,1
CUST02501,46,Male,South,Bachelor,Mid,12,2,78.77,2.0,1,9,4,3.0,One Year,1,0,1,Free Upgrade,Lost Cause,1
CUST01636,35,Male,North,Master,Lower-Mid,4,2,41.22,2.0,1,8,3,1.0,One Year,0,0,0,None,Lost Cause,1
CUST01516,38,Male,East,Master,Lower-Mid,85,4,164.64,2.0,2,10,26,1.0,Month-to-Month,1,2,1,Personal Outreach,Persuadable,0
CUST00982,45,Male,West,Bachelor,Mid,65,4,70.99,5.0,2,7,47,5.0,One Year,1,0,0,None,Persuadable,0
CUST00677,26,Female,Central,Diploma,Lower-Mid,21,3,103.41,,2,6,3,4.0,Month-to-Month,1,1,0,None,Sure Thing,1
CUST02037,44,Female,Central,Diploma,Upper-Mid,6,1,115.69,0.0,2,6,11,5.0,One Year,1,1,0,None,Sleeping Dog,1
CUST02805,38,Female,North,Master,Mid,50,1,119.33,0.0,2,6,6,,Month-to-Month,1,2,0,None,Persuadable,1
CUST01579,31,Male,East,PhD,Upper-Mid,11,1,45.83,3.0,2,9,31,5.0,One Year,0,0,1,Discount,Sleeping Dog,0
CUST03402,46,Female,North,Master,Lower-Mid,14,2,85.79,,0,7,2,3.0,One Year,0,2,0,None,Sleeping Dog,0
CUST01321,40,Female,South,Bachelor,Upper-Mid,6,1,84.04,3.0,0,2,15,2.0,One Year,1,1,0,None,Persuadable,1
CUST03159,55,Male,East,Bachelor,Mid,29,2,67.37,15.0,0,5,28,3.0,One Year,1,2,1,Discount,Sure Thing,1
CUST02909,34,Female,North,PhD,High,10,1,51.54,5.0,1,4,2,2.0,Month-to-Month,1,2,0,None,Persuadable,0
CUST02137,41,Male,West,Master,Mid,1,2,52.0,7.0,1,7,6,2.0,One Year,0,1,1,Personal Outreach,Persuadable,1
CUST00281,41,Female,East,High School,Upper-Mid,21,1,66.41,0.0,1,12,15,4.0,One Year,0,0,0,None,Persuadable,1
CUST00218,37,Female,Central,High School,Lower-Mid,42,1,16.84,0.0,2,9,15,4.0,Month-to-Month,0,2,0,None,Sure Thing,1
CUST02727,52,Female,Central,Bachelor,High,38,2,94.74,2.0,2,5,172,5.0,Month-to-Month,1,1,0,None,Sleeping Dog,0
CUST00659,42,Male,West,Bachelor,Low,24,2,79.52,0.0,2,7,8,4.0,Month-to-Month,0,1,1,Discount,Sleeping Dog,0
CUST02107,29,Female,South,High School,Lower-Mid,93,4,50.95,1.0,0,6,77,4.0,One Year,1,0,0,None,Sure Thing,0
CUST01421,46,Male,Central,Master,Low,1,1,24.87,,1,6,11,4.0,Month-to-Month,0,1,0,None,Persuadable,1
CUST02231,31,Male,South,Bachelor,Upper-Mid,59,3,43.09,0.0,3,10,29,3.0,Month-to-Month,1,0,0,None,Sleeping Dog,0
CUST01154,24,Female,East,Bachelor,High,39,2,63.58,3.0,1,6,1,1.0,Month-to-Month,0,0,0,None,Persuadable,1
CUST03042,41,Male,West,PhD,Lower-Mid,8,2,57.88,2.0,2,11,36,5.0,One Year,0,0,1,Discount,Sleeping Dog,0
CUST02793,35,Female,North,High School,Mid,3,4,329.24,15.0,1,8,22,2.0,Month-to-Month,0,0,1,Discount,Sleeping Dog,1
CUST03124,35,Female,West,High School,Mid,13,1,71.42,1.0,1,13,5,3.0,Month-to-Month,0,1,1,Loyalty Bonus,Lost Cause,1
CUST00730,30,Other,East,Bachelor,Upper-Mid,42,1,32.64,3.0,0,7,12,4.0,One Year,1,0,1,Discount,Sure Thing,0
CUST00357,39,Male,North,PhD,Upper-Mid,37,2,223.18,15.0,1,7,2,4.0,Month-to-Month,0,0,0,None,Persuadable,0
CUST00721,43,Male,East,High School,Mid,9,1,63.49,0.0,2,3,30,3.0,Two Year,0,0,1,Discount,Sleeping Dog,0
CUST03190,61,Female,West,Bachelor,Lower-Mid,5,3,26.58,5.0,2,8,38,4.0,Month-to-Month,1,0,1,Free Upgrade,Sleeping Dog,1
CUST00359,43,Male,West,Bachelor,Lower-Mid,3,1,35.74,2.0,0,15,6,3.0,Month-to-Month,0,1,1,Personal Outreach,Persuadable,0
CUST01540,18,Female,West,Bachelor,Lower-Mid,56,3,165.12,,1,8,29,4.0,Month-to-Month,0,1,0,None,Sure Thing,0
CUST00179,36,Male,South,High School,,41,3,66.98,5.0,1,6,12,2.0,Two Year,0,0,1,Discount,Sure Thing,0
CUST03154,35,Male,West,High School,Low,5,2,38.37,30.0,3,5,35,1.0,Two Year,1,0,0,None,Persuadable,1
CUST00700,37,Male,West,Diploma,Low,26,1,31.19,15.0,2,12,11,5.0,Month-to-Month,0,0,0,None,Sleeping Dog,1
CUST00499,29,Male,Central,Bachelor,Mid,6,1,113.16,5.0,0,5,5,3.0,Two Year,1,1,1,Personal Outreach,Persuadable,0
CUST00653,36,Female,East,Bachelor,Low,44,1,89.82,1.0,1,6,13,1.0,Two Year,0,3,0,None,Sleeping Dog,0
CUST01660,53,Female,South,PhD,Low,24,2,46.6,7.0,1,5,28,2.0,Month-to-Month,1,0,1,Free Upgrade,Persuadable,0
CUST01901,48,Male,Central,Master,Mid,39,1,106.42,5.0,0,4,14,4.0,Month-to-Month,1,1,0,None,Sure Thing,0
CUST00667,36,Female,Central,PhD,Mid,25,1,43.7,10.0,0,8,5,4.0,Month-to-Month,1,1,0,None,Sleeping Dog,1
CUST00741,18,Female,North,High School,Lower-Mid,20,1,57.94,5.0,1,8,11,3.0,Month-to-Month,0,1,0,None,Persuadable,1
CUST00692,53,Male,Central,PhD,Upper-Mid,16,1,31.84,10.0,0,10,9,,Month-to-Month,1,1,0,None,Persuadable,1
CUST03183,26,Other,West,Master,Upper-Mid,1,2,35.43,0.0,1,13,15,2.0,One Year,0,0,0,None,Persuadable,1
CUST01972,18,Male,North,Master,Low,24,2,18.9,15.0,2,7,3,3.0,Two Year,0,0,1,Discount,Lost Cause,1
CUST02036,73,Female,Central,Bachelor,Upper-Mid,3,2,96.86,30.0,0,9,3,5.0,One Year,1,0,0,None,Sure Thing,1
CUST01996,52,Female,North,Master,Lower-Mid,14,1,108.44,2.0,1,9,39,4.0,One Year,1,1,1,Personal Outreach,Lost Cause,0
CUST01875,55,Male,North,Diploma,Upper-Mid,10,1,84.22,1.0,0,5,1,4.0,Month-to-Month,0,0,1,Free Upgrade,Sure Thing,1
CUST02230,52,Female,North,Master,High,52,1,74.9,30.0,2,12,5,3.0,One Year,0,1,0,None,Sleeping Dog,0
CUST03163,34,Other,West,Bachelor,Lower-Mid,104,2,53.75,0.0,1,9,11,3.0,Month-to-Month,0,1,1,Loyalty Bonus,Sleeping Dog,0
CUST02428,39,Male,Central,Master,Lower-Mid,89,1,89.41,15.0,1,14,14,3.0,Two Year,0,1,0,None,Sure Thing,0
CUST00940,33,Female,North,Master,High,21,2,70.13,1.0,5,5,1,3.0,Month-to-Month,0,1,1,Discount,Sleeping Dog,1
CUST00363,38,Male,North,High School,Mid,58,1,182.07,10.0,1,8,25,1.0,Month-to-Month,1,0,1,Personal Outreach,Persuadable,0
CUST02944,37,Male,Central,High School,Mid,71,1,43.48,1.0,1,7,13,4.0,One Year,0,1,0,None,Sure Thing,0
CUST01444,24,Male,South,Diploma,High,1,1,24.42,5.0,0,11,40,5.0,Two Year,1,0,1,Loyalty Bonus,Persuadable,0
CUST00803,41,Male,North,Diploma,Lower-Mid,68,1,33.46,10.0,1,10,72,4.0,Month-to-Month,0,1,0,None,Sure Thing,1
CUST00572,60,Female,East,Master,Mid,32,3,72.05,10.0,0,7,22,,One Year,1,2,1,Discount,Sleeping Dog,0
CUST00268,22,Female,South,Diploma,,33,3,62.2,0.0,1,11,10,5.0,Two Year,1,3,0,None,Sure Thing,0
CUST00733,44,Male,South,Bachelor,Mid,1,1,46.84,3.0,4,7,51,4.0,Month-to-Month,0,2,1,Loyalty Bonus,Lost Cause,1
CUST01882,59,Female,East,Bachelor,Low,33,1,40.54,0.0,1,4,21,4.0,Two Year,0,0,0,None,Persuadable,0
CUST02816,49,Female,East,Master,Lower-Mid,1,1,47.24,,1,8,22,3.0,Month-to-Month,0,0,0,None,Lost Cause,1
CUST00802,33,Female,North,Master,Upper-Mid,4,1,36.8,5.0,1,1,10,3.0,Month-to-Month,1,1,0,None,Sure Thing,1
CUST00565,54,Male,East,Bachelor,High,13,2,63.78,15.0,2,6,23,5.0,One Year,1,0,1,Loyalty Bonus,Persuadable,0
CUST01544,34,Female,North,Bachelor,Mid,16,3,32.04,7.0,1,9,5,5.0,Month-to-Month,0,1,1,Free Upgrade,Lost Cause,0
CUST01381,48,Male,West,Master,Mid,41,2,69.7,,2,16,22,4.0,Month-to-Month,0,0,0,None,Sleeping Dog,0
CUST00501,51,Female,East,Master,Upper-Mid,35,2,76.32,10.0,0,10,8,5.0,Month-to-Month,0,1,0,None,Sure Thing,0
CUST01276,41,Female,Central,High School,Low,3,1,73.78,7.0,5,8,16,4.0,One Year,0,1,0,None,Sleeping Dog,1
CUST02836,36,Female,West,Bachelor,Upper-Mid,5,1,78.97,,1,12,7,5.0,Month-to-Month,0,2,0,None,Sleeping Dog,0
CUST02374,46,Male,South,High School,Lower-Mid,47,2,153.37,0.0,4,7,7,3.0,Two Year,1,1,1,Discount,Persuadable,0
CUST02196,32,Male,South,High School,Lower-Mid,32,4,72.68,0.0,2,13,22,2.0,Month-to-Month,1,1,1,Discount,Sure Thing,1
CUST00673,35,Female,West,Bachelor,Upper-Mid,111,2,93.09,5.0,2,7,26,2.0,Month-to-Month,0,0,0,None,Persuadable,1
CUST01594,50,Male,Central,Diploma,High,3,2,95.3,1.0,1,12,27,4.0,Month-to-Month,0,0,0,None,Sleeping Dog,0
CUST00013,42,Male,Central,High School,Mid,5,2,140.43,10.0,4,10,4,3.0,Month-to-Month,1,1,1,Discount,Persuadable,1
CUST00740,52,Female,South,Bachelor,Upper-Mid,12,2,48.43,0.0,0,9,12,5.0,Month-to-Month,1,0,0,None,Persuadable,1
CUST01494,42,Female,West,Master,Mid,83,1,44.45,0.0,1,5,52,5.0,One Year,0,0,0,None,Sure Thing,0
CUST03382,54,Female,East,Bachelor,High,25,1,70.27,,1,8,8,3.0,Month-to-Month,1,2,0,None,Sleeping Dog,0
CUST01011,55,Male,West,Bachelor,Lower-Mid,73,2,100.53,7.0,0,8,8,3.0,Two Year,1,1,0,None,Persuadable,0
CUST01419,58,Male,North,,Mid,8,1,61.07,15.0,3,3,9,1.0,Month-to-Month,0,1,0,None,Sleeping Dog,1
CUST01423,35,Male,Central,Bachelor,Lower-Mid,86,3,78.94,30.0,1,3,5,5.0,Month-to-Month,1,1,0,None,Lost Cause,0
CUST02594,40,Male,North,High School,Mid,32,4,147.56,0.0,0,5,4,5.0,One Year,1,1,1,Loyalty Bonus,Sure Thing,0
CUST01128,30,Male,South,Master,Lower-Mid,5,2,88.86,7.0,2,6,20,3.0,Two Year,0,0,1,Free Upgrade,Lost Cause,0
CUST02877,28,Male,North,Bachelor,Low,120,1,51.94,0.0,1,3,16,2.0,One Year,1,3,0,None,Sleeping Dog,0
CUST00752,23,Male,North,Bachelor,Low,23,1,88.27,7.0,1,5,54,3.0,Month-to-Month,1,1,1,Personal Outreach,Sure Thing,1
CUST02379,35,Male,West,,Mid,4,1,35.17,2.0,2,11,6,4.0,Two Year,1,1,0,None,Sleeping Dog,0
CUST00454,46,Female,North,Bachelor,Upper-Mid,2,1,33.71,10.0,0,7,9,4.0,Month-to-Month,0,1,1,Personal Outreach,Lost Cause,1
CUST02782,32,Female,North,High School,,116,3,33.79,2.0,1,8,7,4.0,One Year,0,3,1,Personal Outreach,Sleeping Dog,0
CUST02393,22,Female,East,High School,Upper-Mid,24,2,191.72,0.0,0,14,18,4.0,Two Year,0,1,1,Discount,Sleeping Dog,0
CUST02602,47,Male,North,Bachelor,Upper-Mid,6,2,11.83,0.0,1,10,49,4.0,Month-to-Month,1,0,1,Discount,Persuadable,0
CUST01398,28,Male,West,Bachelor,High,99,2,206.96,2.0,1,8,5,3.0,Month-to-Month,0,2,0,None,Persuadable,0
CUST00993,37,Female,North,Diploma,Lower-Mid,12,2,49.52,0.0,3,9,14,3.0,Two Year,0,1,1,Personal Outreach,Sure Thing,0
CUST02119,18,Female,East,Master,Mid,14,1,36.52,,3,5,7,,Month-to-Month,1,0,0,None,Sleeping Dog,1
CUST00100,37,Female,North,Master,Upper-Mid,20,2,157.99,0.0,1,9,1,3.0,One Year,0,4,1,Loyalty Bonus,Persuadable,0
CUST03363,18,Male,West,Bachelor,Low,33,1,58.45,15.0,2,7,22,2.0,Month-to-Month,1,1,0,None,Persuadable,1
CUST01553,29,Female,North,,High,7,2,120.38,2.0,1,5,1,4.0,Month-to-Month,1,1,1,Discount,Sure Thing,0
CUST01683,29,Male,West,PhD,Low,2,2,120.48,0.0,0,6,7,4.0,One Year,1,2,0,None,Persuadable,1
CUST03127,18,Male,Central,Bachelor,Upper-Mid,15,2,92.78,1.0,0,12,12,3.0,One Year,0,0,1,Personal Outreach,Sure Thing,0
CUST01651,46,Female,North,Diploma,Lower-Mid,6,2,191.31,5.0,1,12,5,5.0,Two Year,1,0,1,Discount,Persuadable,0
CUST01209,23,Female,West,Diploma,Mid,32,3,26.13,,5,6,12,5.0,Month-to-Month,1,1,0,None,Persuadable,1
CUST03427,43,Male,West,High School,Mid,20,1,33.39,,1,5,16,4.0,Two Year,0,0,0,None,Sure Thing,0
CUST02086,25,Male,North,Diploma,Lower-Mid,41,1,31.22,15.0,0,13,1,5.0,Two Year,1,0,1,Discount,Lost Cause,0
CUST01262,40,Male,Central,Master,,32,2,35.77,0.0,1,6,10,4.0,One Year,1,3,0,None,Sleeping Dog,0
CUST01407,22,Male,Central,Bachelor,Upper-Mid,41,3,91.75,0.0,0,12,42,3.0,Two Year,1,0,1,Free Upgrade,Persuadable,0
CUST02112,38,Female,North,Bachelor,High,1,2,142.89,15.0,1,7,21,4.0,Month-to-Month,1,1,1,Discount,Lost Cause,1
CUST00965,38,Male,South,Bachelor,Lower-Mid,36,1,76.31,10.0,1,8,2,5.0,One Year,1,0,1,Discount,Persuadable,0
CUST03331,50,Male,West,Bachelor,Upper-Mid,120,2,93.04,10.0,0,12,30,4.0,Two Year,1,1,0,None,Sleeping Dog,0
CUST03205,28,Male,West,Bachelor,Lower-Mid,98,1,39.24,0.0,1,9,58,3.0,Month-to-Month,1,3,1,Free Upgrade,Sleeping Dog,0
CUST02643,29,Female,North,Diploma,Low,1,1,29.95,7.0,0,9,25,4.0,Month-to-Month,0,0,0,None,Lost Cause,1
CUST03495,46,Female,North,High School,High,35,2,85.28,3.0,1,8,23,3.0,Month-to-Month,1,0,0,None,Sleeping Dog,1
CUST00708,61,Female,South,High School,Lower-Mid,22,1,43.29,0.0,0,9,106,5.0,Month-to-Month,0,3,1,Loyalty Bonus,Sleeping Dog,1
CUST01294,50,Female,West,Diploma,Upper-Mid,30,1,184.45,2.0,1,10,25,3.0,Month-to-Month,1,0,0,None,Lost Cause,0
CUST02038,33,Female,North,Diploma,High,1,2,61.77,7.0,4,15,25,2.0,Month-to-Month,0,1,0,None,Sleeping Dog,1
CUST00790,20,Male,West,Bachelor,Low,5,3,63.77,7.0,2,8,9,3.0,One Year,1,0,1,Free Upgrade,Sleeping Dog,0
CUST01551,38,Female,North,Master,High,15,2,57.86,2.0,0,8,23,,Two Year,1,1,1,Loyalty Bonus,Sleeping Dog,1
CUST01870,35,Male,West,Bachelor,High,35,2,121.32,2.0,1,6,5,1.0,Month-to-Month,1,0,0,None,Lost Cause,1
CUST02164,53,Female,North,Master,Low,98,1,95.44,0.0,0,6,60,4.0,Two Year,0,1,1,Discount,Sure Thing,0
CUST01158,67,Other,West,,Mid,2,3,44.77,15.0,2,13,5,5.0,Month-to-Month,1,1,0,None,Lost Cause,1
CUST01926,28,Male,East,Bachelor,Lower-Mid,10,2,37.5,0.0,0,7,2,3.0,Month-to-Month,1,2,1,Free Upgrade,Sure Thing,0
CUST00015,19,Male,Central,High School,Mid,4,2,87.38,30.0,2,9,23,5.0,Month-to-Month,0,2,1,Loyalty Bonus,Sure Thing,0
CUST01734,36,Male,West,Bachelor,Lower-Mid,52,2,100.78,1.0,1,8,9,5.0,Two Year,1,0,1,Loyalty Bonus,Sleeping Dog,0
CUST02067,18,Male,North,High School,Upper-Mid,1,1,78.68,0.0,1,13,17,2.0,One Year,0,0,1,Free Upgrade,Sleeping Dog,1
CUST01950,39,Female,West,Diploma,Mid,7,3,129.05,2.0,2,6,3,3.0,Two Year,1,0,0,None,Persuadable,0
CUST01727,33,Male,South,Bachelor,Upper-Mid,31,3,41.61,1.0,0,7,47,4.0,Month-to-Month,0,1,1,Discount,Sleeping Dog,0
CUST03177,22,Female,North,Bachelor,Low,2,1,62.77,0.0,2,11,1,4.0,One Year,1,1,0,None,Lost Cause,0
CUST01293,39,Male,South,Bachelor,Low,40,1,87.9,3.0,1,11,1,1.0,One Year,0,0,1,Personal Outreach,Sure Thing,0
CUST00972,31,Male,East,Diploma,Low,9,3,82.83,10.0,1,8,40,1.0,Month-to-Month,0,0,1,Free Upgrade,Persuadable,1
CUST02919,41,Male,South,High School,Low,8,1,67.25,2.0,2,9,9,3.0,Month-to-Month,0,0,1,Free Upgrade,Sure Thing,1
CUST02221,35,Male,South,Bachelor,Upper-Mid,4,2,43.82,30.0,5,4,19,4.0,Two Year,1,1,0,None,Persuadable,1
CUST00652,53,Male,West,Bachelor,Mid,63,2,142.64,10.0,1,8,7,1.0,Month-to-Month,1,0,0,None,Persuadable,1
CUST02387,37,Other,Central,PhD,Mid,56,1,22.97,5.0,1,10,27,4.0,One Year,0,1,0,None,Sleeping Dog,0
CUST02925,41,Female,Central,PhD,High,22,1,75.44,0.0,5,10,149,4.0,Month-to-Month,1,3,0,None,Persuadable,1
CUST00524,46,Female,South,Master,Mid,53,4,48.79,10.0,3,9,1,2.0,One Year,1,4,1,Loyalty Bonus,Sleeping Dog,0
CUST00204,52,Female,South,,Upper-Mid,50,3,49.21,5.0,2,15,3,5.0,Month-to-Month,0,2,0,None,Lost Cause,0
CUST02547,23,Female,West,Diploma,Upper-Mid,4,1,139.11,5.0,3,6,92,1.0,Month-to-Month,1,1,0,None,Sleeping Dog,1
CUST02532,28,Male,South,Master,Low,18,1,57.26,0.0,5,14,17,4.0,Month-to-Month,0,0,0,None,Sleeping Dog,1
CUST03074,59,Female,South,Bachelor,Lower-Mid,12,1,78.99,30.0,2,5,41,1.0,Month-to-Month,0,3,0,None,Sure Thing,1
CUST01051,32,Male,South,Bachelor,High,99,1,45.48,30.0,3,4,19,4.0,One Year,1,1,1,Personal Outreach,Persuadable,0
CUST01492,70,Female,Central,Bachelor,Mid,8,2,114.93,15.0,1,4,11,4.0,One Year,1,1,1,Free Upgrade,Sure Thing,0
CUST03035,40,Female,South,Master,Low,1,1,94.35,5.0,0,6,7,4.0,Month-to-Month,0,0,0,None,Persuadable,1
CUST00373,57,Male,South,High School,Upper-Mid,1,4,27.3,,0,10,10,4.0,Month-to-Month,1,0,1,Personal Outreach,Sleeping Dog,1
CUST03030,40,Male,North,Diploma,Upper-Mid,68,2,85.48,1.0,1,8,37,2.0,Month-to-Month,1,0,1,Discount,Sleeping Dog,1
CUST02748,26,Female,West,Diploma,Low,9,1,197.96,7.0,0,8,45,2.0,One Year,0,0,0,None,Sleeping Dog,1
CUST00588,29,Female,East,PhD,Upper-Mid,76,2,96.17,15.0,0,12,17,4.0,One Year,1,1,1,Discount,Lost Cause,0
CUST02272,34,Female,North,Diploma,Mid,16,2,100.93,5.0,2,8,5,4.0,Two Year,0,1,0,None,Sure Thing,0
CUST02412,58,Male,Central,Bachelor,Upper-Mid,6,1,86.55,,2,6,2,5.0,Month-to-Month,1,0,1,Free Upgrade,Sleeping Dog,1
CUST03110,18,Male,West,Bachelor,Upper-Mid,52,1,33.19,15.0,1,14,9,3.0,Month-to-Month,0,0,0,None,Sure Thing,1
CUST03164,31,Male,Central,PhD,Low,41,3,23.73,7.0,1,10,18,5.0,Month-to-Month,1,1,0,None,Sure Thing,1
CUST00718,41,Female,East,Bachelor,Lower-Mid,8,3,79.67,10.0,0,3,91,2.0,Two Year,0,1,0,None,Sure Thing,0
CUST01980,44,Male,Central,Bachelor,Mid,6,1,53.99,2.0,1,7,3,3.0,One Year,0,0,1,Free Upgrade,Lost Cause,1
CUST02965,54,Male,East,High School,Low,21,3,63.36,30.0,0,13,30,3.0,Two Year,1,2,0,None,Persuadable,0
CUST03494,33,Male,East,Bachelor,Low,9,2,180.88,1.0,2,10,23,5.0,Month-to-Month,0,3,1,Free Upgrade,Sure Thing,1
CUST00960,45,Male,North,Bachelor,Mid,25,1,84.1,0.0,0,9,14,5.0,Month-to-Month,1,0,1,Free Upgrade,Persuadable,0
CUST02587,24,Female,Central,Bachelor,Mid,20,3,84.59,3.0,1,3,17,3.0,Month-to-Month,0,0,1,Free Upgrade,Persuadable,1
CUST00848,69,Female,West,Bachelor,Mid,28,1,43.25,2.0,1,8,54,5.0,Month-to-Month,0,1,0,None,Sure Thing,1
CUST00225,34,Female,Central,Master,Mid,5,1,56.12,0.0,0,10,11,4.0,Month-to-Month,1,0,0,None,Sleeping Dog,1
CUST01280,36,Male,South,High School,Mid,3,1,60.17,7.0,3,12,5,3.0,Two Year,1,0,1,Free Upgrade,Sure Thing,0
CUST00173,39,Female,West,High School,Mid,74,2,64.29,3.0,1,11,21,1.0,Month-to-Month,0,3,0,None,Persuadable,1
CUST01165,52,Male,East,Diploma,Mid,6,2,35.07,10.0,2,5,10,5.0,Month-to-Month,1,0,0,None,Persuadable,1
CUST00111,18,Male,West,Bachelor,Low,17,1,45.25,10.0,0,6,39,3.0,One Year,0,2,0,None,Persuadable,0
CUST03277,54,Male,West,Bachelor,Low,52,1,105.44,0.0,1,6,9,1.0,Two Year,1,1,0,None,Sleeping Dog,1
CUST02110,47,Male,East,Bachelor,Mid,41,1,72.54,5.0,1,9,10,3.0,Month-to-Month,0,0,1,Discount,Sleeping Dog,1
CUST03025,18,Male,South,PhD,Lower-Mid,35,1,91.48,30.0,2,10,30,,Two Year,1,1,1,Free Upgrade,Sleeping Dog,1
CUST01383,65,Female,West,Bachelor,Lower-Mid,12,2,86.4,0.0,1,12,4,1.0,Two Year,1,1,1,Free Upgrade,Sure Thing,0
CUST00256,34,Male,South,Bachelor,Low,34,1,104.93,5.0,1,7,14,1.0,Month-to-Month,1,0,1,Loyalty Bonus,Persuadable,1
CUST03133,19,Female,East,Master,Mid,18,3,56.51,7.0,2,5,15,3.0,Month-to-Month,0,0,0,None,Sure Thing,1
CUST03429,45,Male,South,Bachelor,Lower-Mid,20,2,48.56,3.0,0,11,17,2.0,Month-to-Month,0,1,1,Free Upgrade,Lost Cause,1
CUST02147,20,Female,West,Diploma,Low,11,1,79.95,10.0,1,11,6,3.0,Month-to-Month,0,1,1,Free Upgrade,Persuadable,0
CUST00855,57,Male,Central,Bachelor,Upper-Mid,37,3,69.74,15.0,1,7,11,5.0,Two Year,0,4,0,None,Persuadable,0
CUST01287,18,Female,East,Master,Lower-Mid,19,1,106.23,3.0,1,11,63,2.0,One Year,1,0,1,Discount,Sleeping Dog,1
CUST01748,46,Other,West,High School,Upper-Mid,100,1,32.71,3.0,0,7,3,4.0,Month-to-Month,1,0,0,None,Sleeping Dog,0
CUST01816,29,Male,North,Bachelor,Mid,13,1,123.74,5.0,1,7,36,4.0,Two Year,0,4,1,Personal Outreach,Persuadable,0
CUST00743,32,Female,East,Bachelor,High,35,2,30.0,,1,10,3,4.0,Month-to-Month,1,0,0,None,Sleeping Dog,1
CUST01852,61,Male,North,Bachelor,Mid,8,2,49.19,30.0,3,9,2,4.0,One Year,0,0,0,None,Sure Thing,1
CUST02692,37,Male,East,High School,Mid,44,1,145.06,0.0,2,6,14,3.0,Two Year,1,2,0,None,Sure Thing,0
CUST00119,53,Male,West,Bachelor,Mid,12,2,54.37,0.0,2,8,22,2.0,One Year,1,0,1,Discount,Sleeping Dog,1
CUST00747,42,Male,North,Bachelor,Low,65,3,98.26,2.0,1,7,25,,Month-to-Month,1,0,0,None,Lost Cause,0
CUST03264,54,Male,Central,Bachelor,Mid,55,3,23.59,15.0,1,8,42,1.0,Month-to-Month,1,1,1,Loyalty Bonus,Lost Cause,1
CUST03224,48,Female,West,PhD,Upper-Mid,38,2,106.46,0.0,3,9,6,2.0,Month-to-Month,1,1,0,None,Persuadable,1
CUST02174,41,Male,North,Bachelor,Upper-Mid,29,2,38.4,30.0,4,9,21,1.0,Month-to-Month,1,1,0,None,Sure Thing,1
CUST01958,75,Female,West,Master,Upper-Mid,55,1,69.49,10.0,2,12,2,4.0,Two Year,0,0,1,Discount,Sleeping Dog,1
CUST00009,34,Male,South,Bachelor,Low,35,2,94.07,5.0,0,8,4,2.0,Month-to-Month,1,0,0,None,Persuadable,1
CUST03439,24,Female,Central,Master,Lower-Mid,17,1,82.81,0.0,0,10,59,,Month-to-Month,1,2,1,Free Upgrade,Sleeping Dog,1
CUST02841,43,Male,South,High School,Upper-Mid,22,2,63.1,10.0,1,16,12,2.0,One Year,1,0,1,Discount,Lost Cause,0
CUST00749,32,male,South,,Upper-Mid,70,2,101.23,10.0,2,6,12,4.0,Month-to-Month,0,3,0,None,Persuadable,1
CUST00737,43,Male,East,High School,Lower-Mid,7,1,51.42,7.0,2,6,53,1.0,Two Year,1,0,1,Discount,Sleeping Dog,1
CUST01749,42,Male,East,Bachelor,Lower-Mid,19,1,32.83,,0,7,28,3.0,One Year,0,1,1,Discount,Persuadable,0
CUST00808,34,Female,North,Master,Upper-Mid,27,2,155.71,5.0,1,7,53,4.0,Month-to-Month,1,1,1,Free Upgrade,Sure Thing,0
CUST02117,37,Female,Central,Master,Lower-Mid,1,2,133.32,10.0,0,4,7,4.0,Month-to-Month,1,3,0,None,Persuadable,1
CUST00738,51,Male,North,PhD,Upper-Mid,17,2,93.72,15.0,3,5,7,1.0,One Year,1,1,1,Free Upgrade,Sure Thing,1
CUST02672,46,Male,Central,Diploma,Mid,20,2,73.17,0.0,4,8,1,5.0,Month-to-Month,1,1,0,None,Persuadable,1
CUST00276,45,Male,West,High School,Mid,33,1,111.01,0.0,0,10,26,3.0,Month-to-Month,1,0,0,None,Sleeping Dog,1
CUST03027,42,Female,East,Diploma,Mid,40,2,33.02,0.0,2,7,9,3.0,Month-to-Month,0,2,0,None,Lost Cause,0
CUST00719,35,Female,South,Bachelor,Upper-Mid,89,2,100.84,0.0,1,10,6,4.0,One Year,1,0,0,None,Lost Cause,0
CUST01263,46,Other,West,Master,Mid,8,2,65.59,5.0,3,10,11,5.0,One Year,1,1,1,Discount,Sleeping Dog,1
CUST01003,40,Male,South,High School,Lower-Mid,34,1,34.25,0.0,2,10,1,2.0,Month-to-Month,1,0,0,None,Sure Thing,1
CUST00443,18,Male,East,Bachelor,Upper-Mid,9,3,70.35,10.0,0,7,7,3.0,Month-to-Month,0,1,0,None,Persuadable,1
CUST02142,40,Male,East,Bachelor,Mid,31,1,21.84,5.0,5,7,11,3.0,Two Year,1,2,1,Discount,Sure Thing,0
CUST02732,60,Male,South,Master,Mid,6,2,78.17,10.0,1,4,10,3.0,Month-to-Month,0,1,0,None,Sure Thing,1
CUST00641,35,Female,West,High School,Mid,77,1,58.66,0.0,2,5,18,1.0,Two Year,1,0,0,None,Sleeping Dog,0
CUST02931,50,Male,North,PhD,Low,22,2,42.57,,0,9,1,1.0,One Year,1,1,1,Discount,Persuadable,0
CUST02799,35,Male,South,Master,Upper-Mid,36,3,174.83,1.0,1,4,25,2.0,One Year,0,0,1,Discount,Sure Thing,1
CUST02235,25,Male,East,High School,Mid,2,2,110.14,15.0,0,8,10,2.0,Month-to-Month,0,0,1,Discount,Sleeping Dog,1
CUST03055,60,Male,West,Master,Lower-Mid,31,2,110.31,3.0,2,7,6,3.0,One Year,1,0,1,Discount,Sure Thing,0
CUST00668,58,Male,North,Master,Upper-Mid,11,3,93.15,10.0,0,12,1,3.0,Month-to-Month,0,0,0,None,Lost Cause,1
CUST02516,43,Male,Central,Master,Lower-Mid,120,1,64.76,,0,8,6,5.0,Month-to-Month,0,0,1,Personal Outreach,Sleeping Dog,1
CUST02617,31,Female,East,Bachelor,Mid,22,2,110.57,7.0,1,7,22,1.0,Month-to-Month,1,1,0,None,Persuadable,1
CUST02595,50,Female,West,Bachelor,Mid,10,2,41.29,7.0,1,6,19,3.0,Two Year,1,0,1,Free Upgrade,Lost Cause,0
CUST00025,33,Male,Central,Diploma,Mid,3,1,104.2,10.0,3,10,1,4.0,Month-to-Month,0,1,0,None,Persuadable,1
CUST01513,31,Female,South,Master,High,18,3,25.52,10.0,0,3,34,2.0,Month-to-Month,0,2,1,Loyalty Bonus,Persuadable,1
CUST00058,36,Female,South,Master,Mid,29,1,109.82,7.0,1,13,53,3.0,Month-to-Month,0,0,1,Discount,Sure Thing,1
CUST02438,49,Male,East,Master,Upper-Mid,25,2,99.15,5.0,2,8,13,1.0,Two Year,0,3,1,Free Upgrade,Lost Cause,0
CUST00191,34,Male,North,Master,Mid,3,1,61.46,3.0,1,9,5,4.0,Month-to-Month,0,1,0,None,Persuadable,1
CUST00801,51,Female,South,Master,Lower-Mid,20,2,139.07,5.0,1,5,16,4.0,Month-to-Month,1,1,1,Free Upgrade,Persuadable,0
CUST03309,61,Male,North,High School,Lower-Mid,9,1,170.75,10.0,1,6,43,5.0,Month-to-Month,1,2,0,None,Persuadable,1
CUST01225,37,Male,Central,Diploma,Mid,101,4,109.93,15.0,0,6,20,3.0,Month-to-Month,1,0,0,None,Lost Cause,0
CUST00493,40,Female,South,Bachelor,Upper-Mid,1,2,232.04,2.0,2,10,27,2.0,Two Year,1,1,1,Loyalty Bonus,Sleeping Dog,0
CUST02229,18,Female,Central,Bachelor,Upper-Mid,95,2,60.96,3.0,3,9,5,3.0,Month-to-Month,1,0,1,Loyalty Bonus,Sleeping Dog,1
CUST02846,26,Male,East,Bachelor,Mid,34,2,289.16,1.0,2,12,25,,One Year,0,0,1,Discount,Persuadable,0
CUST00003,47,Other,South,Master,Mid,16,2,108.91,2.0,2,14,8,4.0,Month-to-Month,1,1,1,Discount,Sleeping Dog,0
CUST00665,31,Male,South,Bachelor,Lower-Mid,72,2,15.41,7.0,0,9,2,2.0,Two Year,0,1,0,None,Lost Cause,0
CUST00842,48,Male,South,Bachelor,Mid,22,2,42.97,7.0,3,6,25,5.0,One Year,0,1,0,None,Sleeping Dog,0
CUST00142,55,Male,East,Master,Lower-Mid,17,2,106.97,7.0,1,5,33,4.0,Month-to-Month,1,2,1,Free Upgrade,Sleeping Dog,1
CUST00168,62,Male,North,,Mid,28,2,53.46,0.0,1,9,19,2.0,Two Year,1,1,0,None,Sleeping Dog,0
CUST02982,55,Male,East,Bachelor,Upper-Mid,120,3,85.5,,1,6,11,,Month-to-Month,1,0,0,None,Sure Thing,0
CUST00613,43,Male,South,Master,Low,14,2,42.53,0.0,1,10,32,5.0,Two Year,0,0,0,None,Sure Thing,0
CUST02162,42,Male,West,Diploma,Lower-Mid,19,3,33.53,0.0,1,11,12,5.0,Month-to-Month,0,0,1,Free Upgrade,Sure Thing,0
CUST01877,33,Female,South,High School,High,9,2,41.69,0.0,2,3,11,4.0,One Year,1,1,0,None,Lost Cause,0
CUST02562,41,Female,East,Bachelor,Mid,10,4,29.81,0.0,3,7,1,3.0,One Year,0,0,1,Discount,Persuadable,1
CUST01832,42,Male,West,Bachelor,Lower-Mid,12,1,98.96,0.0,2,7,10,5.0,Two Year,1,1,0,None,Sure Thing,0
CUST02860,42,Other,South,Master,Low,9,2,100.75,,1,10,6,4.0,Two Year,0,0,0,None,Persuadable,0
CUST00569,18,Female,North,Bachelor,Upper-Mid,39,1,50.89,5.0,2,8,122,3.0,Two Year,1,2,0,None,Lost Cause,0
CUST00891,49,Male,West,Master,Lower-Mid,1,2,55.02,7.0,2,11,4,,Two Year,1,0,1,Discount,Sleeping Dog,0
CUST01959,52,Other,West,High School,Upper-Mid,1,1,117.15,10.0,1,7,2,,Two Year,1,0,1,Free Upgrade,Persuadable,0
CUST01496,64,Male,North,Master,Upper-Mid,39,2,49.01,5.0,0,5,13,5.0,Month-to-Month,1,0,1,Discount,Sure Thing,1
CUST02574,39,Male,South,PhD,Upper-Mid,4,2,86.88,5.0,1,8,5,3.0,Month-to-Month,0,1,1,Loyalty Bonus,Persuadable,1
CUST00768,61,Female,South,Master,Low,1,4,63.74,1.0,2,6,62,4.0,Month-to-Month,1,2,0,None,Sleeping Dog,0
CUST02752,58,Male,North,PhD,Upper-Mid,1,3,30.14,10.0,2,8,7,2.0,Two Year,1,0,0,None,Sleeping Dog,0
CUST00962,55,Male,East,High School,Upper-Mid,41,1,38.26,2.0,1,3,1,1.0,One Year,0,0,0,None,Sure Thing,1
CUST00963,42,Male,North,Bachelor,Low,12,1,55.29,0.0,0,8,22,1.0,One Year,1,1,0,None,Sleeping Dog,1
CUST02312,61,Male,West,Bachelor,Upper-Mid,5,3,139.57,0.0,2,8,3,3.0,One Year,0,2,0,None,Sleeping Dog,0
CUST03105,31,Male,East,Diploma,Mid,36,4,26.91,15.0,0,11,9,5.0,One Year,0,0,1,Discount,Lost Cause,0
CUST01084,64,Female,West,Bachelor,High,30,2,45.68,0.0,1,6,10,4.0,Month-to-Month,1,0,1,Loyalty Bonus,Lost Cause,0
CUST01181,42,Female,East,High School,High,26,2,34.14,0.0,2,10,1,5.0,One Year,1,1,1,Discount,Persuadable,0
CUST01927,18,Male,Central,Bachelor,Lower-Mid,10,2,111.73,15.0,1,8,34,3.0,Month-to-Month,1,0,1,Discount,Sleeping Dog,1
CUST00427,28,Male,South,Master,Low,1,3,36.97,2.0,1,9,46,2.0,Month-to-Month,0,1,1,Discount,Persuadable,1
CUST02422,54,Male,South,Master,Lower-Mid,17,1,55.77,10.0,0,9,1,2.0,Month-to-Month,0,0,1,Free Upgrade,Sleeping Dog,1
CUST02125,40,Male,South,High School,Lower-Mid,4,2,31.84,15.0,1,6,11,3.0,Two Year,0,0,1,Free Upgrade,Sure Thing,1
CUST03206,31,Male,Central,Master,Lower-Mid,25,2,86.72,3.0,1,4,14,3.0,Month-to-Month,1,1,0,None,Lost Cause,1
CUST01715,33,Female,South,Diploma,,2,3,74.98,5.0,0,8,4,4.0,One Year,0,1,0,None,Sure Thing,1
CUST03365,31,Male,East,PhD,Mid,25,2,103.44,10.0,0,14,3,3.0,Month-to-Month,1,1,1,Free Upgrade,Lost Cause,0
CUST00898,41,Male,East,PhD,Low,65,2,30.42,10.0,1,11,2,2.0,Two Year,1,1,0,None,Sure Thing,0
CUST01907,21,Female,South,Diploma,Upper-Mid,16,3,66.72,30.0,2,8,49,3.0,Month-to-Month,0,0,1,Free Upgrade,Sure Thing,1
CUST03257,29,Male,North,Master,Lower-Mid,9,1,151.34,7.0,0,6,10,4.0,One Year,1,1,0,None,Persuadable,0
CUST01858,36,Male,South,High School,Upper-Mid,67,2,47.21,3.0,2,8,16,2.0,Month-to-Month,1,0,0,None,Sleeping Dog,1
CUST00424,51,Female,North,Master,Lower-Mid,15,1,61.27,0.0,5,7,12,4.0,One Year,1,0,0,None,Persuadable,1
CUST01258,45,Female,West,Master,Mid,14,1,48.1,0.0,0,14,33,3.0,Month-to-Month,0,1,1,Loyalty Bonus,Persuadable,0
CUST00579,22,Male,South,Diploma,Mid,1,2,59.04,1.0,0,8,21,5.0,Two Year,0,1,1,Loyalty Bonus,Sure Thing,0
CUST00279,40,Female,South,Diploma,Mid,2,3,49.49,3.0,3,7,14,5.0,Month-to-Month,0,1,1,Free Upgrade,Persuadable,0
CUST00152,44,Male,West,High School,Low,30,3,140.71,7.0,3,6,26,,One Year,1,1,0,None,Sure Thing,0
CUST00379,66,Female,South,Diploma,Lower-Mid,18,4,119.2,7.0,0,9,1,4.0,Month-to-Month,0,1,1,Discount,Persuadable,0
CUST03437,46,Female,West,Bachelor,Mid,17,2,136.63,30.0,1,4,16,4.0,Month-to-Month,0,1,0,None,Sure Thing,1
CUST03097,52,Male,South,High School,Upper-Mid,5,2,25.12,7.0,0,7,10,5.0,Month-to-Month,1,1,0,None,Sure Thing,1
CUST00978,18,Male,North,PhD,Low,12,2,107.68,0.0,2,10,8,5.0,Two Year,1,0,0,None,Sure Thing,0
CUST02767,39,Female,North,,Mid,55,3,42.61,,0,6,16,5.0,One Year,0,0,0,None,Sleeping Dog,0
CUST01439,45,Male,North,PhD,Low,8,1,99.75,15.0,3,3,57,5.0,Month-to-Month,1,0,1,Discount,Sure Thing,1
CUST02427,46,Female,Central,Diploma,,15,3,61.32,,0,9,1,,Month-to-Month,1,2,1,Free Upgrade,Persuadable,0
CUST02900,43,Male,Central,PhD,Lower-Mid,30,1,136.19,7.0,1,8,35,4.0,Two Year,1,0,1,Discount,Sleeping Dog,0
CUST00387,44,Male,North,Bachelor,Low,16,1,33.68,0.0,0,9,24,5.0,Month-to-Month,1,4,1,Loyalty Bonus,Sure Thing,0
CUST02977,55,Male,North,Bachelor,Mid,36,1,152.17,15.0,3,9,3,3.0,Two Year,1,1,0,None,Sleeping Dog,0
CUST03407,48,Male,South,Diploma,Upper-Mid,17,1,62.37,15.0,0,9,25,3.0,Month-to-Month,1,1,1,Loyalty Bonus,Sleeping Dog,1
CUST02103,29,Male,East,Master,High,1,2,77.51,30.0,1,5,28,2.0,Month-to-Month,0,0,1,Loyalty Bonus,Sure Thing,1
CUST02439,34,Female,Central,Bachelor,Lower-Mid,1,3,71.3,2.0,1,6,9,,Month-to-Month,1,1,0,None,Sleeping Dog,1
CUST01754,18,Male,Central,PhD,Mid,1,2,67.37,15.0,1,8,5,5.0,Two Year,1,1,1,Loyalty Bonus,Sleeping Dog,0
CUST00143,20,Other,South,Bachelor,Low,4,3,39.82,0.0,1,9,45,3.0,One Year,0,2,0,None,Persuadable,0
CUST02115,48,Male,West,Diploma,Mid,23,1,131.56,0.0,1,9,7,2.0,Two Year,1,1,1,Free Upgrade,Sure Thing,0
CUST02712,58,Male,Central,Diploma,Upper-Mid,41,1,109.14,2.0,0,6,10,3.0,One Year,1,0,0,None,Sleeping Dog,0
CUST02068,38,Male,East,High School,Mid,18,3,48.49,0.0,0,8,21,2.0,Month-to-Month,1,0,1,Discount,Sleeping Dog,1
CUST00452,51,Female,South,Diploma,Lower-Mid,37,1,55.49,0.0,1,11,12,3.0,One Year,1,1,1,Personal Outreach,Sure Thing,0
CUST01078,34,Female,North,Bachelor,High,24,3,39.8,30.0,3,8,21,4.0,Month-to-Month,1,1,0,None,Sure Thing,1
CUST00834,30,Male,North,High School,Lower-Mid,40,2,99.17,0.0,1,7,1,4.0,Two Year,1,1,0,None,Sure Thing,0
CUST02990,68,Male,North,Master,Upper-Mid,42,2,187.17,5.0,3,11,7,4.0,One Year,1,3,1,Loyalty Bonus,Sleeping Dog,0
CUST02668,25,Female,Central,Diploma,Mid,24,3,108.67,10.0,1,12,20,,One Year,1,0,0,None,Lost Cause,0
CUST03360,28,Male,North,Master,Upper-Mid,21,1,38.83,5.0,0,5,1,3.0,Month-to-Month,1,0,1,Free Upgrade,Lost Cause,1
CUST01789,43,Male,North,Bachelor,Upper-Mid,29,1,45.86,0.0,2,6,10,3.0,Month-to-Month,1,0,0,None,Persuadable,1
CUST02133,48,Male,East,PhD,Upper-Mid,12,4,64.54,10.0,2,7,18,1.0,One Year,0,0,0,None,Sure Thing,1
CUST02484,30,Male,East,Bachelor,Mid,7,1,47.42,2.0,3,12,4,5.0,Month-to-Month,0,2,0,None,Persuadable,1
CUST01269,31,Female,Central,High School,High,106,2,222.22,0.0,3,7,3,5.0,Month-to-Month,1,0,1,Free Upgrade,Sure Thing,0
CUST00457,38,Female,Central,High School,,19,2,113.19,0.0,2,10,12,2.0,Month-to-Month,0,0,0,None,Persuadable,1
CUST01226,38,Male,West,Bachelor,Mid,2,1,54.45,7.0,1,9,24,4.0,One Year,0,1,1,Discount,Lost Cause,1
CUST02773,37,Male,West,Master,Upper-Mid,5,2,243.43,0.0,1,9,56,1.0,Month-to-Month,1,0,0,None,Persuadable,0
CUST02784,27,Female,South,Bachelor,Mid,57,1,186.78,2.0,1,11,52,2.0,One Year,1,1,1,Discount,Sure Thing,0
CUST02371,38,Female,Central,Bachelor,Lower-Mid,66,1,85.4,5.0,0,10,1,4.0,Two Year,1,0,0,None,Persuadable,0
CUST03465,42,Female,North,High School,Upper-Mid,22,2,60.33,1.0,0,10,30,4.0,Month-to-Month,1,0,1,Discount,Persuadable,1
CUST03383,42,F,South,High School,Upper-Mid,120,1,76.89,0.0,2,14,2,3.0,Two Year,0,3,0,None,Persuadable,0
CUST01635,35,Female,South,,,15,1,21.2,0.0,2,8,8,5.0,One Year,0,2,1,Free Upgrade,Sleeping Dog,0
CUST03443,41,Female,South,Bachelor,Upper-Mid,91,2,43.04,10.0,1,9,28,2.0,Two Year,0,0,1,Free Upgrade,Sure Thing,0
CUST01482,35,Female,South,Bachelor,Mid,6,4,65.68,1.0,0,9,6,3.0,One Year,1,2,0,None,Persuadable,1
CUST01284,51,Male,North,High School,Upper-Mid,6,2,37.96,3.0,4,8,13,4.0,One Year,0,0,1,Loyalty Bonus,Lost Cause,1
CUST01344,54,Male,North,Bachelor,Mid,27,2,103.48,30.0,3,6,8,2.0,Month-to-Month,0,1,0,None,Sleeping Dog,1
CUST01893,34,Male,West,Diploma,Low,25,3,83.92,15.0,1,8,3,2.0,Month-to-Month,0,0,0,None,Persuadable,1
CUST00037,42,Male,North,PhD,Lower-Mid,16,4,11.75,1.0,1,7,51,5.0,One Year,1,1,0,None,Persuadable,0
CUST01152,18,M,Central,Master,Upper-Mid,65,2,77.04,3.0,0,11,10,2.0,Month-to-Month,0,0,0,None,Sleeping Dog,1
CUST03466,23,Male,East,High School,Mid,6,2,177.45,0.0,1,12,10,,One Year,1,1,1,Personal Outreach,Lost Cause,1
CUST03361,26,Female,East,Diploma,Low,1,3,90.65,0.0,0,4,23,5.0,Two Year,0,1,0,None,Persuadable,0
CUST02343,45,Other,South,Master,Low,34,1,100.75,30.0,2,3,1,4.0,One Year,1,3,0,None,Sure Thing,1
CUST01211,25,Male,South,High School,Upper-Mid,3,1,69.24,0.0,0,11,4,1.0,Two Year,0,0,1,Personal Outreach,Sleeping Dog,1
CUST03131,38,Female,North,PhD,Lower-Mid,26,1,77.59,10.0,0,4,26,4.0,Month-to-Month,1,2,1,Personal Outreach,Persuadable,0
CUST03263,29,Male,East,Diploma,Upper-Mid,11,3,39.98,0.0,1,6,3,2.0,Two Year,1,2,1,Loyalty Bonus,Lost Cause,0
CUST01704,53,Female,North,High School,Upper-Mid,10,1,147.91,0.0,1,5,1,5.0,Two Year,1,1,0,None,Persuadable,0
CUST00101,23,Male,South,Master,Mid,4,2,33.36,30.0,0,8,34,5.0,Month-to-Month,0,0,1,Free Upgrade,Sleeping Dog,1
CUST03048,35,Male,South,Bachelor,Lower-Mid,35,2,65.3,1.0,2,7,1,5.0,Month-to-Month,1,0,0,None,Lost Cause,1
CUST00342,42,Male,East,Bachelor,Upper-Mid,42,4,48.93,5.0,4,5,21,3.0,Month-to-Month,1,0,1,Personal Outreach,Sleeping Dog,1
CUST01786,22,Female,East,PhD,Mid,55,1,92.15,15.0,1,5,29,3.0,Month-to-Month,0,0,1,Free Upgrade,Sleeping Dog,1
CUST03293,55,Female,South,Master,Upper-Mid,34,3,35.16,5.0,0,16,15,4.0,Month-to-Month,1,1,0,None,Sleeping Dog,0
CUST02888,56,Female,North,Bachelor,Mid,94,1,46.42,5.0,1,9,3,5.0,Month-to-Month,0,0,1,Personal Outreach,Persuadable,0
CUST03086,43,Female,North,Master,Lower-Mid,105,1,71.51,3.0,0,4,25,5.0,Month-to-Month,0,1,1,Free Upgrade,Sleeping Dog,0
CUST00244,50,Female,North,Diploma,Low,44,1,34.74,10.0,0,10,6,1.0,One Year,0,0,0,None,Sleeping Dog,1
CUST00420,40,Male,South,High School,Upper-Mid,42,1,37.06,,2,6,1,3.0,Month-to-Month,0,0,1,Loyalty Bonus,Sleeping Dog,1
CUST01548,43,Male,West,Master,Mid,11,3,71.23,0.0,0,8,25,1.0,Month-to-Month,1,1,0,None,Sleeping Dog,1
CUST01662,38,Female,South,High School,Mid,25,1,82.51,15.0,1,4,30,3.0,Month-to-Month,1,1,0,None,Sleeping Dog,1
CUST01528,58,Female,East,High School,Upper-Mid,65,1,77.84,3.0,2,9,38,2.0,Month-to-Month,0,1,0,None,Lost Cause,1
CUST00728,44,Male,East,Diploma,Mid,3,2,30.15,30.0,0,7,28,4.0,Month-to-Month,0,0,0,None,Sure Thing,0
CUST00038,18,Male,Central,Bachelor,Lower-Mid,15,4,136.41,2.0,1,8,13,1.0,One Year,1,0,1,Free Upgrade,Persuadable,1
CUST00950,42,Female,West,Diploma,Lower-Mid,60,3,51.19,30.0,4,9,26,3.0,One Year,0,0,0,None,Persuadable,0
CUST01458,44,Male,West,PhD,Lower-Mid,2,3,41.09,0.0,1,5,3,4.0,Month-to-Month,1,1,1,Personal Outreach,Sleeping Dog,1
CUST02397,28,Female,North,Bachelor,Lower-Mid,120,3,30.7,0.0,4,10,5,3.0,One Year,0,1,1,Loyalty Bonus,Persuadable,0
CUST00072,58,Male,South,High School,,21,3,38.99,30.0,1,4,3,4.0,Two Year,0,3,0,None,Persuadable,0
CUST03011,38,Female,North,Master,Mid,65,1,127.48,10.0,1,8,4,4.0,Month-to-Month,1,1,0,None,Lost Cause,1
CUST00227,40,Male,East,Bachelor,Mid,14,2,109.42,0.0,3,9,9,5.0,Month-to-Month,1,0,0,None,Sleeping Dog,1
CUST01239,46,Female,South,Diploma,High,6,3,129.59,15.0,1,9,22,2.0,Two Year,0,0,0,None,Sleeping Dog,0
CUST00670,53,Male,South,Master,Lower-Mid,9,4,97.84,2.0,1,8,4,3.0,Month-to-Month,0,0,1,Discount,Persuadable,0
CUST02266,54,Female,North,Bachelor,Upper-Mid,11,1,90.73,7.0,4,11,10,1.0,Two Year,1,2,1,Free Upgrade,Persuadable,1
CUST02392,28,Male,South,High School,Lower-Mid,9,1,64.09,1.0,1,6,24,5.0,One Year,1,4,0,None,Sleeping Dog,0
CUST02941,51,Female,East,Master,Lower-Mid,6,4,95.9,1.0,1,7,7,,Two Year,1,0,1,Discount,Persuadable,0
CUST02423,37,Female,North,Bachelor,Upper-Mid,59,2,49.11,2.0,1,8,10,1.0,One Year,0,0,1,Discount,Sure Thing,0
CUST00934,18,Male,South,Master,Lower-Mid,10,1,27.53,5.0,1,10,62,4.0,Two Year,0,0,0,None,Sleeping Dog,0
CUST01716,38,Female,North,High School,Low,1,1,74.26,0.0,2,10,4,5.0,One Year,0,2,1,Loyalty Bonus,Sure Thing,0
CUST00761,33,Female,Central,Master,Upper-Mid,5,1,73.97,2.0,0,6,2,2.0,One Year,0,0,0,None,Sleeping Dog,1
CUST02792,33,Male,East,High School,Low,3,3,177.99,2.0,1,7,9,4.0,One Year,1,0,0,None,Sleeping Dog,0
CUST00469,33,Female,East,Bachelor,High,1,1,39.25,3.0,0,9,60,3.0,Month-to-Month,0,0,0,None,Lost Cause,1
CUST02619,45,Male,West,Diploma,High,24,2,29.75,0.0,1,8,1,4.0,Month-to-Month,1,0,0,None,Lost Cause,0
CUST00994,31,Female,Central,Bachelor,Mid,31,2,70.13,1.0,1,8,1,5.0,One Year,0,2,1,Free Upgrade,Sure Thing,0
CUST03491,36,Female,North,Master,Mid,1,1,22.92,0.0,1,4,32,3.0,Two Year,0,1,1,Free Upgrade,Sure Thing,1
CUST01865,55,Female,West,Bachelor,Mid,51,1,74.19,0.0,0,7,52,5.0,Month-to-Month,0,1,0,None,Lost Cause,1
CUST01229,51,Female,Central,Bachelor,Mid,25,3,58.47,7.0,3,7,95,1.0,Month-to-Month,0,1,1,Discount,Sleeping Dog,1
CUST02789,34,Female,West,Bachelor,Upper-Mid,8,4,54.85,10.0,2,5,42,4.0,Two Year,0,1,1,Free Upgrade,Lost Cause,0
CUST02219,65,Male,West,Bachelor,Upper-Mid,35,3,35.44,15.0,3,5,4,2.0,One Year,0,1,0,None,Lost Cause,1
CUST01585,45,Male,South,Bachelor,Lower-Mid,11,2,80.76,15.0,3,6,12,2.0,One Year,0,2,1,Free Upgrade,Sure Thing,1
CUST03013,24,Female,South,Bachelor,Mid,57,1,52.08,3.0,2,5,5,3.0,Two Year,1,0,1,Loyalty Bonus,Lost Cause,0
CUST01377,31,FEMALE,West,Diploma,Low,63,1,107.45,10.0,1,9,12,1.0,One Year,1,0,0,None,Sleeping Dog,1
CUST01983,32,Female,North,Master,High,62,1,29.85,3.0,0,13,28,4.0,Month-to-Month,0,0,0,None,Sure Thing,1
CUST02963,33,Female,North,Master,Mid,52,1,84.61,5.0,1,2,95,4.0,One Year,1,1,1,Loyalty Bonus,Sure Thing,0
CUST01835,32,Male,West,,Upper-Mid,14,1,65.86,15.0,1,5,15,1.0,Month-to-Month,1,0,1,Personal Outreach,Sleeping Dog,1
CUST00904,55,Male,North,High School,Upper-Mid,18,1,153.37,1.0,1,8,7,3.0,Month-to-Month,1,1,0,None,Sleeping Dog,1
CUST02713,45,Male,Central,,Lower-Mid,102,2,34.81,10.0,0,8,8,3.0,Two Year,1,1,1,Discount,Sleeping Dog,0
CUST03467,35,Male,Central,High School,,55,1,70.25,,2,4,47,4.0,Month-to-Month,0,2,0,None,Lost Cause,1
CUST03149,38,Female,West,Master,Upper-Mid,4,2,41.85,15.0,1,6,19,3.0,One Year,1,1,1,Loyalty Bonus,Sure Thing,0
CUST02550,65,Male,Central,Bachelor,Lower-Mid,2,4,112.87,1.0,2,11,4,5.0,Two Year,1,0,0,None,Persuadable,0
CUST02548,33,Female,South,Diploma,Low,41,1,248.73,3.0,0,10,47,5.0,Month-to-Month,0,0,0,None,Persuadable,1
CUST03332,21,Male,North,PhD,Mid,41,1,149.09,3.0,2,11,25,4.0,Month-to-Month,0,1,1,Free Upgrade,Persuadable,0
CUST01278,44,Female,South,Bachelor,Mid,1,1,72.09,1.0,3,6,1,3.0,One Year,1,1,1,Personal Outreach,Persuadable,1
CUST00242,38,Female,West,Bachelor,Lower-Mid,82,1,20.8,1.0,1,6,19,5.0,Month-to-Month,1,1,0,None,Lost Cause,0
CUST01083,36,Male,North,Bachelor,High,6,1,51.13,3.0,0,7,10,4.0,Month-to-Month,0,2,0,None,Persuadable,1
CUST02818,44,Female,West,Master,Mid,21,1,88.61,1.0,0,10,21,1.0,One Year,1,1,1,Free Upgrade,Persuadable,1
CUST03003,35,Male,North,Bachelor,High,10,1,71.5,0.0,0,7,4,3.0,Month-to-Month,0,1,0,None,Sleeping Dog,1
CUST00527,20,Male,South,Diploma,Mid,29,3,17.6,0.0,2,9,57,4.0,Month-to-Month,1,0,0,None,Persuadable,1
CUST00714,44,Male,North,Diploma,Low,71,2,70.32,10.0,1,12,43,4.0,Month-to-Month,1,1,0,None,Sleeping Dog,0
CUST02942,34,Male,East,Bachelor,Lower-Mid,38,1,60.64,7.0,0,2,26,5.0,Two Year,0,0,1,Personal Outreach,Persuadable,0
CUST03148,31,Male,East,Bachelor,High,23,3,69.37,,0,14,26,4.0,One Year,1,1,0,None,Sure Thing,0
CUST00739,59,Male,North,Bachelor,High,5,2,116.88,7.0,1,10,7,2.0,Month-to-Month,1,1,0,None,Sure Thing,1
CUST02311,36,Female,North,PhD,Low,10,2,180.86,5.0,0,10,25,4.0,Month-to-Month,1,0,0,None,Persuadable,1
CUST01040,52,Male,East,,Upper-Mid,2,4,65.33,0.0,1,7,2,,Two Year,1,1,0,None,Persuadable,0
CUST03478,18,Male,North,Bachelor,High,1,1,51.99,5.0,2,10,3,1.0,One Year,0,0,1,Free Upgrade,Sleeping Dog,1
CUST02048,39,Male,Central,High School,Upper-Mid,18,2,169.35,5.0,2,8,9,4.0,One Year,1,1,1,Discount,Sure Thing,0
CUST01252,50,Female,North,High School,High,14,1,37.9,0.0,4,3,20,4.0,Two Year,0,2,1,Discount,Sure Thing,0
CUST01565,48,Female,East,PhD,Lower-Mid,36,3,26.72,15.0,4,10,30,3.0,Month-to-Month,0,3,1,Loyalty Bonus,Persuadable,1
CUST02590,39,Male,West,Diploma,Mid,47,2,106.52,5.0,2,13,26,3.0,Month-to-Month,1,0,0,None,Sure Thing,0
CUST00758,42,Female,North,Bachelor,Low,8,3,49.24,5.0,0,10,5,4.0,Month-to-Month,1,1,0,None,Lost Cause,1
CUST02549,52,Female,North,PhD,Upper-Mid,68,3,170.07,7.0,1,6,1,4.0,One Year,0,1,0,None,Sleeping Dog,0
CUST00430,18,Female,West,High School,Low,5,2,67.88,5.0,2,7,10,4.0,Month-to-Month,1,0,1,Personal Outreach,Sure Thing,0
CUST01378,52,Male,South,High School,Lower-Mid,9,1,130.44,15.0,0,7,10,4.0,One Year,1,1,1,Personal Outreach,Persuadable,0
CUST03215,48,Male,North,,Upper-Mid,2,2,212.13,5.0,2,10,56,4.0,Two Year,0,0,0,None,Sleeping Dog,0
CUST02743,40,Male,North,High School,Mid,14,3,60.82,10.0,3,8,3,5.0,Two Year,1,2,0,None,Sleeping Dog,0
CUST00264,27,Other,North,High School,Mid,38,1,122.25,5.0,2,9,41,4.0,Month-to-Month,0,1,1,Free Upgrade,Persuadable,0
CUST00825,34,Male,North,PhD,Low,14,2,40.99,1.0,3,2,1,4.0,Month-to-Month,1,0,1,Loyalty Bonus,Sleeping Dog,1
CUST03470,37,Other,East,Master,Low,29,1,75.03,0.0,5,12,44,1.0,One Year,1,0,0,None,Sure Thing,1
CUST00548,37,Female,Central,High School,Upper-Mid,13,1,97.04,30.0,1,6,16,1.0,Month-to-Month,1,1,1,Loyalty Bonus,Sure Thing,1
CUST00455,33,Male,East,Bachelor,Low,10,1,34.48,1.0,0,10,10,5.0,Month-to-Month,1,1,0,None,Persuadable,0
CUST00339,44,Male,East,PhD,Mid,10,4,46.0,1.0,3,14,2,2.0,One Year,0,0,0,None,Sleeping Dog,1
CUST00027,26,Other,North,Bachelor,Upper-Mid,26,1,70.19,0.0,2,7,13,4.0,Two Year,0,1,1,Free Upgrade,Sleeping Dog,0
CUST02651,29,Female,North,Bachelor,Upper-Mid,120,1,30.85,30.0,0,13,12,4.0,Two Year,1,0,1,Personal Outreach,Lost Cause,0
CUST00537,29,Female,East,Bachelor,Mid,32,3,44.24,10.0,0,12,3,5.0,Month-to-Month,0,0,1,Free Upgrade,Lost Cause,0
CUST02912,44,Male,Central,Bachelor,Mid,120,1,43.35,5.0,4,17,13,4.0,Two Year,0,0,1,Personal Outreach,Sleeping Dog,0
CUST02828,39,Male,South,Master,Mid,58,2,70.49,2.0,1,10,15,3.0,Month-to-Month,0,2,0,None,Persuadable,0
CUST01817,18,Male,East,Diploma,Lower-Mid,48,3,28.73,7.0,0,10,44,4.0,Two Year,0,0,1,Loyalty Bonus,Sure Thing,0
CUST00001,45,Male,East,Bachelor,Upper-Mid,12,2,43.64,2.0,2,3,11,1.0,One Year,0,2,1,Discount,Sure Thing,1
CUST03199,35,Female,East,Bachelor,Mid,8,1,31.1,30.0,1,4,13,2.0,One Year,1,0,0,None,Sleeping Dog,1
CUST03311,25,Male,East,Bachelor,Low,9,1,157.41,5.0,1,6,8,4.0,One Year,1,1,1,Discount,Sure Thing,1
CUST00408,38,Male,East,Bachelor,Low,23,2,44.82,7.0,3,8,18,4.0,One Year,1,0,1,Free Upgrade,Persuadable,0
CUST00061,34,Male,North,High School,,120,2,70.84,30.0,0,9,33,1.0,Month-to-Month,1,2,0,None,Sleeping Dog,1
CUST00116,43,Male,North,Bachelor,Upper-Mid,53,1,41.85,0.0,0,6,12,,Month-to-Month,0,0,0,None,Sure Thing,1
CUST01327,28,Female,West,Bachelor,High,63,2,81.62,10.0,2,10,38,4.0,Month-to-Month,0,0,1,Discount,Sleeping Dog,1
CUST00581,44,Male,Central,High School,Low,1,1,20.69,5.0,2,6,43,5.0,Month-to-Month,1,0,0,None,Sleeping Dog,1
CUST01810,50,Female,West,,Mid,7,1,145.28,0.0,0,7,21,1.0,Month-to-Month,1,0,1,Personal Outreach,Persuadable,1
CUST03090,41,Female,East,Diploma,Upper-Mid,2,2,69.54,2.0,1,7,12,3.0,Month-to-Month,1,0,1,Discount,Sure Thing,1
CUST02557,18,Male,South,High School,High,40,1,20.56,2.0,3,7,10,1.0,Month-to-Month,1,0,0,None,Lost Cause,1
CUST02620,57,Male,East,Master,Lower-Mid,22,1,175.89,5.0,0,13,60,4.0,One Year,0,1,0,None,Sure Thing,0
CUST00751,28,Female,South,Bachelor,High,46,2,20.28,15.0,3,3,54,3.0,One Year,0,2,1,Loyalty Bonus,Sleeping Dog,1
CUST01831,48,Other,West,High School,Mid,25,3,165.68,7.0,2,6,32,2.0,One Year,1,0,0,None,Sleeping Dog,0
CUST02177,20,Male,West,Diploma,Mid,65,2,273.2,10.0,0,7,10,4.0,One Year,1,0,1,Discount,Sleeping Dog,0
CUST00774,51,Male,West,Diploma,Mid,84,1,133.77,0.0,1,9,59,4.0,Two Year,1,2,0,None,Persuadable,0
CUST02218,39,Male,North,Bachelor,Mid,6,2,71.81,0.0,0,8,1,4.0,Two Year,1,0,0,None,Persuadable,0
CUST02722,33,Male,East,Bachelor,High,33,2,57.73,15.0,1,5,68,4.0,One Year,1,0,0,None,Sure Thing,0
CUST01451,43,Female,Central,Diploma,Low,113,1,143.53,10.0,2,11,29,4.0,One Year,0,1,0,None,Sleeping Dog,0
CUST00578,49,Female,West,Master,Upper-Mid,2,3,39.63,3.0,1,11,15,1.0,Month-to-Month,1,0,0,None,Sleeping Dog,1
CUST01141,36,Female,West,High School,Lower-Mid,23,2,142.3,10.0,1,7,33,5.0,Month-to-Month,1,0,0,None,Sleeping Dog,0
CUST00644,21,Male,North,Master,Upper-Mid,53,2,116.04,2.0,2,8,31,3.0,Two Year,0,1,0,None,Sure Thing,0
CUST01103,65,Female,West,Diploma,Mid,9,1,167.26,0.0,1,8,16,4.0,One Year,1,2,0,None,Sleeping Dog,0
CUST02518,18,Male,Central,Master,Low,27,2,55.84,7.0,1,5,4,1.0,Month-to-Month,0,1,1,Discount,Sure Thing,1
CUST02640,44,Male,Central,Bachelor,Upper-Mid,1,3,54.92,3.0,1,10,18,2.0,Month-to-Month,1,1,0,None,Lost Cause,1
CUST02284,28,Male,North,High School,Mid,17,4,60.25,,1,9,3,3.0,Month-to-Month,0,0,0,None,Sleeping Dog,1
CUST02062,38,Male,Central,High School,Upper-Mid,1,1,26.84,3.0,3,7,67,5.0,Month-to-Month,0,0,0,None,Sleeping Dog,1
CUST01168,46,Female,West,Bachelor,Low,33,1,74.56,0.0,1,11,47,4.0,Month-to-Month,1,1,0,None,Persuadable,0
CUST00890,53,Female,South,Master,Lower-Mid,81,4,72.61,30.0,4,6,27,3.0,Month-to-Month,1,0,1,Discount,Persuadable,0
CUST02003,30,Male,Central,Master,Upper-Mid,5,1,74.1,0.0,2,5,1,5.0,Month-to-Month,0,1,0,None,Sure Thing,0
CUST00884,52,Female,South,PhD,Lower-Mid,120,3,114.62,0.0,1,8,15,3.0,Month-to-Month,1,3,0,None,Sleeping Dog,0
CUST00171,29,Female,North,Bachelor,Low,50,1,116.36,3.0,0,10,11,3.0,One Year,1,0,1,Discount,Sleeping Dog,1
CUST02194,23,Female,West,PhD,Upper-Mid,80,4,34.54,2.0,2,4,17,5.0,One Year,1,1,0,None,Lost Cause,0
CUST02803,44,Female,South,Bachelor,Lower-Mid,10,4,54.69,30.0,0,11,14,4.0,Month-to-Month,0,2,1,Discount,Sure Thing,1
CUST02669,46,Male,South,Master,Low,1,3,58.77,2.0,1,9,61,1.0,Month-to-Month,1,1,1,Loyalty Bonus,Persuadable,1
CUST02052,29,Male,South,Bachelor,Lower-Mid,38,2,65.52,1.0,3,14,32,2.0,One Year,0,0,0,None,Lost Cause,1
CUST00944,38,Male,North,,Lower-Mid,37,4,93.47,5.0,1,9,9,1.0,Month-to-Month,1,1,1,Personal Outreach,Lost Cause,1
CUST00220,40,Male,North,Bachelor,Upper-Mid,27,1,81.69,2.0,2,4,4,3.0,Month-to-Month,1,0,0,None,Sure Thing,1
CUST00675,23,Other,South,High School,Mid,19,2,110.75,7.0,3,11,2,4.0,Two Year,0,1,1,Discount,Lost Cause,0
CUST01644,45,Male,South,Master,Mid,14,2,17.35,1.0,0,6,5,3.0,Month-to-Month,0,0,1,Discount,Sleeping Dog,1
CUST03362,19,Male,North,High School,High,73,1,67.63,15.0,2,6,15,5.0,Two Year,0,1,1,Discount,Sure Thing,0
CUST02016,37,Other,West,Bachelor,Low,97,3,111.98,1.0,0,7,3,3.0,One Year,0,0,1,Free Upgrade,Sure Thing,0
CUST00992,18,Male,North,Bachelor,Upper-Mid,16,2,60.65,15.0,3,7,20,1.0,Month-to-Month,0,1,0,None,Lost Cause,1
CUST02153,40,Male,West,High School,Mid,55,1,37.31,,1,7,1,5.0,Month-to-Month,0,0,1,Discount,Sure Thing,0
CUST01443,42,Male,Central,Bachelor,Mid,19,2,39.86,7.0,0,6,16,4.0,Two Year,1,0,0,None,Sleeping Dog,0
CUST03350,38,Male,North,Master,Mid,22,1,66.93,10.0,3,9,3,4.0,Month-to-Month,0,0,0,None,Sure Thing,1
CUST02159,55,Female,West,Bachelor,Upper-Mid,2,3,40.24,7.0,0,8,43,,One Year,0,0,0,None,Persuadable,1
CUST01087,52,Female,East,Bachelor,Low,14,1,94.15,7.0,1,9,26,2.0,Two Year,1,1,0,None,Sure Thing,1
CUST00930,39,Other,West,High School,Low,13,2,102.67,15.0,1,5,59,4.0,Two Year,1,1,1,Loyalty Bonus,Sleeping Dog,0
CUST01426,18,Female,Central,PhD,Lower-Mid,75,1,52.91,0.0,3,10,9,,Month-to-Month,1,3,0,None,Sleeping Dog,0
CUST01432,49,Male,West,High School,Lower-Mid,22,1,57.86,0.0,0,6,1,2.0,One Year,1,0,0,None,Persuadable,0
CUST02222,32,Male,South,Bachelor,Mid,18,1,39.77,2.0,2,11,6,3.0,Month-to-Month,0,1,1,Loyalty Bonus,Sure Thing,1
CUST03340,61,Male,South,Bachelor,Upper-Mid,20,4,56.33,10.0,1,5,39,4.0,Month-to-Month,0,0,1,Loyalty Bonus,Sure Thing,1
CUST03278,41,Male,North,Diploma,Mid,1,2,118.62,1.0,2,6,21,3.0,Month-to-Month,0,0,0,None,Sure Thing,1
CUST00929,58,Female,North,Bachelor,Mid,11,1,64.07,3.0,1,10,18,2.0,Month-to-Month,1,0,0,None,Sure Thing,1
CUST00254,52,Other,South,,Mid,12,2,117.17,15.0,1,9,4,5.0,Month-to-Month,1,2,0,None,Sure Thing,0
CUST03007,45,Male,South,High School,Mid,33,2,92.63,0.0,0,7,5,3.0,Two Year,1,0,0,None,Persuadable,0
CUST00010,46,Other,North,Master,High,4,1,112.8,30.0,0,6,2,1.0,One Year,0,1,0,None,Sure Thing,1
CUST02801,42,Female,West,Master,Upper-Mid,32,2,46.26,0.0,0,9,14,4.0,One Year,0,2,1,Personal Outreach,Sleeping Dog,0
CUST01006,44,Male,South,Bachelor,Lower-Mid,24,2,45.77,1.0,0,6,2,3.0,Month-to-Month,1,1,1,Personal Outreach,Lost Cause,0
CUST00922,27,Other,North,Master,,63,1,72.54,,0,7,1,4.0,Month-to-Month,1,0,1,Free Upgrade,Persuadable,1
CUST03412,35,Male,North,,Upper-Mid,30,1,78.94,7.0,0,10,36,4.0,Month-to-Month,1,0,0,None,Sleeping Dog,1
CUST00296,31,Male,East,Diploma,Mid,55,1,79.71,7.0,1,12,3,4.0,Month-to-Month,0,1,1,Discount,Sleeping Dog,1
CUST02399,42,Female,North,Bachelor,Lower-Mid,6,2,238.41,0.0,0,8,6,4.0,Two Year,0,2,1,Loyalty Bonus,Sleeping Dog,0
CUST00054,47,Female,Central,Bachelor,Upper-Mid,16,2,102.08,5.0,1,4,17,2.0,Month-to-Month,0,2,0,None,Sleeping Dog,1
CUST00477,46,Female,South,Diploma,Upper-Mid,120,3,109.07,7.0,1,10,12,4.0,Two Year,0,0,1,Loyalty Bonus,Sleeping Dog,0
CUST00329,47,Female,West,Bachelor,Mid,60,2,55.2,5.0,1,8,13,3.0,One Year,1,1,1,Free Upgrade,Sure Thing,0
CUST02751,61,Female,East,Bachelor,Lower-Mid,19,2,111.96,5.0,2,5,10,5.0,One Year,0,2,1,Loyalty Bonus,Lost Cause,0
CUST01314,46,Female,South,Bachelor,Low,28,1,35.56,0.0,1,6,14,3.0,Month-to-Month,1,2,0,None,Lost Cause,0
CUST01136,51,Male,West,Master,,106,1,81.03,0.0,5,4,7,4.0,Month-to-Month,0,0,0,None,Sleeping Dog,1
CUST00616,41,Female,North,Diploma,Lower-Mid,1,2,84.85,3.0,1,10,7,2.0,One Year,1,0,0,None,Lost Cause,1
CUST00841,39,Male,Central,Bachelor,High,71,2,73.71,10.0,1,10,5,2.0,Month-to-Month,0,0,0,None,Lost Cause,1
CUST00271,57,Female,North,Master,Upper-Mid,11,1,54.87,2.0,1,10,1,4.0,Month-to-Month,0,2,1,Discount,Sure Thing,1
CUST00302,33,Male,West,Bachelor,Mid,9,3,39.18,7.0,2,7,34,2.0,Month-to-Month,1,0,1,Free Upgrade,Sleeping Dog,1
CUST00366,35,Male,South,,Mid,49,3,55.75,2.0,2,4,22,2.0,One Year,1,2,0,None,Persuadable,1
CUST01052,44,Female,Central,High School,Lower-Mid,5,1,148.57,0.0,1,11,14,5.0,Month-to-Month,1,1,0,None,Persuadable,1
CUST02277,48,Female,North,Master,Mid,16,2,51.0,7.0,1,9,18,3.0,Month-to-Month,1,0,0,None,Sure Thing,0
CUST02780,45,Female,North,High School,Mid,3,1,66.23,15.0,2,5,15,2.0,One Year,1,1,0,None,Persuadable,1
CUST00745,46,Male,North,Diploma,Upper-Mid,49,3,55.84,,2,8,2,5.0,Month-to-Month,1,1,0,None,Persuadable,0
CUST02262,44,Male,West,Diploma,Mid,30,2,28.68,7.0,2,19,8,4.0,Two Year,1,0,1,Loyalty Bonus,Persuadable,0
CUST02503,36,Male,East,Bachelor,Mid,2,1,38.63,0.0,2,8,28,1.0,Two Year,1,1,1,Discount,Lost Cause,0
CUST03005,46,Female,East,,Mid,18,1,123.25,30.0,3,8,20,2.0,One Year,1,0,1,Discount,Persuadable,1
CUST01692,34,Male,Central,Bachelor,Upper-Mid,2,4,89.99,7.0,1,8,21,2.0,Two Year,1,1,0,None,Sleeping Dog,0
CUST03434,38,Male,Central,Bachelor,Upper-Mid,5,3,151.89,5.0,2,8,77,4.0,Two Year,1,1,0,None,Persuadable,0
CUST00263,18,Male,East,Master,,8,2,49.45,10.0,1,10,3,5.0,Month-to-Month,0,0,1,Discount,Sleeping Dog,1
CUST01788,30,Male,West,Master,Upper-Mid,47,3,43.14,0.0,3,14,21,,Month-to-Month,1,1,0,None,Lost Cause,1
CUST02997,43,Male,North,High School,Mid,18,1,124.43,10.0,2,10,32,2.0,Month-to-Month,1,1,1,Free Upgrade,Persuadable,0
CUST01529,34,Male,West,High School,Lower-Mid,5,1,110.74,0.0,1,10,12,3.0,One Year,0,0,0,None,Sleeping Dog,0
CUST00192,50,Female,Central,Bachelor,Mid,6,4,218.79,1.0,1,8,12,3.0,Month-to-Month,0,0,0,None,Sure Thing,1
CUST02572,22,Male,East,Bachelor,Upper-Mid,2,3,35.2,2.0,1,9,16,4.0,One Year,0,2,0,None,Sure Thing,0
CUST02389,50,Male,North,Bachelor,Mid,27,3,59.92,0.0,1,4,16,4.0,One Year,1,1,1,Personal Outreach,Sleeping Dog,0
CUST01298,36,Female,East,High School,Lower-Mid,16,1,62.45,30.0,2,11,20,3.0,Two Year,1,0,0,None,Persuadable,1
CUST00375,65,Male,East,PhD,High,27,2,36.03,2.0,4,9,40,2.0,Month-to-Month,0,1,1,Discount,Sleeping Dog,1
CUST02797,46,Male,West,Diploma,Lower-Mid,37,2,175.26,3.0,0,9,26,1.0,Month-to-Month,1,2,0,None,Persuadable,1
CUST01180,26,Female,East,Bachelor,Upper-Mid,5,1,35.66,3.0,0,8,35,5.0,Two Year,0,1,1,Free Upgrade,Sleeping Dog,0
CUST03201,42,Male,South,Diploma,Upper-Mid,1,2,62.39,0.0,1,9,3,3.0,One Year,1,1,0,None,Sure Thing,0
CUST00292,34,Female,North,Bachelor,Lower-Mid,2,1,154.87,15.0,3,4,8,4.0,Month-to-Month,1,0,1,Discount,Sleeping Dog,1
CUST01770,46,Female,North,Master,Low,9,4,64.72,0.0,1,3,11,3.0,Two Year,1,0,0,None,Sure Thing,0
CUST00617,41,Male,West,Bachelor,Low,98,2,93.36,15.0,1,5,1,4.0,One Year,1,2,1,Personal Outreach,Persuadable,0
CUST02082,47,Female,South,Master,Low,67,3,174.36,0.0,0,7,74,4.0,Month-to-Month,1,0,1,Loyalty Bonus,Sure Thing,0
CUST03161,32,Male,West,Master,Low,53,2,154.69,0.0,3,11,9,2.0,Month-to-Month,0,3,1,Loyalty Bonus,Persuadable,0
CUST01687,34,Male,South,High School,Mid,92,1,62.84,1.0,2,11,21,2.0,Month-to-Month,0,1,0,None,Sure Thing,1
CUST03033,45,Female,West,Bachelor,Mid,36,1,32.56,,0,6,16,2.0,Month-to-Month,0,1,0,None,Persuadable,1
CUST01442,54,Female,South,Bachelor,Mid,12,3,60.3,1.0,2,6,15,4.0,One Year,0,0,1,Personal Outreach,Sleeping Dog,0
CUST00837,58,Male,East,Master,Lower-Mid,1,3,201.37,2.0,0,5,3,3.0,Two Year,0,1,0,None,Sure Thing,0
CUST01413,45,Male,West,High School,Mid,1,1,48.55,5.0,3,7,2,5.0,One Year,0,2,0,None,Sleeping Dog,1
CUST02297,45,Female,Central,PhD,Upper-Mid,17,1,106.68,1.0,2,7,6,5.0,One Year,1,0,1,Personal Outreach,Sleeping Dog,1
CUST02886,34,Female,North,High School,Lower-Mid,10,1,69.26,2.0,0,8,2,5.0,Month-to-Month,0,0,0,None,Persuadable,0
CUST02223,48,Male,Central,Diploma,Upper-Mid,8,4,18.89,30.0,0,11,22,3.0,Two Year,1,0,0,None,Persuadable,0
CUST02704,52,Male,South,Bachelor,Upper-Mid,1,3,50.48,0.0,1,5,22,4.0,One Year,1,0,0,None,Lost Cause,0
CUST03285,21,Female,North,Bachelor,Mid,22,4,231.41,1.0,3,5,19,4.0,Month-to-Month,0,1,1,Free Upgrade,Sure Thing,0
CUST00215,36,Male,East,Bachelor,Upper-Mid,11,2,73.03,0.0,2,4,14,4.0,One Year,0,0,0,None,Persuadable,1
CUST02411,49,Male,East,Bachelor,Mid,46,4,58.32,5.0,0,5,12,2.0,Two Year,1,3,1,Loyalty Bonus,Sure Thing,0
CUST01967,37,Male,North,Bachelor,,80,1,38.29,2.0,1,5,28,1.0,One Year,1,0,0,None,Sleeping Dog,1
CUST03082,41,Male,Central,Bachelor,Upper-Mid,4,2,30.7,3.0,3,6,9,4.0,Month-to-Month,1,0,1,Discount,Persuadable,0
CUST02195,42,Male,Central,High School,Upper-Mid,47,1,45.38,0.0,2,6,5,,Month-to-Month,0,2,1,Free Upgrade,Sure Thing,0
CUST01105,53,Male,North,High School,Low,72,4,48.97,30.0,0,11,1,1.0,Month-to-Month,0,0,1,Loyalty Bonus,Persuadable,0
CUST02589,30,Female,South,Bachelor,Lower-Mid,52,4,102.74,1.0,1,9,35,3.0,One Year,1,1,1,Discount,Sure Thing,0
CUST01883,25,Female,South,Master,Mid,3,2,123.08,0.0,1,5,20,4.0,Month-to-Month,1,0,1,Discount,Lost Cause,0
CUST00833,27,Female,South,Bachelor,Mid,29,2,26.14,0.0,0,10,5,3.0,Month-to-Month,1,1,1,Loyalty Bonus,Sure Thing,1
CUST00180,72,Male,South,Master,Upper-Mid,26,4,75.38,7.0,3,8,31,4.0,Month-to-Month,1,1,0,None,Persuadable,1
CUST01397,23,Female,East,Bachelor,Upper-Mid,21,2,67.87,0.0,0,7,1,4.0,Month-to-Month,0,2,0,None,Sleeping Dog,1
CUST00691,35,Female,South,Diploma,Mid,74,2,112.93,3.0,1,7,5,3.0,Month-to-Month,0,1,0,None,Lost Cause,1
CUST02837,62,Female,East,High School,Lower-Mid,28,2,238.86,1.0,2,8,9,5.0,One Year,1,1,0,None,Persuadable,0
CUST00471,36,Female,North,,Upper-Mid,48,2,146.2,10.0,2,11,1,4.0,Month-to-Month,0,0,1,Loyalty Bonus,Sure Thing,0
CUST03208,49,Male,West,Bachelor,Lower-Mid,19,3,65.78,0.0,1,11,14,4.0,One Year,0,1,0,None,Lost Cause,0
CUST01699,46,Male,South,Bachelor,Mid,1,4,36.87,0.0,0,11,39,2.0,One Year,1,2,1,Loyalty Bonus,Lost Cause,1
CUST00705,21,Female,West,Bachelor,Mid,98,2,126.0,0.0,3,7,26,3.0,Month-to-Month,1,1,0,None,Sleeping Dog,1
CUST02073,41,Female,West,Diploma,High,6,1,68.67,0.0,1,5,21,,One Year,1,0,0,None,Lost Cause,1
CUST00489,60,Male,North,Diploma,High,8,1,40.68,0.0,3,12,20,3.0,Two Year,0,0,1,Personal Outreach,Persuadable,0
CUST02168,24,Female,South,Bachelor,Mid,32,2,30.17,1.0,0,9,1,4.0,Month-to-Month,1,0,0,None,Persuadable,1
CUST00603,50,Female,East,Bachelor,Mid,72,3,69.2,10.0,2,13,14,2.0,One Year,0,0,1,Personal Outreach,Lost Cause,0
CUST02290,57,Male,East,PhD,Low,57,1,36.51,10.0,3,9,17,4.0,Two Year,1,0,1,Discount,Persuadable,0
CUST02555,29,Female,South,High School,High,33,2,83.55,2.0,2,6,15,5.0,Month-to-Month,0,0,1,Personal Outreach,Sleeping Dog,1
CUST02020,25,Male,South,Master,Mid,27,2,122.5,5.0,1,9,18,2.0,One Year,1,1,1,Discount,Lost Cause,1
CUST00052,35,Male,East,Bachelor,Upper-Mid,10,1,200.95,1.0,2,9,14,,Two Year,0,2,0,None,Lost Cause,0
CUST01268,29,Male,East,Bachelor,High,27,1,44.04,5.0,2,7,3,4.0,Month-to-Month,0,1,1,Free Upgrade,Sleeping Dog,1
CUST02563,28,Male,South,Bachelor,Mid,16,2,41.87,2.0,1,5,68,1.0,Month-to-Month,1,1,0,None,Lost Cause,1
CUST03418,42,Male,East,High School,High,10,3,150.52,30.0,2,10,1,5.0,Two Year,1,1,1,Discount,Sleeping Dog,0
CUST02656,50,Female,East,Bachelor,Upper-Mid,6,2,73.84,0.0,2,4,1,4.0,One Year,1,2,1,Free Upgrade,Persuadable,0
CUST02120,37,Female,East,Bachelor,Low,41,4,120.71,30.0,3,6,18,2.0,Month-to-Month,0,2,0,None,Sleeping Dog,1
CUST03450,35,Female,East,Master,Upper-Mid,16,2,42.52,15.0,4,9,5,5.0,Month-to-Month,1,1,0,None,Sure Thing,1
CUST00064,25,Male,North,PhD,Lower-Mid,3,1,50.72,1.0,0,5,7,5.0,Month-to-Month,1,1,0,None,Sure Thing,1
CUST00770,61,Male,East,High School,Mid,40,1,71.04,0.0,1,9,3,4.0,Month-to-Month,1,0,1,Discount,Sure Thing,1
CUST01257,60,Female,Central,Bachelor,High,1,1,173.76,3.0,1,12,1,3.0,Two Year,0,0,1,Loyalty Bonus,Persuadable,0
CUST01391,45,Female,West,Master,Lower-Mid,153,3,50.67,,0,9,10,2.0,Two Year,1,0,0,None,Sure Thing,1
CUST01981,28,Male,North,High School,Mid,44,2,35.21,7.0,3,9,31,4.0,Month-to-Month,1,1,1,Discount,Sure Thing,0
CUST00820,52,Male,Central,Bachelor,Upper-Mid,12,2,25.23,0.0,1,6,17,1.0,One Year,0,0,0,None,Lost Cause,1
CUST00781,42,Male,East,Bachelor,Low,57,1,149.21,2.0,1,12,54,4.0,One Year,1,0,0,None,Persuadable,0
CUST01937,43,Female,South,High School,Low,43,3,49.11,5.0,5,5,7,5.0,Two Year,1,0,1,Free Upgrade,Persuadable,0
CUST01055,33,Male,South,Master,Mid,75,1,44.22,15.0,1,6,7,2.0,One Year,1,0,1,Discount,Sleeping Dog,1
CUST02308,37,Female,South,Bachelor,Lower-Mid,87,1,90.41,1.0,1,4,23,3.0,Two Year,0,0,1,Free Upgrade,Persuadable,0
CUST02955,28,Female,Central,High School,Mid,38,2,249.46,3.0,1,6,35,2.0,Month-to-Month,1,2,1,Free Upgrade,Sure Thing,0
CUST00211,46,Female,South,Bachelor,Upper-Mid,7,1,82.47,7.0,1,5,3,4.0,One Year,1,2,1,Discount,Persuadable,0
CUST01569,21,Male,South,High School,Lower-Mid,18,1,54.85,7.0,1,8,27,5.0,Month-to-Month,0,0,1,Personal Outreach,Sure Thing,1
CUST00753,28,Female,South,Bachelor,Lower-Mid,5,1,44.77,3.0,3,7,8,4.0,Month-to-Month,0,1,1,Loyalty Bonus,Sure Thing,1
CUST02580,61,Female,East,Diploma,High,9,1,44.64,0.0,1,9,3,,Month-to-Month,0,0,1,Free Upgrade,Lost Cause,1
CUST01198,46,Male,South,Bachelor,Low,19,1,53.18,0.0,2,4,5,3.0,Month-to-Month,0,2,0,None,Persuadable,1
CUST02848,29,Female,West,Bachelor,Low,52,1,53.97,30.0,0,9,18,5.0,Two Year,0,1,0,None,Sleeping Dog,0
CUST02605,32,Female,North,High School,Mid,34,1,141.83,5.0,0,9,5,2.0,Month-to-Month,0,1,1,Discount,Sleeping Dog,1
CUST01091,39,Female,East,High School,Upper-Mid,26,2,63.5,7.0,2,15,1,4.0,Month-to-Month,0,1,0,None,Sure Thing,1
CUST03171,28,Male,West,Master,Low,18,1,100.15,30.0,0,6,5,3.0,Month-to-Month,1,1,1,Free Upgrade,Sure Thing,1
CUST01396,42,Male,West,High School,Mid,8,2,61.6,0.0,2,12,17,4.0,Two Year,1,0,1,Loyalty Bonus,Lost Cause,0
CUST02662,29,Male,East,PhD,Low,1,2,97.36,5.0,2,8,9,4.0,Month-to-Month,0,0,0,None,Persuadable,1
CUST02642,37,Female,Central,High School,Low,29,3,49.38,15.0,1,12,44,1.0,Month-to-Month,1,1,1,Personal Outreach,Persuadable,1
CUST01230,66,Female,West,Diploma,Upper-Mid,27,4,69.47,10.0,0,8,18,5.0,Month-to-Month,0,1,0,None,Lost Cause,0
CUST00717,41,Female,South,High School,Upper-Mid,3,2,125.88,3.0,3,6,6,1.0,One Year,1,0,1,Discount,Lost Cause,1
CUST03084,26,Male,Central,Bachelor,Low,55,3,91.06,30.0,1,9,31,4.0,Month-to-Month,1,2,0,None,Persuadable,0
CUST02926,43,Male,South,Master,Lower-Mid,11,2,127.12,2.0,1,10,50,3.0,Month-to-Month,1,2,0,None,Sleeping Dog,1
CUST02553,62,Male,East,High School,Upper-Mid,30,1,79.61,0.0,1,10,34,,One Year,0,1,0,None,Sleeping Dog,0
CUST00340,33,Female,West,Diploma,Mid,38,2,50.76,2.0,2,5,26,,Month-to-Month,1,0,0,None,Sleeping Dog,1
CUST00736,45,Female,North,Master,Upper-Mid,65,3,49.13,3.0,1,8,1,4.0,Month-to-Month,0,1,0,None,Persuadable,0
CUST02831,19,Male,East,Master,Low,2,1,103.79,30.0,2,4,75,,One Year,1,1,0,None,Sleeping Dog,1
CUST02622,49,Male,Central,Master,Lower-Mid,22,2,91.67,30.0,2,7,24,3.0,Month-to-Month,1,0,1,Loyalty Bonus,Sleeping Dog,1
CUST00551,41,Female,North,Diploma,Upper-Mid,55,4,132.81,30.0,2,6,1,5.0,Month-to-Month,0,2,0,None,Lost Cause,0
CUST00518,28,Female,East,Bachelor,Mid,32,3,68.03,15.0,0,3,9,3.0,One Year,1,0,0,None,Sleeping Dog,0
CUST01292,69,Male,Central,Master,High,1,1,285.2,0.0,0,9,3,5.0,One Year,0,0,0,None,Sleeping Dog,0
CUST00750,23,Female,East,Bachelor,Upper-Mid,42,3,42.06,30.0,1,4,31,4.0,Two Year,0,2,0,None,Persuadable,0
CUST02289,32,Female,North,Master,High,1,2,76.9,10.0,1,4,52,5.0,Two Year,0,0,1,Loyalty Bonus,Sure Thing,0
CUST02512,46,Male,West,Bachelor,Mid,5,1,74.86,30.0,0,8,19,3.0,One Year,1,0,1,Discount,Sleeping Dog,1
CUST02336,46,Female,East,Master,Upper-Mid,3,1,67.49,0.0,0,9,7,4.0,One Year,1,0,1,Discount,Lost Cause,1
CUST02934,51,Female,South,Master,Mid,9,4,27.15,30.0,1,11,9,4.0,One Year,0,1,0,None,Lost Cause,1
CUST02281,19,Male,East,Bachelor,Low,3,2,95.95,15.0,2,10,3,3.0,Month-to-Month,1,1,0,None,Sure Thing,1
CUST01559,57,Male,West,Bachelor,Low,64,4,86.59,30.0,2,11,11,4.0,One Year,0,1,0,None,Persuadable,0
CUST02158,36,Female,Central,Master,Lower-Mid,32,2,71.84,0.0,2,13,1,3.0,Month-to-Month,1,3,1,Loyalty Bonus,Sleeping Dog,0
CUST03184,36,Male,East,Bachelor,Upper-Mid,18,1,19.39,3.0,3,7,17,4.0,One Year,0,0,1,Discount,Lost Cause,0
CUST02237,40,Male,East,High School,Low,25,1,37.16,15.0,1,3,24,3.0,One Year,1,2,0,None,Sure Thing,1
CUST02347,34,Female,Central,Bachelor,Mid,5,2,41.35,,1,4,46,4.0,Month-to-Month,1,1,0,None,Persuadable,1
CUST00843,26,Female,West,Bachelor,Low,1,3,84.64,0.0,1,7,5,1.0,Month-to-Month,0,0,1,Discount,Persuadable,1
CUST01382,34,Female,South,PhD,Upper-Mid,74,2,41.65,5.0,2,7,4,2.0,Two Year,1,1,0,None,Sleeping Dog,0
CUST00021,57,Female,West,Bachelor,Upper-Mid,7,3,97.53,1.0,0,9,1,5.0,Month-to-Month,0,1,0,None,Sure Thing,0
CUST02273,31,Female,North,PhD,Upper-Mid,21,1,68.77,30.0,4,7,2,3.0,Month-to-Month,1,0,0,None,Sure Thing,1
CUST00880,54,Male,West,Diploma,Upper-Mid,101,2,60.03,0.0,0,10,1,4.0,Month-to-Month,0,2,1,Loyalty Bonus,Persuadable,0
CUST02644,32,Female,West,Bachelor,Upper-Mid,16,1,93.51,5.0,2,8,47,1.0,One Year,1,0,1,Free Upgrade,Persuadable,0
CUST01063,53,Female,North,Master,Upper-Mid,15,3,74.33,10.0,2,8,26,4.0,Two Year,0,3,0,None,Persuadable,0
CUST02858,37,Male,North,High School,Upper-Mid,5,2,21.61,15.0,1,8,12,3.0,One Year,1,1,1,Discount,Sleeping Dog,0
CUST00786,52,Male,West,High School,Low,120,2,28.74,0.0,0,15,32,5.0,Two Year,0,2,0,None,Sleeping Dog,0
CUST02007,40,Female,North,Master,Mid,9,1,148.59,1.0,3,9,5,2.0,Two Year,1,0,1,Discount,Sleeping Dog,1
CUST00864,61,Male,East,Bachelor,Low,51,1,88.83,7.0,3,8,1,2.0,Month-to-Month,1,1,1,Loyalty Bonus,Sure Thing,1
CUST02053,32,Male,North,Diploma,Upper-Mid,43,1,175.71,10.0,5,13,12,4.0,One Year,0,0,1,Discount,Sleeping Dog,1
CUST02499,49,Female,Central,,Low,1,1,76.23,0.0,6,12,22,4.0,One Year,1,0,0,None,Lost Cause,1
CUST02830,35,Male,West,Diploma,Lower-Mid,33,3,140.15,0.0,2,7,34,3.0,Two Year,1,2,0,None,Sleeping Dog,0
CUST00355,39,Male,Central,Master,Lower-Mid,25,1,48.4,0.0,3,8,13,4.0,Month-to-Month,0,0,0,None,Sure Thing,1
CUST02040,18,Female,North,High School,Mid,46,3,17.63,10.0,2,6,2,3.0,Month-to-Month,0,1,0,None,Persuadable,1
CUST03276,56,Male,West,High School,Lower-Mid,13,1,59.75,30.0,1,8,19,2.0,Month-to-Month,1,2,1,Free Upgrade,Persuadable,1
CUST01698,31,Male,West,Bachelor,Low,10,2,55.33,0.0,3,15,12,3.0,Month-to-Month,0,0,1,Discount,Persuadable,1
CUST02021,40,Female,West,High School,Lower-Mid,4,2,54.24,3.0,0,9,16,4.0,Month-to-Month,0,1,0,None,Sleeping Dog,1
CUST03381,65,Male,East,Bachelor,Low,2,1,198.11,2.0,3,12,27,,Month-to-Month,0,1,0,None,Lost Cause,1
CUST01142,56,Other,West,Bachelor,Low,2,2,158.47,5.0,2,7,33,5.0,One Year,1,2,0,None,Sure Thing,0
CUST02924,39,Female,East,Master,Mid,58,2,89.94,1.0,1,5,34,2.0,One Year,0,1,1,Discount,Sleeping Dog,1
CUST01431,43,Female,East,Diploma,Upper-Mid,12,1,37.59,7.0,1,4,3,4.0,One Year,1,0,1,Discount,Lost Cause,1
CUST02390,52,Female,South,Diploma,Upper-Mid,10,3,77.56,1.0,2,5,3,5.0,Month-to-Month,1,1,0,None,Sure Thing,0
CUST01527,62,Male,West,Master,Lower-Mid,32,1,31.29,0.0,2,8,14,,Two Year,0,1,0,None,Sure Thing,0
CUST01768,37,Female,West,Master,Mid,4,1,94.82,5.0,1,9,15,,One Year,1,0,0,None,Persuadable,1
CUST00059,43,Female,North,Bachelor,Upper-Mid,20,1,48.05,0.0,3,8,20,3.0,One Year,0,0,0,None,Sleeping Dog,0
CUST02303,35,Male,Central,High School,Upper-Mid,8,4,73.61,1.0,1,10,19,4.0,Two Year,0,0,1,Discount,Persuadable,0
CUST02348,29,Male,West,Diploma,Upper-Mid,39,1,50.55,0.0,2,11,9,2.0,Month-to-Month,1,0,1,Discount,Lost Cause,1
CUST02085,33,Male,North,Bachelor,Lower-Mid,9,1,97.57,15.0,1,7,5,,One Year,1,0,0,None,Persuadable,1
CUST03446,26,Male,West,Diploma,Lower-Mid,23,3,16.3,5.0,0,8,19,5.0,Month-to-Month,0,0,0,None,Sure Thing,1
CUST02249,37,Female,West,Master,Lower-Mid,9,1,62.09,7.0,0,8,5,,Month-to-Month,1,1,0,None,Persuadable,1
CUST02677,44,Male,North,High School,Upper-Mid,28,2,112.08,10.0,2,6,11,5.0,Two Year,0,0,1,Discount,Lost Cause,0
CUST01668,33,Female,North,Master,High,9,3,58.72,15.0,0,7,35,2.0,One Year,1,1,1,Loyalty Bonus,Sleeping Dog,1
CUST02647,35,Male,East,PhD,Low,10,1,97.08,0.0,0,7,51,2.0,Month-to-Month,0,1,0,None,Sleeping Dog,1
CUST02726,40,Male,North,High School,,2,4,78.08,30.0,1,7,44,4.0,Month-to-Month,0,1,0,None,Lost Cause,1
CUST01534,38,Female,South,Diploma,Lower-Mid,33,1,60.71,3.0,3,6,3,4.0,Two Year,1,0,0,None,Sleeping Dog,1
CUST02654,52,Male,North,Bachelor,Mid,30,3,72.64,3.0,1,11,25,,One Year,1,1,1,Discount,Persuadable,0
CUST00148,24,Female,North,Bachelor,Low,49,1,21.63,3.0,2,6,24,4.0,Month-to-Month,0,1,0,None,Sure Thing,1
CUST01537,46,Female,Central,Master,Lower-Mid,22,3,90.55,0.0,3,5,8,4.0,Month-to-Month,1,0,0,None,Lost Cause,1
CUST02865,44,Male,South,High School,High,19,2,28.91,7.0,2,10,17,3.0,One Year,1,1,0,None,Sure Thing,0
CUST02883,32,Male,North,Master,Upper-Mid,39,2,48.25,5.0,1,5,15,2.0,Month-to-Month,0,3,1,Loyalty Bonus,Persuadable,0
CUST01124,26,Female,North,Bachelor,,11,1,31.54,0.0,1,7,15,,One Year,1,1,0,None,Lost Cause,0
CUST01352,18,Female,West,,Mid,2,2,19.54,2.0,3,5,14,4.0,Month-to-Month,1,1,0,None,Sleeping Dog,1
CUST00453,28,Male,East,Bachelor,Mid,79,4,74.07,3.0,2,9,5,2.0,Month-to-Month,0,2,0,None,Sleeping Dog,1
CUST02576,26,Female,East,Master,Mid,14,2,66.6,2.0,2,9,9,2.0,Two Year,0,1,1,Personal Outreach,Persuadable,0
CUST03320,67,Female,Central,Master,Low,1,3,54.98,0.0,0,7,1,4.0,Month-to-Month,0,0,0,None,Sleeping Dog,1
CUST00193,42,Female,Central,Diploma,Upper-Mid,103,2,94.16,3.0,0,5,11,2.0,Month-to-Month,1,1,1,Free Upgrade,Lost Cause,1
CUST01039,42,Male,East,Bachelor,Upper-Mid,10,2,81.66,30.0,1,11,31,2.0,Month-to-Month,1,0,0,None,Persuadable,1
CUST02370,54,Female,West,High School,Low,5,1,27.71,15.0,1,5,2,1.0,Month-to-Month,0,2,1,Free Upgrade,Sleeping Dog,1
CUST01137,54,Female,East,High School,High,52,1,71.62,15.0,1,6,10,4.0,Month-to-Month,1,1,0,None,Lost Cause,0
CUST02398,27,Female,West,PhD,High,33,2,60.23,10.0,3,13,41,3.0,Month-to-Month,0,0,0,None,Lost Cause,1
CUST02448,37,Male,Central,High School,Mid,19,2,94.24,0.0,1,14,12,5.0,One Year,1,1,1,Loyalty Bonus,Sure Thing,0
CUST00627,28,Female,West,Bachelor,Upper-Mid,63,3,48.27,0.0,0,5,20,4.0,Two Year,1,1,1,Loyalty Bonus,Lost Cause,0
CUST02874,32,Male,East,Diploma,Lower-Mid,47,3,58.04,0.0,2,7,32,4.0,Two Year,1,0,0,None,Sleeping Dog,0
CUST02529,64,Male,North,Master,Mid,73,1,31.04,1.0,3,11,14,,One Year,1,0,1,Personal Outreach,Sure Thing,0
CUST00975,34,Female,West,Bachelor,High,23,2,41.66,5.0,3,6,43,2.0,Month-to-Month,1,0,0,None,Sleeping Dog,1
CUST01550,54,Male,East,Master,Mid,63,1,157.33,3.0,1,11,53,3.0,Month-to-Month,0,0,0,None,Sure Thing,0
CUST02326,48,Male,West,Bachelor,Mid,2,1,64.08,3.0,4,8,13,4.0,One Year,0,0,0,None,Sleeping Dog,0
CUST00151,43,Male,Central,,Upper-Mid,35,2,73.97,30.0,0,4,1,4.0,Month-to-Month,0,2,1,Loyalty Bonus,Sure Thing,1
CUST02766,49,Male,East,,Low,25,4,52.43,0.0,3,2,60,4.0,Two Year,1,0,1,Discount,Sure Thing,0
CUST01345,51,Female,South,Bachelor,Lower-Mid,2,1,127.29,15.0,1,9,6,5.0,One Year,1,0,0,None,Sure Thing,0
CUST03397,46,Male,Central,Master,Mid,12,1,116.89,30.0,1,9,26,3.0,One Year,0,1,1,Loyalty Bonus,Sure Thing,0
CUST01522,46,Male,Central,Master,Upper-Mid,58,3,26.31,15.0,1,6,22,3.0,Month-to-Month,0,1,0,None,Sure Thing,0
CUST01706,37,Male,East,Diploma,Lower-Mid,5,2,52.69,0.0,1,10,20,3.0,Month-to-Month,1,1,0,None,Lost Cause,1
CUST01940,41,Male,North,Bachelor,Mid,22,2,134.28,10.0,1,9,2,3.0,Month-to-Month,0,1,0,None,Persuadable,1
CUST00485,30,Female,East,Master,Lower-Mid,17,1,64.51,1.0,1,11,5,3.0,One Year,0,1,0,None,Persuadable,0
CUST03303,42,Female,East,Master,Low,7,1,46.01,15.0,0,6,19,3.0,Month-to-Month,1,2,0,None,Sure Thing,1
CUST01372,60,Other,West,Diploma,,1,1,168.15,2.0,0,10,6,3.0,Two Year,1,2,1,Discount,Persuadable,0
CUST02383,44,Female,West,Bachelor,Upper-Mid,17,1,126.3,1.0,0,8,30,4.0,One Year,0,2,0,None,Lost Cause,0
CUST00650,48,Female,East,Diploma,Lower-Mid,28,2,32.1,0.0,3,12,25,5.0,One Year,1,1,0,None,Persuadable,0
CUST02610,55,Male,South,Diploma,Upper-Mid,39,3,37.74,0.0,3,10,77,3.0,Month-to-Month,0,0,0,None,Sure Thing,1
CUST01459,55,Male,South,Bachelor,Mid,3,3,64.87,5.0,3,6,12,5.0,Two Year,1,1,1,Personal Outreach,Lost Cause,0
CUST01348,51,Male,North,Diploma,Mid,1,1,46.55,0.0,0,7,12,5.0,Two Year,0,0,1,Loyalty Bonus,Sleeping Dog,1
CUST01963,46,Male,Central,High School,High,51,2,83.23,15.0,4,5,46,3.0,One Year,0,1,0,None,Sleeping Dog,1
CUST02203,48,Male,East,Bachelor,Upper-Mid,56,3,49.56,30.0,2,7,16,4.0,One Year,0,0,1,Free Upgrade,Sleeping Dog,0
CUST02435,42,Female,South,Master,Lower-Mid,30,3,130.65,3.0,1,8,2,4.0,Month-to-Month,0,1,0,None,Sleeping Dog,1
CUST01415,32,Male,North,Diploma,Low,13,1,62.63,0.0,1,12,7,,Month-to-Month,1,1,1,Free Upgrade,Sure Thing,0
CUST01719,48,Male,East,Diploma,Upper-Mid,8,2,41.07,7.0,1,4,1,4.0,One Year,1,0,0,None,Sleeping Dog,1
CUST01295,40,Female,East,Diploma,Lower-Mid,19,2,57.24,0.0,1,9,27,3.0,One Year,1,0,0,None,Sure Thing,1
CUST00946,27,Female,East,Bachelor,Mid,1,2,52.03,0.0,0,8,10,1.0,One Year,0,0,1,Loyalty Bonus,Lost Cause,1
CUST03180,46,Male,Central,,Low,10,3,80.67,5.0,2,12,7,4.0,One Year,1,0,1,Free Upgrade,Persuadable,0
CUST00073,39,Female,West,Diploma,Mid,2,2,89.3,15.0,2,5,5,5.0,Month-to-Month,0,1,1,Free Upgrade,Persuadable,1
CUST01424,29,Female,West,Diploma,Upper-Mid,35,4,36.83,30.0,3,8,14,3.0,One Year,1,1,0,None,Sure Thing,0
CUST02456,57,Female,East,Master,Upper-Mid,31,2,127.32,10.0,1,5,5,,Two Year,1,0,0,None,Sleeping Dog,0
CUST01590,41,Male,East,High School,Mid,13,2,29.43,15.0,1,10,11,2.0,Month-to-Month,1,0,1,Personal Outreach,Persuadable,1
CUST03289,32,Female,South,Master,Lower-Mid,14,2,66.2,15.0,3,6,5,4.0,Month-to-Month,0,0,1,Personal Outreach,Persuadable,0
CUST00763,70,Male,East,Diploma,Mid,21,1,99.23,10.0,1,12,23,5.0,Month-to-Month,0,1,0,None,Lost Cause,0
CUST00090,46,Male,South,Master,Upper-Mid,65,1,59.76,1.0,3,8,20,4.0,Month-to-Month,1,0,0,None,Sure Thing,1
CUST01299,43,Female,West,Diploma,Upper-Mid,13,3,48.25,30.0,2,6,4,4.0,One Year,0,1,1,Free Upgrade,Sleeping Dog,0
CUST01210,60,Male,South,Bachelor,Low,84,2,56.33,1.0,0,4,38,3.0,Two Year,0,0,0,None,Sure Thing,0
CUST00018,43,Female,North,Bachelor,Lower-Mid,1,3,93.34,0.0,2,9,3,3.0,Month-to-Month,0,0,0,None,Sure Thing,1
CUST03274,48,Female,South,High School,Upper-Mid,56,2,29.07,15.0,4,8,26,1.0,One Year,1,1,0,None,Persuadable,1
CUST00805,34,Other,East,High School,Mid,32,2,29.82,,0,7,86,4.0,Two Year,0,1,1,Loyalty Bonus,Sure Thing,0
CUST02225,32,Female,East,Master,Mid,37,4,31.55,10.0,1,5,14,2.0,Month-to-Month,0,0,0,None,Sure Thing,1
CUST03314,27,Female,Central,,Lower-Mid,8,1,32.73,,3,6,63,2.0,Month-to-Month,1,0,0,None,Persuadable,1
CUST02109,36,Male,West,Diploma,Low,24,1,82.1,0.0,1,4,34,2.0,Two Year,1,0,0,None,Sure Thing,1
CUST00839,51,Male,Central,Diploma,High,14,3,16.4,2.0,2,5,8,4.0,Two Year,0,1,0,None,Persuadable,0
CUST01058,54,Male,East,High School,Mid,10,1,35.03,10.0,2,9,41,2.0,Two Year,0,0,0,None,Persuadable,1
CUST00865,32,Female,West,Master,Mid,40,1,68.46,30.0,3,11,66,1.0,Month-to-Month,1,0,0,None,Persuadable,1
CUST02217,34,Male,South,High School,High,13,1,32.45,2.0,0,7,20,3.0,Month-to-Month,1,1,0,None,Sleeping Dog,0
CUST01919,37,Female,Central,High School,Upper-Mid,74,1,121.91,2.0,3,12,42,2.0,One Year,0,1,0,None,Persuadable,0
CUST00299,49,Male,North,Bachelor,Low,19,1,103.12,1.0,3,7,10,4.0,Month-to-Month,1,0,0,None,Sure Thing,1
CUST02867,29,Male,North,High School,Lower-Mid,47,3,111.99,5.0,0,8,42,5.0,Month-to-Month,0,1,0,None,Sure Thing,0
CUST01196,45,Female,West,High School,High,2,1,44.28,10.0,0,9,10,4.0,Two Year,1,2,0,None,Persuadable,1
CUST02160,46,Male,South,Bachelor,High,5,3,51.71,5.0,1,14,11,3.0,Month-to-Month,1,2,1,Personal Outreach,Sure Thing,1
CUST01062,18,Female,Central,Bachelor,Upper-Mid,68,3,32.0,0.0,2,12,2,3.0,Month-to-Month,0,1,0,None,Sleeping Dog,0
CUST01030,27,Female,West,Diploma,Mid,9,1,138.0,15.0,1,2,27,3.0,Month-to-Month,1,0,1,Free Upgrade,Persuadable,1
CUST02600,34,Female,East,Master,,5,1,46.13,10.0,2,5,23,5.0,One Year,1,1,0,None,Sleeping Dog,0
CUST01433,50,Female,West,Bachelor,Mid,29,1,95.45,7.0,2,6,14,3.0,Month-to-Month,1,0,1,Discount,Sleeping Dog,1
CUST00399,38,Female,West,Bachelor,Mid,21,4,31.03,7.0,2,7,5,5.0,One Year,1,0,0,None,Sure Thing,0
CUST02686,43,Male,South,,Mid,7,3,32.57,,2,10,4,,Month-to-Month,1,0,0,None,Lost Cause,0
CUST01588,35,Male,West,Bachelor,Mid,31,1,158.02,10.0,1,17,44,3.0,Month-to-Month,1,1,1,Loyalty Bonus,Lost Cause,1
CUST01322,46,Male,North,Master,Low,20,1,56.71,5.0,2,6,18,,Month-to-Month,0,0,0,None,Sleeping Dog,1
CUST01964,47,Female,North,High School,Upper-Mid,27,4,32.74,,5,8,5,,One Year,1,0,0,None,Persuadable,0
CUST01626,52,Male,North,Diploma,Upper-Mid,23,3,55.67,7.0,2,12,1,,Month-to-Month,1,1,1,Personal Outreach,Sleeping Dog,0
CUST00396,34,Female,East,Master,High,21,1,192.29,0.0,1,6,16,5.0,Month-to-Month,1,1,0,None,Sleeping Dog,0
CUST00095,35,Male,South,,Mid,1,1,74.04,1.0,2,11,49,1.0,Two Year,1,0,1,Loyalty Bonus,Sleeping Dog,1
CUST01135,37,Other,Central,PhD,Lower-Mid,18,2,137.77,0.0,1,10,2,3.0,Month-to-Month,1,2,0,None,Persuadable,0
CUST02337,46,Female,Central,Master,Mid,26,2,206.73,1.0,0,10,54,,One Year,0,3,0,None,Sure Thing,0
CUST01514,18,Female,South,High School,Mid,17,1,69.05,0.0,1,11,3,5.0,Two Year,1,1,1,Free Upgrade,Sleeping Dog,0
CUST01207,31,Male,Central,Master,Upper-Mid,21,2,211.29,7.0,3,5,27,4.0,Month-to-Month,1,1,1,Discount,Persuadable,0
CUST02738,44,Female,North,Master,Low,5,2,13.44,3.0,1,7,8,4.0,One Year,0,1,1,Loyalty Bonus,Persuadable,0
CUST02701,44,Female,East,Diploma,Low,100,1,112.62,10.0,1,8,55,2.0,Two Year,0,0,0,None,Sure Thing,0
CUST03104,52,Male,West,,Upper-Mid,47,3,152.41,10.0,2,6,8,5.0,Month-to-Month,1,1,0,None,Sleeping Dog,0
CUST02022,43,Male,West,High School,Lower-Mid,21,1,18.63,0.0,3,8,5,3.0,Month-to-Month,1,0,1,Loyalty Bonus,Sleeping Dog,1
CUST01364,28,Male,North,Bachelor,Upper-Mid,11,1,51.04,,1,4,10,,One Year,1,0,0,None,Lost Cause,1
CUST01325,40,Female,East,,Mid,35,4,248.26,0.0,2,12,5,4.0,Month-to-Month,0,0,1,Loyalty Bonus,Sure Thing,0
CUST01708,62,Female,North,High School,Mid,32,2,101.25,0.0,3,11,2,5.0,Month-to-Month,1,0,0,None,Sleeping Dog,1
CUST02327,26,Male,West,High School,Upper-Mid,17,2,30.45,1.0,1,5,34,3.0,Month-to-Month,0,1,1,Discount,Sleeping Dog,1
CUST00662,33,Male,South,Master,Upper-Mid,26,3,52.45,30.0,1,5,1,4.0,One Year,1,0,1,Personal Outreach,Lost Cause,1
CUST01484,35,Female,East,Bachelor,Lower-Mid,65,2,106.33,10.0,2,9,26,2.0,One Year,1,1,0,None,Sleeping Dog,0
CUST01819,37,Male,South,Diploma,Upper-Mid,16,1,78.78,1.0,2,7,1,4.0,Two Year,1,1,1,Personal Outreach,Persuadable,0
CUST03102,50,Male,South,Diploma,Upper-Mid,1,2,124.08,3.0,1,13,5,5.0,Month-to-Month,0,0,0,None,Sure Thing,1
CUST00318,36,Female,East,Diploma,Upper-Mid,4,2,54.8,0.0,0,4,13,2.0,Month-to-Month,1,4,1,Loyalty Bonus,Sleeping Dog,1
CUST02031,49,Female,West,Bachelor,Mid,8,1,53.82,7.0,0,7,53,4.0,Month-to-Month,0,1,1,Free Upgrade,Persuadable,0
CUST02096,39,Female,Central,Bachelor,Mid,24,1,43.07,0.0,2,7,3,3.0,Month-to-Month,0,1,0,None,Persuadable,1
CUST00948,31,Male,South,Bachelor,Lower-Mid,22,3,100.96,1.0,0,7,6,2.0,Month-to-Month,1,0,0,None,Lost Cause,1
CUST02591,54,Male,East,Bachelor,Upper-Mid,14,1,48.1,3.0,2,5,22,4.0,Two Year,1,1,0,None,Lost Cause,0
CUST00771,48,Female,West,Master,Mid,85,2,153.73,0.0,0,1,9,3.0,Month-to-Month,0,0,0,None,Sleeping Dog,1
CUST01725,28,Male,East,Bachelor,Upper-Mid,26,2,185.17,3.0,0,5,3,3.0,Month-to-Month,1,0,1,Discount,Persuadable,1
CUST03243,19,Male,West,Bachelor,Upper-Mid,41,2,79.69,2.0,3,11,30,5.0,Month-to-Month,0,1,1,Personal Outreach,Persuadable,0
CUST00545,18,Other,North,High School,Mid,56,2,34.17,15.0,1,13,29,4.0,Two Year,1,1,1,Free Upgrade,Sure Thing,0
CUST01217,31,Male,North,Diploma,Mid,32,2,47.72,0.0,3,9,28,3.0,One Year,0,0,1,Free Upgrade,Sleeping Dog,0
CUST03481,36,Female,Central,Master,Lower-Mid,36,2,150.73,0.0,2,10,12,2.0,Month-to-Month,1,2,1,Loyalty Bonus,Lost Cause,1
CUST03002,29,Male,North,Bachelor,Mid,45,3,34.74,1.0,2,12,4,,Two Year,0,1,1,Free Upgrade,Lost Cause,0
CUST00636,20,Female,South,Bachelor,Mid,16,4,73.88,7.0,4,7,5,5.0,Month-to-Month,1,0,0,None,Persuadable,0
CUST01796,30,Female,West,Bachelor,Low,11,1,20.65,7.0,4,9,8,3.0,One Year,0,1,0,None,Sleeping Dog,1
CUST02522,75,Female,South,Bachelor,Mid,81,1,345.74,5.0,1,10,42,4.0,One Year,1,1,0,None,Sleeping Dog,0
CUST00109,43,Male,East,Bachelor,Upper-Mid,11,2,179.77,3.0,2,4,56,5.0,Month-to-Month,0,0,1,Discount,Sure Thing,1
CUST02531,45,Female,East,PhD,Mid,35,2,40.0,3.0,1,10,53,3.0,Two Year,0,1,0,None,Sure Thing,0
CUST02375,53,Female,Central,Master,Mid,16,2,61.41,15.0,2,9,36,,One Year,0,3,1,Personal Outreach,Persuadable,0
CUST01912,66,Other,South,High School,Upper-Mid,3,3,31.4,3.0,3,12,32,4.0,One Year,1,0,1,Discount,Lost Cause,0
CUST02976,41,Male,West,Master,Low,11,1,18.38,10.0,0,5,25,2.0,Month-to-Month,1,1,1,Discount,Persuadable,1
CUST02571,40,Female,East,Bachelor,Mid,82,1,197.31,30.0,1,10,7,3.0,Month-to-Month,1,1,1,Free Upgrade,Sleeping Dog,0
CUST01707,48,Male,South,,Upper-Mid,19,1,22.44,15.0,2,6,3,4.0,Month-to-Month,1,0,0,None,Lost Cause,1
CUST03287,36,Male,West,,Upper-Mid,5,1,70.91,7.0,0,11,15,3.0,Two Year,1,0,1,Discount,Persuadable,0
CUST00140,25,Male,South,High School,Mid,33,1,105.67,3.0,3,14,36,5.0,Month-to-Month,1,0,0,None,Lost Cause,0
CUST00713,33,Female,West,High School,Lower-Mid,5,2,149.53,7.0,2,4,10,1.0,Month-to-Month,1,1,0,None,Sleeping Dog,1
CUST03062,36,Female,West,,Upper-Mid,72,3,32.71,0.0,1,6,21,3.0,Two Year,0,0,0,None,Sleeping Dog,0
CUST00288,47,Male,Central,Bachelor,High,45,2,129.35,15.0,3,3,19,5.0,Month-to-Month,0,0,1,Free Upgrade,Sure Thing,1
CUST01376,37,F,South,Bachelor,High,120,2,10.0,7.0,1,11,35,2.0,Two Year,1,1,0,None,Persuadable,0
CUST00824,35,Female,East,Master,Low,3,2,56.97,5.0,1,4,5,2.0,Two Year,1,2,1,Discount,Sleeping Dog,0
CUST02611,47,Female,Central,High School,Upper-Mid,13,2,120.14,10.0,2,7,4,,Month-to-Month,0,1,0,None,Lost Cause,1
CUST02720,41,Female,Central,Master,Upper-Mid,21,1,31.38,1.0,1,6,16,3.0,Two Year,1,0,1,Loyalty Bonus,Sure Thing,0
CUST03270,47,Male,Central,Bachelor,Lower-Mid,39,1,27.71,0.0,0,5,8,4.0,Month-to-Month,1,2,1,Discount,Persuadable,0
CUST01645,27,Male,South,Diploma,Upper-Mid,33,1,120.21,7.0,0,6,12,3.0,One Year,1,0,1,Discount,Persuadable,0
CUST01335,41,Female,South,Bachelor,,59,2,61.75,1.0,1,6,13,2.0,Two Year,1,1,0,None,Lost Cause,1
CUST02878,31,Male,Central,Bachelor,Lower-Mid,26,1,71.39,5.0,1,8,25,2.0,Two Year,0,0,1,Discount,Sure Thing,0
CUST03094,45,Male,North,Bachelor,Upper-Mid,45,1,52.15,1.0,1,7,8,1.0,Two Year,0,2,1,Discount,Sleeping Dog,0
CUST01721,46,Female,Central,High School,Mid,17,1,54.53,0.0,2,4,40,1.0,Month-to-Month,1,0,1,Loyalty Bonus,Sleeping Dog,1
CUST03296,27,Male,East,High School,Mid,120,1,62.99,10.0,1,9,11,5.0,Month-to-Month,1,0,1,Discount,Lost Cause,0
CUST01887,30,Female,West,Bachelor,Lower-Mid,13,3,129.54,10.0,4,6,30,4.0,Month-to-Month,1,0,0,None,Persuadable,1
CUST00526,18,Male,Central,Master,,4,3,51.44,5.0,1,15,26,4.0,Month-to-Month,1,1,0,None,Sleeping Dog,0
CUST02504,32,Male,South,Master,High,28,2,84.52,15.0,1,7,8,3.0,Two Year,1,0,1,Free Upgrade,Lost Cause,0
CUST00507,32,Female,West,Diploma,Mid,14,1,84.89,15.0,0,8,8,3.0,Two Year,1,0,0,None,Sleeping Dog,1
CUST01385,48,Female,North,High School,Upper-Mid,19,2,116.53,3.0,1,10,21,5.0,Month-to-Month,1,1,1,Free Upgrade,Lost Cause,0
CUST00397,19,Female,West,Master,Mid,9,2,98.56,0.0,1,9,23,3.0,One Year,1,1,1,Discount,Sure Thing,0
CUST02540,40,Male,East,High School,Low,13,2,126.29,1.0,1,6,1,4.0,Two Year,1,5,1,Loyalty Bonus,Sleeping Dog,0
CUST00892,46,Male,South,,Mid,22,3,154.07,0.0,0,10,33,3.0,Month-to-Month,1,0,1,Free Upgrade,Persuadable,0
CUST03457,53,Female,West,High School,Lower-Mid,115,2,61.35,,1,5,4,1.0,Two Year,1,1,0,None,Sleeping Dog,0
CUST01313,56,Other,North,High School,Upper-Mid,99,3,68.54,5.0,3,8,40,4.0,Two Year,0,0,0,None,Persuadable,0
CUST00878,42,Female,South,Diploma,Upper-Mid,11,2,66.59,3.0,1,4,43,5.0,One Year,0,3,0,None,Sleeping Dog,0
CUST01915,18,Male,West,Master,Upper-Mid,9,2,60.03,3.0,1,6,20,3.0,One Year,1,0,0,None,Persuadable,0
CUST00014,18,Female,South,Master,Lower-Mid,16,2,18.59,5.0,3,8,25,4.0,Month-to-Month,1,1,0,None,Sleeping Dog,1
CUST03462,62,Male,West,High School,Mid,1,2,187.6,0.0,2,10,16,5.0,Month-to-Month,0,0,1,Personal Outreach,Lost Cause,1
CUST01436,43,Male,North,Master,Upper-Mid,2,4,51.01,1.0,1,7,7,4.0,Two Year,0,0,1,Loyalty Bonus,Sure Thing,0
CUST03242,74,Female,Central,Master,Mid,17,3,71.22,1.0,0,6,1,5.0,Month-to-Month,0,1,0,None,Sure Thing,0
CUST03080,37,Female,Central,,Upper-Mid,18,2,19.46,0.0,3,2,15,3.0,One Year,0,0,1,Free Upgrade,Persuadable,0
CUST00377,50,Male,North,High School,Lower-Mid,8,1,88.89,2.0,0,8,6,5.0,Month-to-Month,1,2,0,None,Lost Cause,0
CUST03428,56,Female,South,Bachelor,Low,73,3,52.71,3.0,2,9,24,5.0,One Year,0,0,1,Loyalty Bonus,Sleeping Dog,0
CUST00858,45,Male,West,,Upper-Mid,49,1,32.11,30.0,2,5,54,4.0,One Year,1,0,0,None,Sure Thing,0
CUST00504,46,Female,South,Bachelor,Low,16,3,38.59,1.0,5,7,1,5.0,One Year,1,2,1,Discount,Sure Thing,0
CUST01082,35,Female,West,PhD,Upper-Mid,1,2,40.24,10.0,1,8,37,2.0,One Year,1,0,0,None,Persuadable,1
CUST00047,34,Female,West,Bachelor,High,59,2,30.23,10.0,0,13,11,3.0,One Year,1,0,0,None,Lost Cause,0
CUST02800,43,Male,North,PhD,Mid,6,1,58.25,0.0,1,9,26,4.0,Month-to-Month,1,0,1,Loyalty Bonus,Sleeping Dog,1
CUST00267,59,Female,Central,High School,Mid,11,1,73.23,0.0,1,8,3,3.0,Month-to-Month,1,1,1,Loyalty Bonus,Persuadable,0
CUST01956,56,Male,North,Diploma,Mid,1,2,61.8,1.0,3,13,4,2.0,Two Year,0,2,1,Discount,Sure Thing,0
CUST03134,57,Male,East,Bachelor,High,55,2,87.83,0.0,1,6,24,3.0,Month-to-Month,1,1,0,None,Sure Thing,0
CUST02426,46,Female,Central,Diploma,Lower-Mid,16,2,62.88,,3,5,41,2.0,Month-to-Month,0,0,1,Discount,Sleeping Dog,1
CUST01023,39,Other,East,Bachelor,Mid,8,1,83.68,0.0,0,9,34,5.0,One Year,0,1,1,Discount,Sleeping Dog,1
CUST00233,40,Female,East,Bachelor,Mid,103,1,34.74,0.0,3,9,23,2.0,One Year,0,0,1,Discount,Lost Cause,0
CUST02870,54,Female,North,Bachelor,Mid,45,3,134.78,1.0,1,8,32,5.0,Two Year,1,0,0,None,Sure Thing,0
CUST03335,56,Female,North,Master,Lower-Mid,12,1,42.23,30.0,3,9,51,5.0,Two Year,1,0,0,None,Sleeping Dog,0
CUST03140,36,Male,East,Diploma,Upper-Mid,26,1,31.88,1.0,0,8,20,4.0,Month-to-Month,1,2,1,Loyalty Bonus,Sleeping Dog,0
CUST03338,38,Male,North,Bachelor,Upper-Mid,16,2,27.08,15.0,2,8,15,5.0,Month-to-Month,1,1,1,Discount,Lost Cause,1
CUST01689,43,Female,South,High School,Mid,26,1,106.51,0.0,1,11,12,3.0,Two Year,1,0,0,None,Sure Thing,0
CUST01190,28,Female,Central,Diploma,Mid,9,1,49.42,15.0,2,14,29,4.0,Two Year,0,0,1,Discount,Sure Thing,0
CUST02051,49,Female,South,Bachelor,Lower-Mid,11,1,100.49,0.0,1,8,45,3.0,Month-to-Month,1,1,1,Loyalty Bonus,Sure Thing,1
CUST02753,34,Female,West,Diploma,Upper-Mid,10,3,98.22,2.0,3,10,8,3.0,One Year,0,1,0,None,Sure Thing,1
CUST00174,44,Male,West,,Low,21,1,135.1,10.0,1,8,32,4.0,One Year,0,1,0,None,Sleeping Dog,1
CUST01166,69,Male,West,Bachelor,Low,1,1,25.19,3.0,1,9,5,1.0,Month-to-Month,1,1,0,None,Persuadable,1
CUST00205,23,Female,North,PhD,Upper-Mid,53,2,66.47,5.0,1,13,1,5.0,One Year,1,0,1,Discount,Persuadable,0
CUST02368,19,Male,Central,Bachelor,Low,9,1,37.79,7.0,0,2,49,2.0,Month-to-Month,1,1,0,None,Sleeping Dog,1
CUST02124,36,Female,South,Bachelor,Low,3,1,35.29,5.0,0,8,2,3.0,Month-to-Month,0,2,1,Discount,Lost Cause,1
CUST01178,38,Male,East,Diploma,High,12,3,89.41,10.0,1,6,25,4.0,Month-to-Month,0,0,0,None,Sleeping Dog,0
CUST01163,23,Female,Central,Bachelor,Mid,36,2,113.86,30.0,3,8,17,3.0,Month-to-Month,0,0,0,None,Sure Thing,1
CUST00631,19,Male,Central,Diploma,Mid,1,1,47.37,10.0,1,11,2,1.0,Month-to-Month,1,1,1,Loyalty Bonus,Sure Thing,1
CUST00682,26,Male,North,,Upper-Mid,5,1,124.07,0.0,1,10,3,2.0,Month-to-Month,1,1,0,None,Persuadable,1
CUST03453,38,Male,Central,Master,Upper-Mid,55,2,83.77,0.0,0,7,16,3.0,Month-to-Month,0,2,0,None,Sure Thing,0
CUST02721,63,Female,East,Master,Low,23,4,50.61,5.0,0,7,1,1.0,Two Year,1,2,1,Loyalty Bonus,Sure Thing,0
CUST01237,60,Female,North,Bachelor,,30,2,26.81,30.0,0,8,1,3.0,Month-to-Month,1,0,0,None,Persuadable,1
CUST03041,47,Female,Central,,Mid,10,1,105.21,30.0,2,7,41,3.0,Month-to-Month,1,0,0,None,Sure Thing,1
CUST01333,37,Male,North,Diploma,Upper-Mid,40,2,133.44,30.0,1,8,11,2.0,One Year,1,1,1,Free Upgrade,Lost Cause,0
CUST00622,45,Male,East,,Upper-Mid,1,2,126.05,30.0,1,7,14,3.0,Month-to-Month,0,3,0,None,Sure Thing,1
CUST01277,67,Male,North,Bachelor,Mid,17,2,47.4,0.0,0,6,26,2.0,One Year,1,0,1,Free Upgrade,Sure Thing,0
CUST03252,43,Male,West,Master,Upper-Mid,92,2,83.03,30.0,2,6,11,5.0,Two Year,1,0,0,None,Persuadable,0
CUST01375,57,Male,South,Diploma,Mid,6,1,77.46,2.0,2,14,2,5.0,Month-to-Month,0,1,0,None,Sleeping Dog,0
CUST01107,47,Female,Central,Master,Low,3,2,57.93,0.0,3,8,1,5.0,Month-to-Month,0,0,0,None,Lost Cause,1
CUST01241,35,Female,South,,Mid,33,2,51.7,5.0,1,9,19,1.0,Month-to-Month,0,1,1,Loyalty Bonus,Lost Cause,1
CUST00133,27,Male,East,High School,Low,29,3,78.87,0.0,1,5,37,4.0,Two Year,0,1,1,Discount,Sleeping Dog,0
CUST01602,56,Female,West,Bachelor,Mid,7,4,96.12,,4,13,1,4.0,Two Year,0,3,0,None,Sleeping Dog,0
CUST01125,59,Male,Central,Master,Mid,12,2,90.01,0.0,1,9,15,3.0,Month-to-Month,1,2,0,None,Sleeping Dog,1
CUST01037,25,Male,South,Diploma,High,4,1,166.47,3.0,2,9,10,5.0,One Year,1,2,1,Discount,Persuadable,0
CUST00645,37,Male,South,Bachelor,High,19,2,70.88,2.0,4,4,36,3.0,Month-to-Month,1,0,1,Loyalty Bonus,Persuadable,0
CUST00779,39,Male,Central,Bachelor,Low,19,1,69.21,0.0,2,10,26,1.0,One Year,1,1,1,Personal Outreach,Sleeping Dog,1
CUST01275,54,Male,Central,High School,High,11,1,77.43,0.0,2,14,4,5.0,One Year,1,1,1,Free Upgrade,Lost Cause,0
CUST01732,35,Other,North,,High,46,1,49.37,,1,8,4,3.0,Month-to-Month,0,1,0,None,Sleeping Dog,1
CUST02552,18,Male,Central,Diploma,Mid,22,3,49.2,30.0,2,10,35,,One Year,0,0,1,Discount,Sleeping Dog,1
CUST01309,53,Male,East,,Mid,61,2,90.7,30.0,3,11,2,2.0,One Year,0,1,1,Free Upgrade,Persuadable,0
CUST01775,31,Male,North,Bachelor,Upper-Mid,6,2,94.81,0.0,3,8,98,2.0,Two Year,1,0,1,Free Upgrade,Lost Cause,1
CUST02737,35,Male,North,Bachelor,Upper-Mid,3,2,132.05,15.0,1,9,40,4.0,Month-to-Month,0,2,0,None,Lost Cause,1
CUST01264,28,Male,East,High School,Upper-Mid,25,1,37.1,7.0,0,11,22,4.0,Month-to-Month,1,0,0,None,Persuadable,0
CUST01456,18,Female,Central,Bachelor,Lower-Mid,1,1,126.64,0.0,0,8,4,3.0,One Year,0,0,1,Discount,Sure Thing,1
CUST02179,64,Male,North,Bachelor,Upper-Mid,14,1,130.31,5.0,1,8,29,4.0,One Year,0,0,1,Personal Outreach,Sure Thing,1
CUST00118,25,Female,West,Bachelor,Upper-Mid,18,3,78.19,7.0,1,6,7,2.0,Two Year,1,2,1,Loyalty Bonus,Lost Cause,0
CUST03415,33,Male,South,Master,Lower-Mid,1,2,39.29,1.0,2,5,2,5.0,Month-to-Month,1,1,1,Discount,Lost Cause,1
CUST01193,32,Female,West,Bachelor,High,32,2,132.15,30.0,2,14,10,4.0,One Year,1,1,0,None,Persuadable,0
CUST01902,35,Male,South,Diploma,Upper-Mid,1,2,65.66,0.0,2,7,54,5.0,Two Year,1,2,1,Loyalty Bonus,Sleeping Dog,0
CUST00564,36,Female,South,Diploma,Upper-Mid,45,1,20.48,0.0,1,13,1,4.0,Month-to-Month,1,1,1,Free Upgrade,Sure Thing,0
CUST01966,41,Female,South,Bachelor,Lower-Mid,12,4,170.5,7.0,0,7,83,3.0,Month-to-Month,1,0,1,Discount,Sleeping Dog,1
CUST00491,39,Male,North,High School,Mid,37,2,59.02,10.0,3,13,14,5.0,One Year,0,0,1,Loyalty Bonus,Persuadable,0
CUST01071,39,Female,South,Bachelor,Mid,45,1,95.97,7.0,1,10,14,4.0,Month-to-Month,0,1,1,Loyalty Bonus,Sure Thing,1
CUST02172,39,Female,East,Bachelor,High,4,2,84.09,15.0,0,8,45,2.0,One Year,0,0,1,Discount,Sleeping Dog,1
CUST02396,22,Male,East,High School,Mid,21,1,106.93,0.0,3,7,55,3.0,One Year,0,1,1,Loyalty Bonus,Sleeping Dog,1
CUST02313,42,Other,Central,Bachelor,Upper-Mid,14,1,10.0,30.0,0,6,4,5.0,One Year,0,1,0,None,Persuadable,0
CUST02183,37,Female,North,High School,Mid,16,4,105.37,,2,11,46,5.0,One Year,1,2,0,None,Sleeping Dog,0
CUST01285,30,Male,North,Bachelor,,21,2,196.85,1.0,1,9,7,,Two Year,1,0,1,Discount,Sleeping Dog,1
CUST02542,24,Female,North,Diploma,,64,3,171.1,0.0,3,8,24,2.0,One Year,0,3,1,Free Upgrade,Sleeping Dog,0
CUST01338,36,Female,South,Bachelor,Mid,120,3,142.28,1.0,3,4,39,5.0,Two Year,0,0,1,Discount,Sleeping Dog,0
CUST01353,46,Other,South,Bachelor,Low,62,4,245.2,0.0,0,11,1,4.0,Month-to-Month,0,0,0,None,Sure Thing,0
CUST03424,45,Male,East,Master,Low,3,1,92.8,15.0,2,10,2,1.0,Month-to-Month,0,0,0,None,Sure Thing,1
CUST00610,57,Female,East,High School,Upper-Mid,4,3,25.36,2.0,1,12,15,3.0,Month-to-Month,1,1,1,Loyalty Bonus,Sleeping Dog,1
CUST01488,18,Female,South,Master,Upper-Mid,37,3,24.54,0.0,2,7,2,5.0,Month-to-Month,0,0,0,None,Sleeping Dog,0
CUST01700,42,Male,North,PhD,Mid,2,1,44.29,10.0,0,12,39,2.0,Two Year,0,0,0,None,Sleeping Dog,1
CUST00623,62,Female,West,High School,High,3,2,29.19,15.0,1,15,8,5.0,Month-to-Month,1,0,0,None,Persuadable,1
CUST01779,34,Female,East,High School,High,50,2,145.42,15.0,2,8,8,3.0,One Year,1,0,1,Discount,Lost Cause,0
CUST00998,47,Male,West,Bachelor,Low,16,4,53.53,1.0,1,8,2,2.0,Month-to-Month,0,0,0,None,Sleeping Dog,1
CUST00577,42,Female,West,Master,Upper-Mid,13,4,32.62,2.0,2,6,1,4.0,Month-to-Month,1,0,0,None,Persuadable,1
CUST01164,20,Female,South,Bachelor,Upper-Mid,33,2,23.2,15.0,2,9,38,5.0,One Year,0,2,1,Personal Outreach,Persuadable,0
CUST01876,56,Female,West,Bachelor,Upper-Mid,8,2,99.2,15.0,2,7,55,3.0,Two Year,0,0,0,None,Sleeping Dog,1
CUST03118,30,Male,West,Master,Upper-Mid,8,1,132.49,10.0,0,8,15,2.0,One Year,1,1,1,Discount,Sleeping Dog,1
CUST02728,56,Female,East,High School,High,4,4,61.42,5.0,2,9,1,3.0,Month-to-Month,0,2,0,None,Sleeping Dog,0
CUST01760,55,Male,East,Master,Upper-Mid,45,2,33.65,10.0,0,7,1,4.0,Month-to-Month,1,0,1,Discount,Sure Thing,0
CUST00756,71,Female,West,Diploma,Upper-Mid,118,4,56.53,10.0,3,8,21,3.0,One Year,1,1,0,None,Lost Cause,0
CUST00755,28,Male,East,Bachelor,Lower-Mid,34,3,31.37,1.0,1,9,25,3.0,One Year,1,1,1,Free Upgrade,Sleeping Dog,0
CUST02066,33,Male,South,Bachelor,Upper-Mid,18,2,83.48,10.0,1,9,3,2.0,Two Year,0,1,1,Loyalty Bonus,Persuadable,0
CUST00640,24,Female,North,Master,Mid,28,1,27.0,3.0,1,12,36,4.0,One Year,1,0,1,Free Upgrade,Persuadable,0
CUST02582,44,Male,East,High School,Mid,32,4,38.18,7.0,0,11,8,3.0,Month-to-Month,0,3,0,None,Lost Cause,1
CUST00044,36,Female,West,Master,Upper-Mid,24,1,121.18,1.0,1,6,4,5.0,One Year,0,2,0,None,Sure Thing,0
CUST00008,49,Male,North,Bachelor,Lower-Mid,7,1,28.62,3.0,1,4,2,5.0,Month-to-Month,1,0,0,None,Lost Cause,1
CUST02754,38,Female,South,Bachelor,Upper-Mid,75,3,36.95,0.0,1,8,6,2.0,Month-to-Month,0,1,0,None,Lost Cause,0
CUST03393,39,Female,Central,Bachelor,,38,1,206.91,0.0,4,6,5,5.0,One Year,1,0,1,Free Upgrade,Lost Cause,0
CUST00472,18,Male,South,Bachelor,Lower-Mid,42,2,60.98,30.0,3,11,19,4.0,Two Year,0,2,1,Free Upgrade,Sure Thing,0
CUST00422,61,Female,East,Bachelor,High,104,1,61.19,0.0,1,3,7,5.0,One Year,0,3,0,None,Persuadable,0
CUST03216,61,Male,East,Bachelor,Upper-Mid,31,2,90.46,0.0,0,10,6,4.0,One Year,1,0,0,None,Persuadable,0
CUST00190,21,Female,North,High School,Lower-Mid,36,1,68.21,3.0,1,7,36,4.0,Month-to-Month,1,0,1,Free Upgrade,Sleeping Dog,1
CUST02014,28,Female,East,High School,Lower-Mid,71,3,88.51,7.0,0,3,19,,Month-to-Month,1,0,1,Loyalty Bonus,Persuadable,0
CUST03433,46,Male,South,High School,Lower-Mid,17,2,49.2,1.0,0,11,28,2.0,Month-to-Month,0,1,0,None,Sure Thing,1
CUST00906,40,Female,Central,Diploma,High,28,3,67.06,10.0,1,9,26,5.0,Two Year,0,0,0,None,Sleeping Dog,0
CUST03251,47,Female,North,,Low,7,2,68.37,15.0,0,10,1,5.0,One Year,1,1,1,Free Upgrade,Persuadable,0
CUST02857,31,Male,West,Diploma,Mid,11,2,39.27,7.0,1,5,13,,Month-to-Month,0,0,1,Free Upgrade,Sure Thing,1
CUST03302,28,Male,Central,Master,Lower-Mid,30,2,44.93,0.0,1,7,57,1.0,One Year,1,1,0,None,Sleeping Dog,0
CUST00465,38,Male,East,High School,Mid,12,1,110.41,1.0,2,8,25,,Month-to-Month,0,0,1,Free Upgrade,Persuadable,0
CUST00216,49,Female,West,,Upper-Mid,8,2,154.57,,1,5,19,4.0,One Year,1,2,1,Loyalty Bonus,Persuadable,0
CUST01354,49,Male,South,Bachelor,Low,26,2,96.6,0.0,1,4,2,5.0,Month-to-Month,0,1,0,None,Persuadable,1
CUST02144,42,Female,Central,Bachelor,High,35,1,38.03,0.0,3,7,23,5.0,Month-to-Month,1,0,1,Discount,Lost Cause,1
CUST03214,58,Female,Central,,Upper-Mid,35,1,44.08,0.0,2,9,5,3.0,One Year,1,0,0,None,Sleeping Dog,1
CUST02190,47,Male,West,Bachelor,Mid,1,2,47.7,3.0,3,6,39,5.0,Month-to-Month,1,1,0,None,Sure Thing,1
CUST03459,40,Male,West,High School,Low,30,1,126.93,1.0,2,7,31,5.0,Month-to-Month,1,1,0,None,Lost Cause,1
CUST01728,49,Male,North,High School,Mid,42,4,67.7,2.0,1,13,9,4.0,Month-to-Month,1,2,1,Personal Outreach,Sleeping Dog,0
CUST00066,56,Female,West,Master,Upper-Mid,13,1,73.27,1.0,0,9,13,4.0,One Year,0,2,0,None,Sleeping Dog,0
CUST02915,48,Male,East,High School,Upper-Mid,6,3,102.44,5.0,2,8,41,3.0,Month-to-Month,1,0,1,Free Upgrade,Lost Cause,1
CUST00433,36,Female,East,Bachelor,Low,2,3,19.85,15.0,5,6,8,1.0,One Year,0,2,0,None,Lost Cause,1
CUST01941,43,Female,North,Master,Low,24,1,93.21,10.0,2,6,21,1.0,Month-to-Month,1,0,1,Loyalty Bonus,Persuadable,1
CUST00049,44,Male,East,High School,Upper-Mid,21,1,95.56,3.0,0,7,3,4.0,Month-to-Month,1,3,0,None,Sleeping Dog,0
CUST02907,35,Female,Central,High School,High,22,3,103.94,30.0,1,6,2,4.0,Month-to-Month,1,0,0,None,Lost Cause,0
CUST01507,48,Male,South,High School,Lower-Mid,106,4,59.75,3.0,0,10,4,4.0,Month-to-Month,1,0,0,None,Persuadable,0
CUST01628,55,Female,East,PhD,Mid,41,3,40.02,15.0,0,8,21,3.0,Two Year,0,0,1,Discount,Sure Thing,0
CUST01584,40,Male,South,PhD,Low,7,3,92.18,2.0,0,5,52,,Month-to-Month,0,1,0,None,Persuadable,1
CUST02145,37,Female,East,High School,Mid,48,3,34.32,10.0,2,9,1,4.0,Month-to-Month,0,1,0,None,Sure Thing,1
CUST02983,48,Male,East,PhD,Lower-Mid,3,2,34.31,3.0,1,9,11,2.0,Two Year,1,3,0,None,Sleeping Dog,0
CUST02373,41,Male,Central,Diploma,Low,18,2,133.3,0.0,0,7,8,1.0,Month-to-Month,0,2,0,None,Sure Thing,1
CUST01610,36,Female,North,Bachelor,Mid,54,2,36.04,1.0,0,7,15,3.0,One Year,1,0,0,None,Sleeping Dog,0
CUST00829,34,Other,North,,Low,69,4,189.92,2.0,0,9,8,5.0,One Year,1,3,1,Discount,Sure Thing,0
CUST02657,26,Female,South,Bachelor,Lower-Mid,6,3,152.08,1.0,2,6,5,3.0,One Year,1,2,1,Discount,Sure Thing,0
CUST00130,33,Female,North,Diploma,Upper-Mid,59,1,57.8,0.0,2,11,5,1.0,Month-to-Month,1,3,0,None,Sure Thing,1
CUST01599,40,Female,South,High School,Mid,2,1,148.37,7.0,1,7,14,4.0,Two Year,0,0,0,None,Sleeping Dog,0
CUST01864,19,Male,Central,High School,High,2,2,139.73,15.0,0,7,43,3.0,Month-to-Month,1,0,0,None,Sleeping Dog,1
CUST03355,32,Female,East,,High,30,1,81.67,0.0,5,6,15,2.0,Two Year,0,1,1,Free Upgrade,Sleeping Dog,1
CUST02749,44,Male,East,Bachelor,Mid,10,1,91.47,0.0,1,7,81,4.0,One Year,1,0,0,None,Persuadable,0
CUST00316,40,Male,Central,Master,Mid,22,1,37.65,1.0,1,5,15,1.0,One Year,1,0,1,Personal Outreach,Sleeping Dog,1
CUST02004,36,Female,West,Bachelor,Mid,1,1,30.69,5.0,3,9,1,4.0,Month-to-Month,0,1,1,Free Upgrade,Sure Thing,1
CUST00238,42,Male,South,Master,Lower-Mid,53,1,54.82,10.0,4,7,27,3.0,One Year,1,1,0,None,Sure Thing,0
CUST02365,32,Male,Central,,Mid,20,4,89.04,7.0,0,8,14,3.0,One Year,1,0,0,None,Lost Cause,0
CUST01916,33,Female,Central,Diploma,Low,12,1,53.98,3.0,0,14,38,3.0,Two Year,0,3,1,Free Upgrade,Sleeping Dog,0
CUST02788,24,Male,Central,Bachelor,Upper-Mid,31,2,69.62,7.0,3,8,12,4.0,Two Year,1,0,0,None,Persuadable,0
CUST03226,28,Female,South,Master,Upper-Mid,11,2,30.15,5.0,2,7,11,3.0,One Year,0,2,0,None,Sure Thing,1
CUST02268,43,Male,South,Bachelor,Mid,66,2,43.18,2.0,1,6,4,3.0,Month-to-Month,1,3,0,None,Sleeping Dog,0
CUST00523,32,Male,Central,Bachelor,Upper-Mid,13,2,28.99,0.0,1,4,25,2.0,One Year,0,0,1,Free Upgrade,Sure Thing,1
CUST03352,35,Female,South,Bachelor,High,21,3,89.18,0.0,2,13,5,4.0,Two Year,1,0,1,Loyalty Bonus,Sure Thing,0
CUST00055,52,Male,West,Master,High,59,2,21.21,30.0,2,4,4,3.0,Month-to-Month,1,0,0,None,Persuadable,1
CUST02291,60,Male,West,PhD,Mid,39,2,213.61,7.0,2,12,6,5.0,Month-to-Month,0,0,1,Loyalty Bonus,Lost Cause,0
CUST03039,28,Male,West,,Mid,22,3,72.15,1.0,1,15,27,4.0,One Year,1,0,0,None,Lost Cause,0
CUST03353,45,Male,East,High School,Upper-Mid,34,1,164.63,30.0,7,12,27,4.0,One Year,1,1,0,None,Sure Thing,0
CUST01110,62,male,North,High School,Mid,6,1,100.92,,0,11,8,5.0,One Year,0,1,0,None,Sleeping Dog,0
CUST03230,39,Male,East,Bachelor,Mid,51,3,69.15,2.0,1,10,1,5.0,Month-to-Month,0,1,0,None,Persuadable,0
CUST01194,43,Male,Central,,Mid,29,3,63.5,5.0,1,10,109,,Month-to-Month,1,2,0,None,Persuadable,1
CUST00383,18,Female,Central,Master,Upper-Mid,7,2,55.15,15.0,2,7,31,4.0,Month-to-Month,0,0,0,None,Persuadable,1
CUST01611,36,Male,North,High School,High,10,2,55.09,0.0,1,8,3,3.0,Month-to-Month,1,0,1,Free Upgrade,Sure Thing,1
CUST02741,44,Other,Central,Diploma,Upper-Mid,1,2,57.7,3.0,1,4,4,2.0,Two Year,0,1,1,Free Upgrade,Sleeping Dog,0
CUST00158,45,Male,Central,Diploma,Mid,44,1,158.9,0.0,2,5,18,,Month-to-Month,1,1,0,None,Sleeping Dog,0
CUST03282,40,Female,West,Master,Low,19,3,29.31,5.0,1,11,47,4.0,One Year,1,0,0,None,Sure Thing,0
CUST02684,48,Female,North,High School,,27,2,27.51,5.0,0,3,7,1.0,Month-to-Month,0,0,0,None,Lost Cause,1
CUST00559,44,Male,North,,Mid,53,2,49.18,0.0,0,8,34,4.0,One Year,0,0,0,None,Sleeping Dog,0
CUST00836,42,Male,South,High School,Low,120,2,90.56,0.0,2,8,7,4.0,One Year,1,0,0,None,Lost Cause,0
CUST03396,23,Male,North,Bachelor,Mid,10,2,54.7,5.0,3,6,2,4.0,Month-to-Month,0,3,0,None,Sleeping Dog,1
CUST00464,42,Female,Central,High School,Upper-Mid,18,2,24.63,0.0,2,8,58,4.0,Two Year,1,1,0,None,Sleeping Dog,0
CUST03144,32,Female,West,Diploma,Upper-Mid,2,2,403.12,5.0,1,12,9,3.0,Month-to-Month,1,0,0,None,Persuadable,1
CUST03175,27,Male,West,Bachelor,Mid,33,2,126.1,0.0,1,6,16,2.0,Two Year,1,1,0,None,Sleeping Dog,0
CUST03173,24,Male,South,Bachelor,Mid,10,3,77.08,5.0,4,8,14,2.0,Month-to-Month,1,2,0,None,Sleeping Dog,1
CUST02148,30,Male,East,Master,High,7,1,48.5,10.0,5,5,2,5.0,One Year,0,1,1,Loyalty Bonus,Persuadable,1
CUST02787,30,Male,East,Bachelor,Lower-Mid,53,2,31.58,10.0,0,12,43,3.0,One Year,0,0,0,None,Lost Cause,0
CUST01797,36,Female,East,Master,Lower-Mid,49,1,35.36,7.0,1,4,4,4.0,One Year,1,1,1,Personal Outreach,Lost Cause,0
CUST03419,24,Male,West,,Low,37,2,63.68,3.0,1,3,1,5.0,Month-to-Month,0,2,1,Discount,Persuadable,0
CUST01898,59,Female,Central,Master,Upper-Mid,12,1,64.54,3.0,0,10,1,4.0,Two Year,1,3,0,None,Sleeping Dog,0
CUST03192,48,Male,South,Diploma,High,56,2,39.27,30.0,1,13,1,4.0,Month-to-Month,1,1,0,None,Persuadable,0
CUST02636,52,Male,Central,High School,High,8,1,31.98,5.0,1,7,29,3.0,Two Year,0,0,1,Personal Outreach,Persuadable,0
CUST01771,40,Male,North,Bachelor,High,42,1,51.69,5.0,1,9,1,5.0,Month-to-Month,1,0,0,None,Sleeping Dog,0
CUST00596,33,Female,North,Diploma,Upper-Mid,22,2,86.05,2.0,1,7,66,5.0,Month-to-Month,0,3,1,Free Upgrade,Lost Cause,0
CUST01086,45,Female,Central,Master,Upper-Mid,32,1,62.73,3.0,1,11,29,2.0,Two Year,0,2,0,None,Lost Cause,0
CUST02740,50,Male,West,Master,Mid,36,2,43.14,2.0,2,9,20,4.0,Two Year,0,1,0,None,Sleeping Dog,0
CUST03359,45,Female,North,Diploma,Upper-Mid,65,1,36.89,0.0,0,5,11,4.0,Month-to-Month,1,0,0,None,Sleeping Dog,0
CUST01600,31,Male,East,Bachelor,Upper-Mid,46,1,82.71,1.0,1,5,1,2.0,Two Year,1,0,0,None,Lost Cause,0
CUST01620,53,Male,West,Bachelor,Lower-Mid,94,2,31.47,10.0,0,9,50,5.0,One Year,0,1,1,Discount,Sleeping Dog,0
CUST02163,45,Female,South,High School,Lower-Mid,94,1,50.43,1.0,1,6,39,2.0,One Year,0,1,0,None,Sure Thing,0
CUST02758,30,Male,North,Master,Mid,23,1,40.95,10.0,2,6,27,3.0,One Year,1,1,0,None,Lost Cause,0
CUST00368,40,Male,North,PhD,Mid,15,2,30.4,7.0,1,7,35,5.0,Month-to-Month,1,0,1,Discount,Persuadable,0
CUST01233,38,Male,South,Diploma,Mid,5,1,60.52,7.0,2,8,1,4.0,Month-to-Month,1,1,1,Free Upgrade,Sleeping Dog,1
CUST03018,18,Female,North,PhD,Mid,49,1,35.41,0.0,4,8,21,4.0,Month-to-Month,1,1,0,None,Sleeping Dog,1
CUST03473,40,Male,East,High School,Lower-Mid,11,2,67.82,0.0,1,8,3,3.0,Month-to-Month,1,0,0,None,Persuadable,1
CUST01652,43,Male,South,PhD,Lower-Mid,1,4,89.36,2.0,1,9,34,1.0,Month-to-Month,1,2,1,Discount,Sleeping Dog,1
CUST03452,24,Male,West,,Low,33,2,73.79,30.0,0,7,24,5.0,Month-to-Month,0,0,0,None,Persuadable,1
CUST00098,43,Male,North,High School,High,11,4,47.08,30.0,3,6,6,2.0,One Year,0,1,1,Personal Outreach,Persuadable,1
CUST00861,42,Male,North,Bachelor,Mid,19,2,76.24,10.0,1,17,2,4.0,Month-to-Month,1,2,0,None,Sure Thing,1
CUST00365,48,Male,West,High School,High,20,1,119.47,0.0,2,7,7,4.0,One Year,1,2,0,None,Sleeping Dog,0
CUST01874,49,Female,East,Bachelor,Low,50,1,63.23,15.0,1,11,8,5.0,Two Year,1,1,1,Discount,Persuadable,0
CUST00382,32,Female,West,Diploma,Lower-Mid,3,2,60.48,7.0,1,8,2,4.0,Month-to-Month,1,0,1,Loyalty Bonus,Sleeping Dog,1
CUST03401,45,Female,South,Bachelor,Upper-Mid,33,3,45.41,2.0,0,5,6,3.0,One Year,0,1,0,None,Sleeping Dog,1
CUST03291,57,Male,West,Bachelor,Upper-Mid,28,2,38.95,0.0,1,12,21,4.0,Month-to-Month,1,1,1,Loyalty Bonus,Lost Cause,0
CUST00029,32,Female,East,Bachelor,Mid,13,3,51.67,0.0,0,4,9,4.0,Month-to-Month,0,1,1,Discount,Sleeping Dog,1
CUST01099,50,Male,East,High School,Upper-Mid,1,1,110.89,,1,11,14,5.0,One Year,0,0,1,Loyalty Bonus,Persuadable,0
CUST00448,28,Male,Central,High School,Upper-Mid,11,4,60.85,0.0,1,9,10,1.0,One Year,1,0,0,None,Persuadable,0
CUST02729,31,Female,East,Bachelor,Upper-Mid,27,2,79.33,,2,7,26,5.0,Month-to-Month,0,1,0,None,Lost Cause,0
CUST00821,33,Male,South,Diploma,Upper-Mid,54,3,81.87,7.0,3,2,9,2.0,Month-to-Month,0,0,0,None,Persuadable,1
CUST03460,25,Female,South,High School,Mid,37,1,83.73,0.0,2,8,20,4.0,Two Year,1,1,0,None,Sure Thing,0
CUST02453,39,Male,Central,Diploma,Upper-Mid,60,4,61.14,,3,8,1,,One Year,0,1,0,None,Persuadable,0
CUST02807,39,Male,South,Master,Upper-Mid,1,1,90.59,15.0,2,12,22,4.0,Month-to-Month,0,0,1,Free Upgrade,Lost Cause,1
CUST03297,60,Male,North,High School,Upper-Mid,17,1,117.02,15.0,2,6,12,4.0,Month-to-Month,1,1,1,Discount,Sleeping Dog,1
CUST01525,35,Male,West,High School,Low,20,3,69.07,15.0,3,10,7,3.0,Month-to-Month,1,0,1,Loyalty Bonus,Sleeping Dog,1
CUST02975,50,Male,North,Bachelor,Lower-Mid,64,2,48.29,5.0,0,9,7,1.0,Two Year,1,0,1,Free Upgrade,Persuadable,0
CUST00722,19,Female,North,High School,High,6,1,71.37,3.0,1,4,36,3.0,Two Year,0,0,0,None,Sure Thing,0
CUST01546,45,Male,South,Bachelor,Upper-Mid,17,2,20.18,2.0,1,6,22,5.0,Month-to-Month,1,0,0,None,Sure Thing,1
CUST01545,32,Female,North,High School,Mid,61,1,80.12,10.0,1,6,28,3.0,Two Year,0,2,0,None,Sure Thing,0
CUST02278,26,Female,East,High School,Low,20,1,169.51,10.0,1,8,11,1.0,One Year,0,1,0,None,Sleeping Dog,1
CUST01512,37,Male,West,Diploma,Upper-Mid,4,2,122.03,0.0,1,5,5,5.0,Month-to-Month,1,0,1,Free Upgrade,Persuadable,0
CUST02952,49,Other,South,Bachelor,,1,1,109.77,,1,7,3,4.0,One Year,1,1,0,None,Sleeping Dog,0
CUST00780,47,Female,Central,,Upper-Mid,3,1,63.37,0.0,0,11,9,3.0,One Year,1,0,1,Discount,Sure Thing,0
CUST02984,43,Female,South,High School,Upper-Mid,21,2,70.98,10.0,2,7,3,4.0,Month-to-Month,0,0,1,Loyalty Bonus,Sure Thing,1
CUST01024,65,Female,Central,Diploma,Low,2,1,70.05,30.0,1,5,69,5.0,Two Year,1,0,0,None,Sure Thing,0
CUST00005,37,Female,South,Diploma,Mid,15,1,19.25,3.0,1,10,18,2.0,Two Year,1,1,1,Free Upgrade,Persuadable,0
CUST00429,52,Male,East,Master,Upper-Mid,38,2,103.68,10.0,1,8,11,1.0,One Year,1,2,1,Discount,Lost Cause,1
CUST02322,49,Female,East,Master,High,67,1,35.72,0.0,1,11,28,1.0,Month-to-Month,1,3,0,None,Lost Cause,1
CUST03431,45,Male,South,Bachelor,High,19,4,73.41,0.0,1,8,58,2.0,Month-to-Month,1,1,0,None,Lost Cause,1
CUST00517,46,Male,West,High School,High,63,1,95.39,7.0,1,5,8,5.0,Month-to-Month,1,0,0,None,Persuadable,0
CUST02419,44,Male,East,Diploma,Lower-Mid,70,1,224.46,2.0,1,10,35,2.0,Month-to-Month,1,0,1,Personal Outreach,Persuadable,1
CUST02866,36,Male,Central,Bachelor,High,47,4,75.82,0.0,0,10,1,3.0,Month-to-Month,0,0,1,Free Upgrade,Sleeping Dog,0
CUST03200,45,Male,North,High School,Upper-Mid,1,1,61.98,7.0,4,8,34,2.0,Month-to-Month,0,0,0,None,Sleeping Dog,1
CUST00351,43,Female,East,Master,Upper-Mid,4,3,272.56,0.0,0,7,14,3.0,One Year,1,0,1,Loyalty Bonus,Persuadable,0
CUST01939,53,Male,East,Bachelor,Mid,15,2,208.09,15.0,2,9,10,3.0,Month-to-Month,1,0,1,Loyalty Bonus,Lost Cause,1
CUST02993,40,Female,East,Bachelor,Mid,22,2,38.92,0.0,2,12,24,2.0,One Year,0,0,0,None,Lost Cause,1
CUST02565,29,Male,North,High School,Lower-Mid,41,1,66.71,0.0,4,5,8,3.0,Two Year,1,1,0,None,Sure Thing,0
CUST00661,33,Female,East,High School,Low,30,3,82.74,0.0,0,10,41,4.0,Month-to-Month,0,2,0,None,Sure Thing,1
CUST03213,60,Male,Central,Master,Mid,82,1,41.84,10.0,0,16,4,5.0,One Year,1,0,1,Loyalty Bonus,Sleeping Dog,0
CUST02717,47,Female,Central,Bachelor,Mid,32,1,41.95,,5,8,15,3.0,Month-to-Month,0,1,0,None,Lost Cause,1
CUST02666,23,Male,North,Bachelor,Upper-Mid,1,2,36.36,30.0,2,11,39,4.0,One Year,0,2,0,None,Lost Cause,1
CUST00900,30,Female,North,High School,Mid,131,2,80.39,30.0,2,10,10,,Month-to-Month,1,0,1,Loyalty Bonus,Lost Cause,1
CUST01685,25,Male,East,Bachelor,Mid,33,3,77.7,0.0,1,8,91,4.0,One Year,0,1,1,Free Upgrade,Persuadable,0
CUST02517,41,Male,Central,PhD,Mid,44,1,79.52,3.0,1,5,3,4.0,Month-to-Month,1,0,1,Free Upgrade,Lost Cause,0
CUST00159,25,Male,East,Master,Mid,37,3,99.89,,3,9,4,3.0,One Year,0,1,0,None,Sure Thing,0
CUST00384,33,Male,East,Diploma,Mid,3,1,58.82,,1,3,9,4.0,Two Year,0,0,0,None,Sure Thing,0
CUST02471,52,Male,South,Master,Lower-Mid,42,4,82.69,0.0,3,6,4,4.0,One Year,0,0,0,None,Sure Thing,0
CUST00141,42,Male,East,Bachelor,Low,32,2,102.32,5.0,2,9,39,4.0,Month-to-Month,1,2,0,None,Sure Thing,0
CUST00466,37,Male,Central,PhD,Lower-Mid,18,1,56.51,1.0,1,13,12,5.0,Month-to-Month,1,0,1,Free Upgrade,Sleeping Dog,0
CUST02597,32,Female,Central,Master,Mid,6,2,59.59,15.0,1,7,32,4.0,Month-to-Month,0,0,0,None,Persuadable,1
CUST01702,45,Female,North,High School,Low,5,2,34.08,5.0,0,11,30,4.0,One Year,0,0,1,Free Upgrade,Sleeping Dog,0
CUST00300,47,Male,East,Bachelor,Mid,61,2,82.62,,1,10,8,5.0,Month-to-Month,1,3,0,None,Sleeping Dog,0
CUST02851,33,Female,North,,Low,38,2,108.74,15.0,1,8,22,2.0,Two Year,1,2,1,Discount,Sleeping Dog,0
CUST00398,56,Male,East,Master,Upper-Mid,59,3,29.33,30.0,1,5,32,3.0,Month-to-Month,1,2,1,Personal Outreach,Sure Thing,0
CUST02840,38,Female,North,Diploma,Upper-Mid,1,2,63.79,10.0,0,12,16,3.0,One Year,1,2,1,Discount,Sure Thing,0
CUST00935,45,Male,Central,High School,Lower-Mid,1,2,301.32,1.0,3,3,60,1.0,Month-to-Month,1,1,0,None,Sleeping Dog,1
CUST00888,35,Other,North,Bachelor,Mid,1,2,147.9,0.0,0,13,9,3.0,One Year,1,2,0,None,Persuadable,0
CUST02143,42,Male,North,PhD,Upper-Mid,19,2,120.86,1.0,2,8,1,2.0,Two Year,1,0,0,None,Persuadable,0
CUST01691,47,Female,East,High School,Mid,33,2,200.4,15.0,0,4,28,,Month-to-Month,0,3,1,Loyalty Bonus,Lost Cause,1
CUST01034,47,Male,North,Bachelor,,14,2,37.8,1.0,1,11,11,5.0,Two Year,0,1,1,Loyalty Bonus,Sure Thing,0
CUST03158,41,Female,South,Bachelor,Mid,22,1,14.11,1.0,0,6,3,3.0,One Year,1,0,0,None,Persuadable,0
CUST02810,33,Male,East,High School,Low,83,2,20.54,0.0,2,2,18,4.0,Month-to-Month,1,0,0,None,Persuadable,1
CUST01445,44,Male,North,Master,Low,81,3,49.09,15.0,3,3,26,3.0,Month-to-Month,0,1,1,Discount,Sleeping Dog,1
CUST01049,57,Female,North,Bachelor,Mid,7,1,141.83,10.0,0,5,2,4.0,Month-to-Month,0,2,0,None,Persuadable,1
CUST03455,18,Male,North,Bachelor,Lower-Mid,84,1,67.52,3.0,0,12,26,3.0,Two Year,0,2,1,Discount,Sure Thing,0
CUST02385,40,Male,East,High School,Mid,72,2,25.21,30.0,2,10,1,2.0,Month-to-Month,1,1,1,Loyalty Bonus,Sleeping Dog,1
CUST02923,37,Male,West,Master,Mid,1,2,94.19,3.0,2,9,18,1.0,One Year,0,0,0,None,Sleeping Dog,1
CUST00847,43,Male,South,Diploma,Lower-Mid,25,1,161.75,0.0,1,8,26,4.0,One Year,0,1,0,None,Persuadable,0
CUST00252,51,Male,Central,Bachelor,Mid,4,2,231.08,3.0,1,2,35,4.0,One Year,0,0,0,None,Sleeping Dog,1
CUST02887,33,Male,Central,Bachelor,Upper-Mid,12,2,119.7,0.0,0,8,16,3.0,Two Year,0,0,0,None,Lost Cause,0
CUST02418,44,Female,West,High School,Lower-Mid,97,1,28.69,15.0,2,9,35,5.0,Month-to-Month,0,1,0,None,Sleeping Dog,1
CUST00807,42,Female,East,Master,High,21,2,105.92,0.0,1,9,45,3.0,Month-to-Month,1,0,0,None,Sure Thing,1
CUST02781,50,Female,South,High School,Lower-Mid,32,1,56.98,1.0,2,8,1,1.0,Month-to-Month,0,1,1,Loyalty Bonus,Lost Cause,1
CUST00716,53,Male,South,Bachelor,Lower-Mid,35,2,94.0,,4,9,25,4.0,One Year,0,1,1,Discount,Lost Cause,1
CUST00337,30,Male,North,Diploma,Mid,38,2,16.5,,2,6,2,1.0,Month-to-Month,1,0,0,None,Persuadable,1
CUST02747,42,Female,South,Master,Upper-Mid,1,3,34.74,7.0,2,11,6,3.0,Month-to-Month,1,0,0,None,Persuadable,1
CUST00988,50,Male,West,Bachelor,Mid,3,1,31.23,2.0,2,9,30,4.0,Two Year,0,1,0,None,Sure Thing,0
CUST01615,37,Female,North,Master,Lower-Mid,1,3,36.89,5.0,1,9,24,2.0,Month-to-Month,0,0,1,Personal Outreach,Persuadable,1
CUST00196,44,Male,East,Master,High,10,1,53.58,2.0,0,6,3,3.0,One Year,1,2,0,None,Sleeping Dog,1
CUST02660,46,Female,West,Bachelor,Upper-Mid,1,2,134.64,0.0,1,3,4,4.0,Month-to-Month,0,0,1,Free Upgrade,Sleeping Dog,1
CUST02388,28,Female,North,Bachelor,Low,20,2,26.38,10.0,0,9,11,3.0,Month-to-Month,1,1,0,None,Sleeping Dog,1
CUST01045,37,Female,West,Master,Upper-Mid,11,2,31.71,0.0,0,8,2,4.0,Two Year,1,1,1,Personal Outreach,Persuadable,0
CUST00280,35,Male,East,Bachelor,Mid,34,4,92.48,30.0,2,11,7,4.0,Month-to-Month,1,0,1,Discount,Persuadable,0
CUST00097,43,Male,South,Master,Low,17,2,21.15,7.0,0,7,6,2.0,Month-to-Month,1,2,1,Personal Outreach,Sleeping Dog,1
CUST00442,39,Female,South,Bachelor,Upper-Mid,120,1,43.67,15.0,0,7,1,1.0,One Year,1,2,0,None,Sure Thing,0
CUST01197,39,Male,East,High School,High,67,1,80.18,30.0,0,9,35,2.0,One Year,1,0,1,Discount,Persuadable,0
CUST01597,47,Female,South,Bachelor,Lower-Mid,36,1,76.27,0.0,1,16,61,3.0,Two Year,0,1,0,None,Persuadable,0
CUST03464,52,Female,East,Bachelor,Low,2,3,93.19,1.0,0,4,65,4.0,One Year,0,2,0,None,Sure Thing,0
CUST01043,52,Female,West,Diploma,,9,2,152.55,7.0,0,14,49,4.0,Month-to-Month,0,0,0,None,Sleeping Dog,1
CUST02744,46,Female,South,Diploma,Lower-Mid,10,2,75.03,10.0,0,17,7,,One Year,0,1,0,None,Sleeping Dog,1
CUST03044,42,Male,East,Diploma,Upper-Mid,8,2,36.77,7.0,1,10,13,5.0,One Year,1,0,0,None,Lost Cause,0
CUST01948,39,Male,Central,Bachelor,Mid,12,3,36.71,0.0,0,14,46,3.0,One Year,1,1,0,None,Sleeping Dog,0
CUST00331,39,F,West,Diploma,Lower-Mid,27,2,63.0,10.0,0,6,1,3.0,Month-to-Month,1,0,1,Loyalty Bonus,Lost Cause,0
CUST02632,45,Male,East,Diploma,Upper-Mid,12,4,70.54,0.0,1,6,3,2.0,Month-to-Month,0,3,0,None,Persuadable,0
CUST03376,27,Male,East,,Upper-Mid,7,1,164.98,2.0,4,6,20,4.0,Month-to-Month,0,1,0,None,Sleeping Dog,1
CUST00862,21,Female,East,Bachelor,Upper-Mid,24,1,69.5,5.0,2,9,43,1.0,Month-to-Month,0,0,1,Loyalty Bonus,Persuadable,1
CUST00746,31,Female,West,Master,Low,8,1,31.3,3.0,0,6,6,4.0,One Year,0,1,1,Free Upgrade,Sleeping Dog,0
CUST03135,40,Male,South,High School,Upper-Mid,5,1,51.46,10.0,0,9,1,5.0,Month-to-Month,0,0,0,None,Lost Cause,1
CUST01654,35,Male,West,Bachelor,Mid,19,1,106.5,7.0,0,8,10,4.0,One Year,0,0,0,None,Lost Cause,1
CUST01112,42,Male,East,Bachelor,Lower-Mid,15,2,48.67,30.0,3,11,13,2.0,One Year,1,1,1,Discount,Sleeping Dog,1
CUST00328,49,Male,North,Diploma,Mid,11,1,70.17,0.0,1,8,38,4.0,Two Year,1,3,0,None,Sleeping Dog,0
CUST01802,39,Female,North,Bachelor,Mid,58,3,68.75,,2,8,38,3.0,Month-to-Month,0,1,1,Discount,Lost Cause,1
CUST01871,26,Male,West,Bachelor,Mid,12,2,58.84,2.0,3,5,3,4.0,Month-to-Month,0,2,1,Discount,Sure Thing,1
CUST01821,38,Female,South,High School,Mid,2,1,140.86,30.0,1,10,34,2.0,Month-to-Month,0,0,1,Discount,Sleeping Dog,1
CUST03049,45,Male,South,High School,Upper-Mid,63,1,12.52,3.0,4,7,1,4.0,Month-to-Month,0,0,0,None,Persuadable,1
CUST03132,39,Male,South,Master,Upper-Mid,6,3,51.97,0.0,2,8,40,4.0,Two Year,1,1,1,Free Upgrade,Lost Cause,0
CUST02287,49,Female,Central,Diploma,High,88,1,29.37,1.0,3,7,7,4.0,Two Year,0,0,1,Free Upgrade,Persuadable,0
CUST00595,52,Male,Central,Bachelor,Low,75,1,26.73,10.0,0,5,23,,Month-to-Month,0,0,1,Personal Outreach,Persuadable,1
CUST01543,59,Female,South,High School,Mid,2,2,72.9,5.0,2,12,57,3.0,Month-to-Month,1,0,0,None,Persuadable,1
CUST02042,35,Male,Central,Bachelor,High,26,4,33.66,0.0,1,8,13,5.0,Month-to-Month,0,1,0,None,Sure Thing,0
CUST01924,42,Female,North,Diploma,Lower-Mid,8,1,55.36,30.0,2,9,10,4.0,Two Year,1,2,0,None,Sleeping Dog,0
CUST00550,32,Male,West,Bachelor,Upper-Mid,29,2,35.66,0.0,1,10,19,1.0,Two Year,0,1,1,Free Upgrade,Sleeping Dog,0
CUST00557,34,Male,East,PhD,,63,3,90.58,0.0,0,10,3,4.0,Month-to-Month,1,0,1,Loyalty Bonus,Sleeping Dog,1
CUST01359,22,Female,Central,,Lower-Mid,26,3,45.63,0.0,0,8,10,2.0,Month-to-Month,1,2,0,None,Persuadable,0
CUST02966,36,Female,East,Bachelor,Mid,36,2,39.73,0.0,3,12,99,2.0,Month-to-Month,0,0,0,None,Persuadable,1
CUST00542,26,Male,West,Master,Mid,34,2,151.73,1.0,5,7,34,3.0,Two Year,0,3,0,None,Persuadable,0
CUST01730,62,Male,West,High School,Lower-Mid,8,3,49.32,5.0,1,6,12,3.0,Month-to-Month,0,1,0,None,Persuadable,1
CUST00253,65,Female,East,Diploma,Lower-Mid,17,3,72.32,5.0,1,5,34,1.0,Month-to-Month,1,1,0,None,Sure Thing,1
CUST00265,36,Male,North,High School,Mid,12,1,25.78,10.0,1,7,10,2.0,Month-to-Month,0,0,1,Loyalty Bonus,Lost Cause,1
CUST03250,18,Female,Central,High School,Low,11,2,27.72,0.0,1,11,1,4.0,Two Year,1,2,1,Loyalty Bonus,Lost Cause,0
CUST01472,32,Female,East,Master,Lower-Mid,34,3,66.7,5.0,1,8,52,3.0,Two Year,0,0,1,Loyalty Bonus,Persuadable,0
CUST01235,30,Female,South,High School,Low,56,3,86.49,0.0,1,5,29,,Month-to-Month,0,0,0,None,Persuadable,0
CUST03449,35,Male,South,Bachelor,Mid,4,2,133.47,30.0,2,6,1,2.0,One Year,1,1,0,None,Lost Cause,1
CUST01402,46,Male,Central,Bachelor,Lower-Mid,13,3,59.92,3.0,1,6,7,4.0,Month-to-Month,1,0,0,None,Sleeping Dog,0
CUST01873,36,Female,Central,Master,Upper-Mid,21,1,113.95,2.0,0,14,30,5.0,Month-to-Month,0,0,1,Discount,Lost Cause,0
CUST01807,43,Female,Central,High School,Upper-Mid,77,1,63.41,7.0,2,6,12,4.0,Month-to-Month,0,0,0,None,Sleeping Dog,0
CUST00919,34,Female,East,Bachelor,Lower-Mid,48,1,115.7,5.0,0,8,1,4.0,One Year,0,0,0,None,Persuadable,0
CUST02890,44,Male,East,Master,Upper-Mid,21,1,61.12,7.0,2,3,23,3.0,Two Year,0,0,0,None,Sure Thing,1
CUST01065,35,Female,Central,Master,Low,5,2,78.45,30.0,1,14,13,4.0,One Year,1,0,1,Free Upgrade,Sure Thing,0
CUST02425,21,Male,Central,Diploma,Mid,9,3,15.36,30.0,3,10,12,1.0,One Year,1,2,0,None,Persuadable,1
CUST00301,30,Female,West,Bachelor,Mid,16,3,31.79,15.0,2,8,29,4.0,Month-to-Month,1,2,1,Loyalty Bonus,Sleeping Dog,1
CUST02842,21,Male,West,Bachelor,Low,25,2,41.92,0.0,2,3,1,4.0,One Year,0,0,1,Free Upgrade,Sleeping Dog,0
CUST00554,43,Female,North,Master,Upper-Mid,2,3,71.21,2.0,3,4,5,3.0,Two Year,1,2,1,Discount,Lost Cause,1
CUST00468,49,Male,East,Bachelor,Lower-Mid,18,1,78.94,15.0,2,7,25,3.0,Two Year,0,1,1,Loyalty Bonus,Sleeping Dog,0
CUST00345,34,Male,South,Diploma,High,17,2,63.4,10.0,1,3,32,4.0,One Year,1,0,1,Free Upgrade,Persuadable,1
CUST02357,35,Male,South,,Lower-Mid,26,2,112.35,30.0,1,5,14,4.0,Two Year,0,1,1,Discount,Sleeping Dog,0
CUST02783,25,Female,North,Diploma,Lower-Mid,66,2,87.86,7.0,2,10,1,3.0,Month-to-Month,0,3,0,None,Sure Thing,1
CUST03194,32,Female,Central,High School,Upper-Mid,68,1,178.3,10.0,0,8,29,5.0,Month-to-Month,0,2,0,None,Persuadable,0
CUST02813,60,Male,East,Bachelor,Low,5,2,75.78,0.0,0,7,1,5.0,One Year,1,1,0,None,Persuadable,1
CUST01418,43,Female,North,Bachelor,High,21,1,25.35,7.0,0,13,33,,Month-to-Month,0,0,1,Loyalty Bonus,Persuadable,1
CUST03305,53,FEMALE,South,Master,Mid,1,2,193.15,1.0,0,8,69,1.0,Month-to-Month,1,0,0,None,Persuadable,1
CUST01785,40,Female,West,Bachelor,Lower-Mid,7,2,265.67,0.0,0,4,12,5.0,Two Year,0,1,1,Loyalty Bonus,Persuadable,0
CUST01449,54,Male,East,High School,Upper-Mid,25,3,74.25,0.0,1,11,21,4.0,Month-to-Month,1,1,1,Loyalty Bonus,Persuadable,0
CUST00167,49,Female,South,Master,Lower-Mid,3,1,58.79,30.0,3,9,13,4.0,Month-to-Month,0,3,1,Free Upgrade,Sleeping Dog,1
CUST01339,35,Male,West,Bachelor,Upper-Mid,34,1,74.65,0.0,2,12,1,3.0,One Year,0,0,1,Loyalty Bonus,Sleeping Dog,0
CUST02295,30,Male,East,Diploma,Mid,84,1,69.13,0.0,2,4,3,1.0,One Year,1,0,0,None,Sure Thing,0
CUST02167,30,Male,Central,Bachelor,Mid,93,1,52.11,10.0,1,8,21,3.0,One Year,1,0,0,None,Persuadable,0
CUST02541,31,Female,South,Bachelor,Mid,3,2,50.47,3.0,2,5,49,5.0,Month-to-Month,0,2,1,Discount,Persuadable,0
CUST03019,34,Female,Central,Bachelor,Upper-Mid,32,2,178.15,30.0,2,10,5,4.0,Month-to-Month,1,0,1,Personal Outreach,Lost Cause,1
CUST00440,39,Female,South,Master,Upper-Mid,67,3,55.94,1.0,0,8,57,2.0,One Year,1,0,1,Discount,Persuadable,0
CUST01542,61,Male,Central,High School,Lower-Mid,7,1,62.82,0.0,1,9,6,,Two Year,1,2,0,None,Sleeping Dog,0
CUST00022,37,Male,Central,Diploma,Upper-Mid,30,2,89.36,7.0,1,8,16,3.0,Month-to-Month,1,1,0,None,Sure Thing,1
CUST00920,42,Male,North,Diploma,Lower-Mid,52,3,93.19,5.0,2,7,8,3.0,Month-to-Month,1,0,0,None,Persuadable,1
CUST01743,40,Male,East,Diploma,Low,10,3,117.34,5.0,2,7,29,5.0,One Year,1,0,0,None,Sure Thing,0
CUST01080,50,Female,North,Bachelor,Mid,32,1,147.72,,0,8,30,2.0,One Year,0,0,1,Free Upgrade,Persuadable,1
CUST01735,49,Male,East,Bachelor,Mid,120,2,122.01,1.0,0,11,5,5.0,One Year,0,1,0,None,Lost Cause,0
CUST01850,45,Female,West,PhD,Mid,55,4,38.58,5.0,0,9,8,1.0,One Year,0,3,0,None,Sure Thing,0
CUST02078,54,Female,South,Bachelor,Low,29,2,49.78,15.0,1,5,39,2.0,Month-to-Month,1,0,1,Discount,Lost Cause,0
CUST01228,38,Female,South,Bachelor,Mid,13,2,51.81,30.0,0,4,26,2.0,Month-to-Month,0,0,1,Discount,Sleeping Dog,1
CUST02959,53,Male,East,Bachelor,,50,1,110.52,0.0,3,6,16,4.0,Month-to-Month,1,1,1,Discount,Sure Thing,1
CUST02255,24,Female,West,Bachelor,Lower-Mid,11,2,26.18,7.0,1,6,11,2.0,One Year,0,1,1,Free Upgrade,Persuadable,0
CUST01214,50,Female,East,Master,Upper-Mid,4,2,36.35,15.0,4,10,6,4.0,Month-to-Month,1,0,0,None,Persuadable,1
CUST01592,18,Male,North,Diploma,Upper-Mid,1,2,53.68,7.0,2,7,52,4.0,Two Year,0,2,0,None,Sure Thing,0
CUST01906,45,Female,Central,High School,Upper-Mid,9,1,1856.5702509107296,30.0,1,9,12,3.0,Two Year,1,0,1,Free Upgrade,Persuadable,0
CUST00488,27,Female,North,PhD,Upper-Mid,1,1,79.41,1.0,2,6,5,2.0,One Year,1,0,1,Personal Outreach,Lost Cause,1
CUST00230,48,Female,South,Bachelor,Lower-Mid,21,4,29.68,0.0,3,7,12,1.0,Month-to-Month,0,0,1,Discount,Persuadable,1
CUST02905,21,Female,Central,,,5,1,61.1,10.0,1,12,22,3.0,Month-to-Month,0,0,1,Loyalty Bonus,Sure Thing,1
CUST01975,39,Male,South,,High,7,4,43.18,1.0,0,11,7,4.0,One Year,1,0,0,None,Persuadable,0
CUST01746,42,Male,North,High School,Mid,30,4,148.89,0.0,1,9,50,4.0,Two Year,1,1,1,Loyalty Bonus,Lost Cause,0
CUST03181,51,Male,Central,Diploma,Mid,12,1,23.35,3.0,2,11,26,3.0,Month-to-Month,1,1,1,Loyalty Bonus,Persuadable,0
CUST00287,38,Male,North,Bachelor,High,112,1,38.88,30.0,0,10,3,4.0,Month-to-Month,0,4,0,None,Sleeping Dog,0
CUST01931,25,Male,East,High School,Upper-Mid,76,1,53.68,0.0,0,9,22,4.0,Month-to-Month,1,2,1,Discount,Sleeping Dog,1
CUST01759,59,Female,East,Bachelor,Upper-Mid,13,2,41.61,2.0,1,11,11,2.0,Month-to-Month,0,0,1,Discount,Sleeping Dog,1
CUST02269,33,Male,North,Bachelor,Low,39,2,53.07,0.0,1,13,55,1.0,Month-to-Month,0,0,1,Discount,Persuadable,0
CUST00811,37,Female,North,High School,Mid,54,3,80.82,2.0,3,8,43,2.0,One Year,0,0,0,None,Sure Thing,1
CUST02624,56,Female,Central,PhD,High,10,2,31.7,15.0,2,9,2,4.0,Two Year,0,0,1,Loyalty Bonus,Sure Thing,0
CUST00432,18,Male,West,High School,Mid,44,1,96.34,2.0,1,9,3,5.0,Two Year,1,2,1,Discount,Sure Thing,0
CUST03392,30,Male,North,Bachelor,Lower-Mid,30,1,109.47,5.0,1,9,37,2.0,Month-to-Month,0,3,1,Discount,Sleeping Dog,1
CUST02528,47,Female,Central,High School,Low,19,2,79.2,30.0,0,7,8,5.0,Two Year,1,0,0,None,Sleeping Dog,0
CUST03458,35,Male,East,Master,Mid,54,4,54.11,30.0,3,9,1,2.0,Two Year,1,3,0,None,Lost Cause,0
CUST01369,34,Male,West,Master,Mid,7,2,34.78,2.0,1,6,16,4.0,One Year,1,0,0,None,Lost Cause,0
CUST00621,30,Male,North,Master,High,31,1,46.12,1.0,0,8,28,2.0,Two Year,1,0,1,Discount,Lost Cause,0
CUST03217,20,Male,South,Bachelor,Mid,29,3,88.06,2.0,1,16,6,,Month-to-Month,1,0,0,None,Sleeping Dog,0
CUST01521,54,Male,South,PhD,Upper-Mid,41,2,38.62,30.0,1,10,2,4.0,One Year,0,1,0,None,Lost Cause,0
CUST02705,42,Female,East,Diploma,Lower-Mid,42,1,54.89,2.0,0,8,4,5.0,Month-to-Month,1,2,1,Personal Outreach,Persuadable,0
CUST00937,27,Male,West,Bachelor,Upper-Mid,11,2,66.74,1.0,1,1,25,1.0,One Year,1,1,1,Loyalty Bonus,Lost Cause,1
CUST01206,40,Female,North,Bachelor,Lower-Mid,62,1,47.06,30.0,0,6,27,3.0,Month-to-Month,1,0,0,None,Sure Thing,0
CUST01203,41,Male,East,Bachelor,High,14,1,28.57,10.0,4,10,30,3.0,Two Year,0,2,0,None,Sleeping Dog,0
CUST02467,30,Male,North,Bachelor,Low,22,1,52.28,15.0,2,10,42,4.0,Two Year,1,0,0,None,Persuadable,0
CUST02981,43,Male,North,Bachelor,,1,2,31.87,1.0,0,6,25,4.0,Month-to-Month,1,0,0,None,Lost Cause,1
CUST02155,24,Male,South,,Low,21,1,57.37,3.0,1,5,43,4.0,One Year,1,0,1,Free Upgrade,Sure Thing,0
CUST00131,21,Male,East,High School,Low,38,3,62.09,0.0,0,7,25,2.0,Month-to-Month,0,1,0,None,Sure Thing,1
CUST02034,46,Female,North,Bachelor,Mid,4,1,55.84,0.0,2,7,3,4.0,Month-to-Month,1,0,1,Loyalty Bonus,Persuadable,0
CUST00956,53,Female,Central,Master,Mid,43,1,65.89,30.0,1,9,1,5.0,Month-to-Month,1,0,0,None,Sleeping Dog,0
CUST00914,58,Female,North,High School,Mid,120,2,88.97,,2,6,34,2.0,One Year,1,0,0,None,Sure Thing,0
CUST00860,47,Male,South,,Lower-Mid,4,3,45.05,,3,6,12,4.0,One Year,0,1,0,None,Sure Thing,1
CUST01316,24,Female,West,High School,Mid,4,1,48.04,15.0,0,7,47,2.0,Month-to-Month,0,1,1,Discount,Lost Cause,1
CUST02202,37,Female,West,Bachelor,Upper-Mid,12,2,137.37,15.0,1,8,4,1.0,One Year,1,1,0,None,Lost Cause,1
CUST03112,36,Male,South,Bachelor,Low,47,2,99.16,7.0,1,4,2,4.0,Month-to-Month,0,0,0,None,Persuadable,1
CUST00128,33,Male,North,Bachelor,Lower-Mid,13,2,121.85,2.0,2,9,22,2.0,One Year,1,0,0,None,Sleeping Dog,0
CUST00285,65,Male,Central,High School,Upper-Mid,72,1,31.38,5.0,1,8,1,4.0,Month-to-Month,0,2,1,Loyalty Bonus,Sleeping Dog,0
CUST03195,21,Male,West,Master,Mid,52,2,34.88,2.0,0,5,11,2.0,Two Year,1,0,1,Discount,Sleeping Dog,0
CUST00979,20,Male,North,High School,Upper-Mid,21,2,34.69,0.0,1,11,46,5.0,Month-to-Month,1,0,0,None,Sure Thing,1
CUST00624,56,Male,West,Bachelor,High,69,2,32.5,5.0,2,12,43,,Month-to-Month,1,1,1,Loyalty Bonus,Sure Thing,0
CUST02986,28,Female,East,Bachelor,High,6,2,54.13,7.0,0,9,47,2.0,Two Year,0,1,1,Loyalty Bonus,Sleeping Dog,1
CUST00689,48,Female,North,Diploma,Mid,49,1,129.4,0.0,1,7,13,,One Year,1,0,0,None,Sure Thing,0
CUST02226,55,Male,East,Diploma,Mid,21,4,60.28,0.0,5,9,8,4.0,One Year,1,2,0,None,Persuadable,0
CUST01367,39,Male,Central,Bachelor,Mid,18,1,177.71,30.0,2,10,4,3.0,Month-to-Month,1,2,1,Free Upgrade,Lost Cause,1
CUST02349,48,Female,North,,Lower-Mid,32,2,98.05,3.0,0,7,25,4.0,One Year,1,0,0,None,Persuadable,0
CUST00996,36,Male,South,High School,Lower-Mid,2,1,45.08,1.0,0,4,27,1.0,One Year,0,0,0,None,Persuadable,1
CUST02443,24,M,West,Bachelor,High,78,1,41.41,30.0,1,3,21,3.0,One Year,0,2,0,None,Sleeping Dog,1
CUST03337,23,Male,East,Bachelor,Mid,34,1,108.42,1.0,0,13,8,1.0,Two Year,1,1,1,Discount,Sure Thing,0
CUST02409,49,Female,Central,Bachelor,Mid,86,2,26.92,3.0,2,4,23,3.0,Two Year,1,0,1,Loyalty Bonus,Sure Thing,0
CUST02441,60,Male,North,,Mid,75,2,19.81,0.0,1,6,43,,Month-to-Month,0,1,1,Free Upgrade,Sleeping Dog,1
CUST00611,47,Male,West,Bachelor,Mid,6,4,54.5,0.0,0,11,64,5.0,One Year,0,0,0,None,Sleeping Dog,0
CUST00459,33,Male,West,Diploma,High,10,2,31.93,15.0,1,9,1,2.0,One Year,1,1,0,None,Sure Thing,1
CUST02615,47,Female,East,Bachelor,Mid,21,1,70.84,0.0,0,6,13,3.0,Month-to-Month,0,1,1,Personal Outreach,Persuadable,0
CUST01991,49,Female,East,Diploma,Lower-Mid,20,1,76.08,2.0,0,12,12,4.0,One Year,0,0,1,Discount,Sure Thing,0
CUST00463,31,Male,Central,Bachelor,Mid,3,4,55.15,10.0,3,6,4,4.0,Month-to-Month,0,0,1,Free Upgrade,Persuadable,1
CUST01574,23,Male,North,High School,Low,7,1,48.17,1.0,2,9,12,5.0,Month-to-Month,0,0,0,None,Persuadable,1
CUST00793,43,Male,South,Bachelor,Mid,5,1,39.87,0.0,1,15,1,2.0,One Year,1,0,0,None,Persuadable,1
CUST00505,32,Male,South,High School,Upper-Mid,31,2,64.29,0.0,0,13,14,4.0,Two Year,1,1,1,Personal Outreach,Sure Thing,0
CUST00309,46,Male,South,Master,Lower-Mid,1,3,65.04,15.0,1,9,31,2.0,One Year,0,0,0,None,Sleeping Dog,1
CUST02056,30,Male,South,High School,Mid,2,2,46.48,15.0,1,6,13,2.0,Month-to-Month,1,1,1,Discount,Persuadable,1
CUST00364,44,Female,West,Bachelor,Mid,106,3,75.93,7.0,1,8,18,5.0,One Year,1,1,1,Personal Outreach,Sure Thing,0
CUST00580,53,Male,South,Bachelor,Low,9,3,85.45,0.0,2,14,1,5.0,Month-to-Month,0,0,0,None,Sure Thing,0
CUST00106,44,Female,South,High School,Low,92,2,23.53,3.0,0,9,27,2.0,Month-to-Month,0,0,1,Loyalty Bonus,Sleeping Dog,1
CUST03281,29,Male,East,,Mid,9,2,28.36,5.0,1,10,17,2.0,Two Year,0,0,1,Personal Outreach,Sleeping Dog,0
CUST01133,59,Female,North,Bachelor,Low,2,3,31.53,5.0,0,11,5,3.0,Month-to-Month,1,1,0,None,Persuadable,0
CUST00508,29,Male,South,Master,Mid,79,2,74.3,0.0,2,10,30,5.0,Two Year,1,2,0,None,Sure Thing,0
CUST01012,42,Female,Central,PhD,Upper-Mid,165,1,42.07,1.0,1,10,20,4.0,Month-to-Month,1,0,0,None,Lost Cause,0
CUST02001,31,Female,East,Diploma,Lower-Mid,9,2,44.84,3.0,1,10,47,2.0,Two Year,0,0,1,Free Upgrade,Sure Thing,1
CUST00947,21,Male,North,Bachelor,Lower-Mid,64,2,83.6,5.0,1,10,24,4.0,Two Year,1,3,0,None,Persuadable,0
CUST01609,43,Female,South,Bachelor,Upper-Mid,1,3,23.08,0.0,2,10,5,5.0,Month-to-Month,0,0,0,None,Sleeping Dog,1
CUST03339,46,Male,North,Master,Upper-Mid,1,2,129.47,0.0,0,11,11,4.0,Month-to-Month,1,2,0,None,Lost Cause,0
CUST03379,46,Male,Central,Bachelor,High,26,2,81.22,0.0,5,9,19,5.0,Month-to-Month,1,1,0,None,Sure Thing,0
CUST01337,32,Male,West,High School,High,1,2,222.17,0.0,1,4,3,4.0,Two Year,1,2,0,None,Sure Thing,0
CUST02207,57,Male,Central,Bachelor,Mid,1,2,20.06,3.0,1,6,7,4.0,Month-to-Month,1,0,1,Discount,Persuadable,1
CUST01681,44,Female,West,Diploma,Lower-Mid,11,1,93.89,3.0,0,6,9,2.0,One Year,1,0,1,Free Upgrade,Persuadable,1
CUST02560,51,Female,North,Bachelor,Mid,4,3,63.42,7.0,0,8,15,3.0,One Year,1,1,0,None,Persuadable,1
CUST03222,49,Female,North,Bachelor,Low,1,1,102.91,0.0,0,11,40,4.0,One Year,0,0,1,Discount,Lost Cause,1
CUST00189,29,Female,South,High School,Lower-Mid,89,3,49.57,0.0,1,5,54,5.0,Two Year,0,0,1,Free Upgrade,Persuadable,0
CUST03188,50,Female,West,Master,Mid,23,3,131.73,1.0,1,7,12,4.0,One Year,0,0,1,Personal Outreach,Sleeping Dog,0
CUST02496,49,Male,North,Master,High,24,2,49.47,1.0,3,9,7,3.0,One Year,0,1,1,Free Upgrade,Lost Cause,0
CUST02451,29,Male,North,Bachelor,Mid,71,2,29.07,7.0,3,9,7,3.0,Two Year,0,1,1,Discount,Lost Cause,0
CUST02209,36,Male,East,Bachelor,Upper-Mid,6,1,61.53,10.0,1,10,30,4.0,Two Year,0,0,0,None,Persuadable,0
CUST03398,57,Female,West,Bachelor,Mid,120,4,65.06,0.0,1,7,11,3.0,One Year,0,0,1,Free Upgrade,Sure Thing,0
CUST03351,33,Male,Central,Bachelor,Low,25,2,80.78,30.0,1,8,6,3.0,Month-to-Month,0,0,1,Loyalty Bonus,Persuadable,0
CUST03202,45,Female,Central,Bachelor,,4,4,55.2,1.0,1,6,22,3.0,Month-to-Month,0,1,0,None,Sure Thing,1
CUST03012,55,Male,Central,Bachelor,Mid,2,3,32.61,7.0,5,7,106,4.0,Month-to-Month,0,2,0,None,Persuadable,1
CUST02655,32,Male,West,PhD,Lower-Mid,31,2,105.08,,2,6,49,3.0,One Year,0,0,1,Discount,Sleeping Dog,0
CUST01722,36,Female,North,High School,Low,26,1,48.53,5.0,0,12,33,3.0,Month-to-Month,1,1,1,Loyalty Bonus,Lost Cause,1
CUST02012,30,Male,South,Bachelor,High,4,3,31.07,7.0,2,9,11,,Month-to-Month,0,1,1,Personal Outreach,Persuadable,1
CUST00174,44,Male,West,,Low,21,1,135.1,10.0,1,8,32,4.0,One Year,0,1,0,None,Sleeping Dog,1
CUST02150,20,Male,East,High School,Upper-Mid,60,1,52.74,0.0,1,6,16,5.0,One Year,1,0,1,Discount,Sleeping Dog,0
CUST02265,48,Female,East,Master,Mid,59,3,115.87,1.0,1,2,35,3.0,Month-to-Month,1,0,1,Loyalty Bonus,Sleeping Dog,0
CUST00863,58,Male,North,High School,Low,11,3,57.34,5.0,0,6,2,5.0,One Year,1,0,0,None,Persuadable,1
CUST01174,39,Male,West,Master,Lower-Mid,25,1,72.01,10.0,3,6,18,2.0,Month-to-Month,0,0,0,None,Lost Cause,1
CUST01341,41,Female,South,High School,Lower-Mid,13,1,84.57,,1,11,13,3.0,One Year,0,0,1,Personal Outreach,Sleeping Dog,0
CUST01930,63,Female,North,Bachelor,Mid,40,1,55.73,2.0,2,7,5,3.0,Month-to-Month,0,1,0,None,Sure Thing,0
CUST01510,57,Male,North,Diploma,High,21,2,126.05,1.0,3,6,36,5.0,Two Year,0,2,1,Free Upgrade,Sleeping Dog,0
CUST02417,46,Female,North,PhD,Upper-Mid,1,3,87.81,3.0,2,10,18,4.0,Month-to-Month,0,0,1,Loyalty Bonus,Sleeping Dog,1
CUST01116,44,Male,East,High School,Mid,1,1,59.81,0.0,0,13,38,3.0,Month-to-Month,1,1,1,Free Upgrade,Lost Cause,1
CUST00354,38,Male,East,Bachelor,High,15,1,102.76,15.0,0,6,2,5.0,Two Year,1,0,0,None,Persuadable,0
CUST01035,34,Female,North,Bachelor,Upper-Mid,2,2,182.04,0.0,1,8,31,,Month-to-Month,1,0,1,Free Upgrade,Sleeping Dog,1
CUST02444,48,Male,West,PhD,Lower-Mid,8,2,128.64,0.0,1,4,4,3.0,One Year,1,0,0,None,Sleeping Dog,1
CUST00732,28,Male,North,Master,Low,13,3,12.36,15.0,0,15,20,5.0,Month-to-Month,0,0,0,None,Persuadable,0
CUST01446,32,Female,South,Master,Mid,40,2,150.29,7.0,3,10,29,3.0,Two Year,0,0,1,Discount,Persuadable,0
CUST00703,31,Female,East,High School,Upper-Mid,68,1,57.96,7.0,2,13,2,4.0,One Year,1,2,0,None,Lost Cause,0
CUST03409,37,Female,South,Master,Mid,41,1,46.42,15.0,0,6,19,3.0,Month-to-Month,0,1,1,Discount,Sleeping Dog,1
CUST02785,34,Female,West,Bachelor,High,10,2,13.41,2.0,4,8,31,3.0,One Year,0,0,0,None,Sure Thing,1
CUST02996,40,Male,South,Master,Mid,59,3,83.94,,1,8,34,4.0,Two Year,1,1,1,Discount,Lost Cause,0
CUST00161,28,Female,North,Bachelor,Lower-Mid,1,2,68.6,0.0,4,8,14,4.0,One Year,0,2,0,None,Sleeping Dog,0
CUST02957,51,Female,Central,,High,49,1,57.97,0.0,3,9,8,3.0,Month-to-Month,0,1,0,None,Sleeping Dog,0
CUST03020,46,Other,Central,Bachelor,Upper-Mid,1,1,77.33,30.0,3,5,13,3.0,Two Year,1,0,1,Loyalty Bonus,Lost Cause,1
CUST02224,37,Male,Central,High School,Lower-Mid,5,1,72.51,0.0,1,11,12,5.0,One Year,1,0,1,Loyalty Bonus,Sleeping Dog,0
CUST03451,34,Male,North,Bachelor,Mid,29,2,27.02,7.0,0,6,11,5.0,Two Year,1,0,1,Loyalty Bonus,Sleeping Dog,0
CUST01138,25,Female,East,High School,Upper-Mid,16,3,47.83,3.0,2,9,22,1.0,One Year,1,0,0,None,Sure Thing,1
CUST01386,43,Male,Central,Bachelor,High,14,2,62.29,10.0,2,4,10,3.0,Two Year,1,0,1,Personal Outreach,Sleeping Dog,0
CUST01199,42,Male,West,Bachelor,Lower-Mid,14,4,47.39,2.0,0,4,27,3.0,Month-to-Month,1,1,0,None,Sure Thing,1
CUST00502,62,Female,North,Bachelor,Low,65,4,69.07,5.0,0,5,11,1.0,Month-to-Month,1,3,1,Loyalty Bonus,Persuadable,0
CUST01845,41,Female,South,Master,Mid,7,2,73.47,5.0,1,13,49,2.0,One Year,1,2,1,Personal Outreach,Lost Cause,1
CUST02005,18,Male,Central,Bachelor,Upper-Mid,5,3,141.37,5.0,1,12,28,4.0,One Year,0,0,1,Discount,Sure Thing,0
CUST00163,53,Male,East,Diploma,,33,2,19.15,7.0,2,9,11,3.0,Month-to-Month,1,1,0,None,Sure Thing,1
CUST01992,49,Female,Central,Master,Lower-Mid,1,1,72.17,0.0,2,8,10,4.0,Two Year,1,0,1,Personal Outreach,Persuadable,0
CUST01978,51,Male,East,High School,Lower-Mid,19,1,93.61,5.0,1,3,3,2.0,One Year,1,2,1,Personal Outreach,Lost Cause,0
CUST01679,51,Male,Central,Bachelor,Mid,23,2,132.68,1.0,1,9,29,4.0,Month-to-Month,0,2,0,None,Persuadable,0
CUST00186,48,Female,East,,Low,27,1,30.61,15.0,3,9,7,4.0,One Year,1,1,0,None,Sure Thing,1
CUST00460,25,Male,West,Diploma,Mid,30,2,68.46,5.0,1,5,28,5.0,One Year,1,0,1,Loyalty Bonus,Sleeping Dog,1
CUST02964,27,Male,South,High School,Mid,35,1,59.37,1.0,2,12,7,4.0,Month-to-Month,0,1,1,Personal Outreach,Sleeping Dog,1
CUST02242,47,Male,East,Master,Lower-Mid,3,3,77.72,15.0,2,6,43,3.0,One Year,1,0,0,None,Sure Thing,0
CUST01008,47,Female,Central,,Low,6,2,73.52,0.0,0,11,30,5.0,Month-to-Month,0,1,0,None,Persuadable,0
CUST01009,52,Male,South,High School,Lower-Mid,7,1,12.62,0.0,1,11,32,5.0,Two Year,1,1,0,None,Persuadable,0
CUST02432,27,Male,South,Diploma,High,63,2,25.34,10.0,1,10,1,3.0,Month-to-Month,1,1,1,Discount,Persuadable,0
CUST02395,38,Female,West,,Upper-Mid,59,1,124.06,3.0,2,4,88,5.0,Month-to-Month,0,1,1,Personal Outreach,Sleeping Dog,1
CUST01917,30,Male,North,Master,Upper-Mid,8,2,66.64,3.0,3,8,40,2.0,Month-to-Month,0,0,1,Personal Outreach,Sure Thing,1
CUST02243,63,Female,East,,Upper-Mid,14,3,78.15,1.0,1,8,1,4.0,Two Year,0,1,0,None,Persuadable,0
CUST01288,46,Male,South,Master,Mid,16,1,18.64,10.0,0,7,32,2.0,Month-to-Month,1,0,1,Loyalty Bonus,Persuadable,1
CUST00369,41,Female,North,,Upper-Mid,8,1,38.68,5.0,5,6,16,4.0,Two Year,0,0,0,None,Persuadable,0
CUST01169,47,Male,North,Master,Upper-Mid,120,1,210.58,30.0,0,5,8,3.0,Two Year,1,1,0,None,Sleeping Dog,0
CUST01403,54,Female,South,,Mid,4,2,79.8,1.0,2,9,1,2.0,One Year,1,0,0,None,Sure Thing,1
CUST02507,75,Female,Central,High School,Upper-Mid,47,1,106.96,1.0,2,6,18,3.0,Month-to-Month,0,1,1,Loyalty Bonus,Sure Thing,1
CUST01319,32,Female,West,Bachelor,Low,114,1,62.78,5.0,0,14,28,5.0,One Year,1,0,1,Loyalty Bonus,Persuadable,0
CUST00494,29,Female,North,Diploma,Lower-Mid,26,1,48.36,30.0,1,10,3,3.0,One Year,0,0,1,Discount,Sure Thing,1
CUST00232,42,Female,West,Master,Lower-Mid,120,2,44.57,3.0,3,11,15,5.0,One Year,0,1,1,Discount,Persuadable,0
CUST02464,25,Male,East,High School,High,19,3,125.67,,5,11,1,3.0,Month-to-Month,0,1,1,Loyalty Bonus,Persuadable,0
CUST00334,31,Male,West,High School,Low,51,1,77.28,3.0,3,2,40,4.0,Two Year,1,1,1,Free Upgrade,Lost Cause,0
CUST01476,47,M,West,PhD,Upper-Mid,3,1,52.2,1.0,0,6,24,2.0,Month-to-Month,0,1,0,None,Sleeping Dog,1
CUST02707,41,Female,East,Bachelor,Lower-Mid,4,1,59.27,3.0,1,13,15,3.0,Month-to-Month,1,1,1,Discount,Sleeping Dog,1
CUST00789,39,Male,Central,Master,High,9,2,79.48,,1,5,51,3.0,Month-to-Month,1,2,0,None,Sleeping Dog,1
CUST01139,47,Female,South,Bachelor,Upper-Mid,41,2,136.07,0.0,0,9,83,1.0,Two Year,0,1,0,None,Sure Thing,0
CUST02881,18,Male,Central,High School,Mid,7,2,105.2,0.0,0,7,7,4.0,One Year,0,0,1,Discount,Sleeping Dog,0
CUST02694,38,Female,East,Diploma,Upper-Mid,37,1,31.14,0.0,2,9,10,4.0,One Year,0,0,1,Personal Outreach,Persuadable,0
CUST00381,29,Female,Central,Bachelor,Low,8,2,1891.8132228573377,30.0,4,12,46,2.0,Two Year,1,0,1,Personal Outreach,Lost Cause,0
CUST02703,64,Female,West,Bachelor,Mid,5,3,90.31,5.0,1,9,21,4.0,Month-to-Month,1,0,0,None,Sure Thing,1
CUST00068,52,M,Central,Diploma,Low,14,3,30.56,0.0,1,9,6,1.0,Month-to-Month,0,1,0,None,Sleeping Dog,1
CUST01741,38,Female,Central,Master,Mid,57,1,46.32,7.0,1,9,9,4.0,Month-to-Month,1,2,0,None,Lost Cause,0
CUST02364,53,Female,Central,Master,Upper-Mid,25,3,59.87,1.0,0,8,15,3.0,One Year,0,0,1,Free Upgrade,Persuadable,0
CUST00478,43,Male,East,Master,Lower-Mid,28,2,34.04,0.0,1,6,1,,Month-to-Month,1,0,1,Loyalty Bonus,Lost Cause,1
CUST02876,29,Female,West,Bachelor,Lower-Mid,58,2,44.15,15.0,0,5,1,3.0,Month-to-Month,0,0,1,Personal Outreach,Sure Thing,0
CUST02567,28,Female,West,Bachelor,High,43,2,48.04,0.0,2,5,1,5.0,Month-to-Month,0,0,1,Free Upgrade,Lost Cause,0
CUST02245,59,Female,West,Master,High,8,1,80.48,0.0,1,5,25,,Month-to-Month,1,2,0,None,Persuadable,1
CUST01173,41,Male,South,Master,Low,32,2,37.11,2.0,2,10,42,2.0,One Year,0,0,0,None,Lost Cause,0
CUST03075,31,Female,East,Master,Upper-Mid,1,3,28.64,7.0,0,8,9,,One Year,1,0,1,Discount,Persuadable,0
CUST01934,38,Female,North,Bachelor,Upper-Mid,13,1,44.88,1.0,2,7,39,5.0,Month-to-Month,0,1,0,None,Sleeping Dog,1
CUST01282,38,Male,Central,Bachelor,Upper-Mid,48,2,31.15,0.0,2,7,9,3.0,Month-to-Month,1,1,1,Discount,Sleeping Dog,0
CUST00426,56,Female,North,High School,Low,24,3,55.0,2.0,0,9,19,2.0,One Year,1,0,0,None,Sleeping Dog,0
CUST01603,32,Male,North,Bachelor,Mid,63,1,124.67,1.0,3,11,41,4.0,One Year,1,4,1,Loyalty Bonus,Persuadable,0
CUST00208,46,Male,South,Bachelor,Mid,13,3,92.22,30.0,0,4,20,3.0,Month-to-Month,0,0,1,Discount,Persuadable,0
CUST01334,57,Female,South,,Lower-Mid,12,3,43.34,0.0,2,6,12,5.0,One Year,1,3,1,Free Upgrade,Lost Cause,0
CUST00200,26,Female,North,Bachelor,Low,22,1,22.54,10.0,2,9,7,4.0,Two Year,1,2,0,None,Sleeping Dog,0
CUST03430,53,Other,West,High School,Lower-Mid,120,2,94.85,10.0,1,9,2,2.0,One Year,0,1,1,Discount,Persuadable,0
CUST02087,33,Female,Central,High School,Mid,3,3,116.11,1.0,1,8,3,3.0,One Year,0,0,1,Personal Outreach,Sure Thing,0
CUST00882,33,Female,South,High School,High,118,1,34.62,15.0,1,13,53,4.0,Month-to-Month,1,1,1,Discount,Lost Cause,0
CUST00144,42,Female,East,Master,Mid,10,1,34.53,2.0,0,6,12,2.0,Two Year,1,0,1,Free Upgrade,Persuadable,0
CUST01581,42,Male,East,Master,Mid,37,2,127.59,10.0,4,7,9,4.0,Two Year,1,1,1,Loyalty Bonus,Persuadable,0
CUST00250,44,Male,North,Bachelor,,3,1,45.67,0.0,0,3,5,4.0,Month-to-Month,0,2,1,Personal Outreach,Sleeping Dog,1
CUST02197,45,Female,East,High School,Mid,52,1,25.47,30.0,2,9,8,4.0,Month-to-Month,1,2,0,None,Lost Cause,0
CUST02247,29,Female,South,,Mid,18,2,27.77,7.0,2,4,6,3.0,One Year,0,2,1,Free Upgrade,Persuadable,0
CUST01455,46,Female,Central,Bachelor,Lower-Mid,165,3,124.37,30.0,0,8,38,4.0,Month-to-Month,1,1,0,None,Persuadable,1
CUST03321,42,Male,North,Bachelor,Low,51,2,71.95,7.0,6,5,73,4.0,One Year,1,0,0,None,Sleeping Dog,1
CUST02361,27,Female,Central,PhD,Upper-Mid,76,2,49.12,5.0,1,9,9,5.0,One Year,0,1,0,None,Lost Cause,0
CUST00418,41,Male,East,Master,High,16,3,98.14,10.0,2,6,8,3.0,Month-to-Month,1,1,0,None,Sleeping Dog,0
CUST03344,54,Female,West,Master,Upper-Mid,1,2,66.1,10.0,3,6,42,5.0,Two Year,1,1,1,Discount,Lost Cause,1
CUST02506,30,Female,West,Diploma,Upper-Mid,39,1,43.82,1.0,0,9,23,3.0,Month-to-Month,1,1,0,None,Lost Cause,1
CUST02545,69,Male,South,,Mid,70,3,62.28,7.0,1,4,1,5.0,Month-to-Month,0,0,0,None,Lost Cause,0
CUST02935,50,Female,North,Master,Low,21,2,52.71,0.0,2,5,44,5.0,Month-to-Month,1,3,1,Free Upgrade,Sleeping Dog,0
CUST02213,50,Female,Central,Bachelor,Mid,1,1,27.19,0.0,1,7,4,5.0,One Year,0,1,1,Loyalty Bonus,Lost Cause,1
CUST02786,35,Male,South,PhD,Lower-Mid,38,1,48.39,1.0,3,5,82,2.0,Month-to-Month,1,1,1,Personal Outreach,Sure Thing,1
CUST03308,44,Male,East,Bachelor,Low,22,2,103.82,7.0,1,9,30,1.0,One Year,0,0,0,None,Sure Thing,1
CUST03385,53,Male,East,Diploma,Lower-Mid,1,1,136.18,10.0,1,10,1,4.0,One Year,0,1,0,None,Persuadable,1
CUST01129,39,Female,East,Bachelor,Low,11,1,50.25,15.0,3,5,4,,One Year,0,1,0,None,Sleeping Dog,1
CUST01523,37,Female,West,Diploma,Lower-Mid,14,1,37.74,5.0,3,16,43,3.0,Two Year,1,0,0,None,Persuadable,0
CUST02795,39,Male,South,,Mid,16,2,22.36,3.0,0,12,19,4.0,Two Year,1,1,0,None,Sure Thing,0
CUST02146,57,Female,East,High School,Mid,7,1,64.98,1.0,0,7,34,3.0,One Year,1,0,1,Discount,Sleeping Dog,1
CUST01486,51,Female,East,Diploma,Lower-Mid,12,1,47.9,3.0,0,9,20,4.0,Two Year,0,0,1,Discount,Sleeping Dog,0
CUST02139,25,Male,Central,Bachelor,Mid,79,2,73.72,0.0,2,7,5,,Month-to-Month,1,0,1,Loyalty Bonus,Sleeping Dog,0
CUST03476,24,Male,South,Bachelor,High,8,2,51.27,30.0,1,7,25,5.0,Month-to-Month,0,3,1,Discount,Lost Cause,1
CUST00913,42,Male,East,High School,Low,31,2,43.83,3.0,4,11,39,3.0,One Year,1,0,1,Loyalty Bonus,Persuadable,0
CUST01922,48,Male,East,PhD,Low,49,4,50.05,30.0,1,7,17,3.0,Month-to-Month,0,1,0,None,Sleeping Dog,0
CUST02416,43,Female,West,Bachelor,Upper-Mid,26,1,45.09,5.0,3,16,6,4.0,Two Year,0,0,1,Discount,Persuadable,0
CUST00084,33,Male,Central,Master,Upper-Mid,11,1,122.44,2.0,0,7,22,5.0,Two Year,1,0,0,None,Persuadable,0
CUST00766,31,Other,West,Master,Low,11,2,31.77,15.0,0,4,1,5.0,Month-to-Month,0,0,1,Loyalty Bonus,Persuadable,0
CUST02513,46,Female,East,Bachelor,Lower-Mid,6,1,91.56,2.0,2,10,16,4.0,Two Year,0,1,0,None,Sure Thing,0
CUST00103,35,Male,South,Bachelor,Upper-Mid,9,1,67.91,0.0,0,9,12,4.0,Two Year,1,0,0,None,Sleeping Dog,0
CUST00147,25,Female,North,Master,Mid,3,2,57.68,10.0,0,9,26,4.0,Two Year,0,1,1,Loyalty Bonus,Persuadable,0
CUST01134,45,Other,North,High School,Low,25,1,50.72,7.0,1,10,2,4.0,Two Year,0,0,0,None,Persuadable,0
CUST02377,35,Male,Central,Diploma,Upper-Mid,1,2,192.27,30.0,0,10,20,4.0,One Year,1,0,0,None,Persuadable,0
CUST00395,54,Female,West,Bachelor,Low,61,3,61.35,0.0,0,5,18,4.0,Month-to-Month,0,2,0,None,Sure Thing,1
CUST03169,38,Male,West,,Mid,1,2,112.08,5.0,0,10,39,5.0,Two Year,1,1,0,None,Persuadable,0
CUST02080,34,Male,North,,High,14,1,97.17,5.0,3,5,4,,Month-to-Month,0,1,0,None,Lost Cause,1
CUST03366,63,Male,North,Master,Lower-Mid,15,2,48.53,0.0,3,7,7,3.0,One Year,0,1,0,None,Sleeping Dog,0
CUST01222,43,Female,East,High School,Low,55,2,104.93,0.0,0,10,6,4.0,Month-to-Month,1,0,0,None,Lost Cause,1
CUST02176,65,Female,North,Master,Mid,19,1,74.16,7.0,1,11,17,3.0,One Year,1,0,0,None,Sleeping Dog,0
CUST03425,18,Male,West,Diploma,Low,29,2,118.82,0.0,0,10,17,3.0,Month-to-Month,0,3,1,Free Upgrade,Lost Cause,1
CUST02346,53,Male,South,High School,Mid,1,2,23.72,0.0,4,4,57,4.0,Month-to-Month,1,0,1,Discount,Lost Cause,0
CUST01289,26,Male,Central,Bachelor,Low,8,1,36.42,30.0,1,16,17,5.0,Month-to-Month,0,0,1,Discount,Sleeping Dog,1
CUST00322,47,Female,Central,Master,Lower-Mid,9,1,170.82,2.0,2,9,5,3.0,Two Year,1,0,1,Discount,Persuadable,0
CUST00112,39,Female,North,Master,Mid,16,1,35.05,5.0,2,8,4,2.0,Month-to-Month,0,2,1,Discount,Sleeping Dog,1
CUST00589,49,Female,East,Bachelor,Mid,11,2,174.96,0.0,1,6,2,3.0,One Year,1,0,1,Personal Outreach,Sleeping Dog,0
CUST02696,57,Male,West,Bachelor,Mid,1,3,72.02,0.0,2,10,13,5.0,Month-to-Month,1,0,0,None,Lost Cause,0
CUST03474,27,Male,South,High School,Mid,44,2,185.08,0.0,1,10,8,4.0,One Year,1,6,0,None,Sleeping Dog,0
CUST02468,40,Female,North,Master,Upper-Mid,34,3,70.33,30.0,2,2,18,5.0,Two Year,1,2,0,None,Sure Thing,1
CUST02458,42,Male,East,Master,Upper-Mid,70,1,94.15,5.0,0,12,15,3.0,Month-to-Month,0,0,0,None,Lost Cause,1
CUST01479,29,Female,East,Master,Mid,2,2,30.17,15.0,0,11,11,4.0,One Year,1,2,1,Free Upgrade,Sure Thing,1
CUST03336,23,Female,North,Master,Mid,118,2,50.04,2.0,2,6,9,3.0,One Year,1,1,0,None,Sure Thing,0
CUST00137,30,Male,West,High School,Mid,4,1,114.31,7.0,1,8,83,4.0,Month-to-Month,1,1,0,None,Persuadable,1
CUST01923,27,Female,South,Master,Upper-Mid,15,1,47.11,0.0,1,10,11,3.0,Month-to-Month,1,0,0,None,Sure Thing,1
CUST00654,26,Male,West,Bachelor,Low,38,4,82.89,15.0,1,6,45,4.0,Month-to-Month,1,0,1,Loyalty Bonus,Persuadable,0
CUST02246,41,Male,East,Master,Mid,14,2,40.99,1.0,3,11,31,3.0,Two Year,1,1,0,None,Persuadable,0
CUST02286,45,Male,West,Bachelor,Mid,11,4,53.18,0.0,1,7,1,2.0,Month-to-Month,1,2,0,None,Sure Thing,1
CUST02755,39,Female,West,Bachelor,Lower-Mid,10,1,66.98,2.0,1,10,9,1.0,Month-to-Month,0,1,0,None,Sleeping Dog,1
CUST02130,48,Male,West,Bachelor,Mid,23,2,53.85,15.0,0,6,17,2.0,One Year,0,0,1,Discount,Lost Cause,1
CUST02949,37,Female,East,Master,Lower-Mid,22,3,172.27,1.0,1,8,21,4.0,Month-to-Month,1,2,1,Free Upgrade,Sleeping Dog,0
CUST01048,21,Female,East,High School,Mid,120,1,165.01,5.0,2,8,34,4.0,Month-to-Month,1,2,1,Discount,Persuadable,0
CUST02500,44,Male,South,High School,Mid,3,1,50.24,0.0,2,6,28,4.0,One Year,1,0,0,None,Sure Thing,0
CUST02407,24,Male,North,Diploma,Upper-Mid,9,3,61.44,2.0,1,6,16,5.0,Month-to-Month,1,1,1,Discount,Sleeping Dog,0
CUST01531,41,Female,Central,Bachelor,Mid,37,2,25.37,,0,6,2,3.0,One Year,1,1,0,None,Persuadable,0
CUST00931,33,Female,South,Master,Upper-Mid,88,3,34.91,0.0,1,10,32,5.0,Month-to-Month,1,0,0,None,Lost Cause,0
CUST01465,33,Female,West,Master,Mid,6,2,33.35,10.0,2,9,36,4.0,Month-to-Month,1,1,1,Personal Outreach,Sleeping Dog,1
CUST00221,67,Female,West,PhD,Lower-Mid,51,2,22.82,0.0,2,7,3,5.0,One Year,1,1,1,Loyalty Bonus,Sleeping Dog,0
CUST00928,44,Female,East,High School,Lower-Mid,33,1,99.64,7.0,5,9,1,1.0,Month-to-Month,1,2,0,None,Lost Cause,1
CUST02315,47,Male,West,High School,Lower-Mid,63,2,63.8,30.0,1,5,6,2.0,Month-to-Month,1,1,1,Loyalty Bonus,Sleeping Dog,1
CUST01855,52,Male,South,Bachelor,Mid,41,1,77.1,0.0,2,11,31,5.0,One Year,0,1,1,Free Upgrade,Persuadable,0
CUST02400,40,Male,West,Bachelor,High,14,2,49.27,0.0,4,8,16,3.0,Month-to-Month,0,1,0,None,Sleeping Dog,1
CUST02618,40,Male,East,Bachelor,Upper-Mid,17,1,77.88,0.0,3,8,10,4.0,Two Year,1,0,1,Discount,Persuadable,0
CUST02521,42,Female,South,High School,High,33,2,23.94,15.0,1,10,2,4.0,Month-to-Month,0,1,1,Personal Outreach,Lost Cause,1
CUST00534,25,Male,North,Master,Upper-Mid,18,2,47.61,0.0,2,9,18,3.0,One Year,0,0,0,None,Sleeping Dog,0
CUST01854,51,Male,North,Diploma,High,50,2,60.67,0.0,1,10,5,2.0,Month-to-Month,1,0,0,None,Sure Thing,1
CUST00607,30,Male,West,Master,Low,5,2,61.25,30.0,2,5,47,2.0,Month-to-Month,0,1,0,None,Sleeping Dog,1
CUST00075,18,Male,Central,High School,Low,22,4,40.58,0.0,2,11,7,1.0,Month-to-Month,1,1,0,None,Sure Thing,1
CUST01765,37,Female,West,High School,Upper-Mid,1,3,42.74,0.0,1,8,8,4.0,Month-to-Month,0,2,1,Free Upgrade,Lost Cause,1
CUST02015,49,Female,East,Master,High,54,3,46.4,2.0,0,5,10,4.0,One Year,0,0,1,Loyalty Bonus,Sleeping Dog,0
CUST02769,33,Female,North,Master,Mid,6,2,38.02,10.0,0,6,10,2.0,Month-to-Month,1,2,1,Discount,Lost Cause,1
CUST01323,39,Male,West,Diploma,Low,29,1,108.45,,3,6,1,4.0,Month-to-Month,1,0,0,None,Lost Cause,0
CUST01577,20,Other,North,Bachelor,Mid,4,2,116.75,3.0,0,6,15,3.0,Two Year,1,0,1,Free Upgrade,Persuadable,0
CUST02072,54,Female,West,Master,Mid,5,2,77.59,5.0,1,6,3,1.0,One Year,0,0,0,None,Persuadable,1
CUST00114,69,Female,North,PhD,Mid,1,1,62.63,0.0,2,5,1,2.0,Month-to-Month,0,0,1,Loyalty Bonus,Sleeping Dog,1
CUST00987,58,Other,East,High School,Lower-Mid,58,1,115.64,30.0,2,8,21,3.0,Two Year,1,0,0,None,Sleeping Dog,0
CUST02929,58,Male,North,High School,Upper-Mid,17,1,155.14,30.0,1,6,2,1.0,One Year,1,3,1,Discount,Sure Thing,1
CUST03029,33,Male,Central,,Mid,8,1,15.25,15.0,1,5,3,5.0,Month-to-Month,1,1,1,Discount,Sure Thing,1
CUST00223,48,Male,South,Bachelor,Lower-Mid,25,2,43.82,3.0,0,12,10,4.0,Month-to-Month,0,0,0,None,Sleeping Dog,0
CUST00519,41,Male,Central,Master,,8,3,224.24,,0,8,1,1.0,One Year,0,0,0,None,Sure Thing,1
CUST01349,23,Male,Central,Bachelor,Lower-Mid,22,3,36.18,0.0,1,9,33,5.0,Two Year,0,0,1,Personal Outreach,Sure Thing,0
CUST01503,30,Male,North,High School,Upper-Mid,12,1,99.01,30.0,2,9,5,5.0,Month-to-Month,1,2,0,None,Sleeping Dog,1
CUST01666,39,Female,West,Diploma,Upper-Mid,1,1,82.66,7.0,2,5,3,4.0,Month-to-Month,0,1,0,None,Sleeping Dog,1
CUST01556,44,Female,North,Bachelor,Lower-Mid,39,3,40.58,2.0,2,8,15,4.0,One Year,1,0,0,None,Lost Cause,0
CUST01120,52,Female,Central,Bachelor,Upper-Mid,19,1,32.78,,2,4,1,4.0,Two Year,0,0,1,Free Upgrade,Lost Cause,0
CUST00036,25,Other,West,Diploma,Mid,51,2,47.06,0.0,0,13,24,2.0,One Year,0,1,1,Free Upgrade,Sure Thing,0
CUST00831,23,Male,West,High School,Mid,1,1,57.16,0.0,1,6,39,3.0,Month-to-Month,1,0,1,Discount,Lost Cause,1
CUST02018,18,Male,South,High School,High,31,1,113.43,15.0,0,10,6,3.0,One Year,0,0,1,Free Upgrade,Persuadable,0
CUST03369,44,Male,North,High School,Mid,4,2,68.04,0.0,2,10,32,3.0,One Year,0,0,1,Personal Outreach,Sleeping Dog,1
CUST01762,48,Female,West,Bachelor,Mid,3,2,94.11,5.0,4,10,8,3.0,One Year,1,1,1,Personal Outreach,Lost Cause,1
CUST03267,29,Female,East,Bachelor,High,68,2,38.23,2.0,2,3,11,1.0,Month-to-Month,1,0,0,None,Sleeping Dog,1
CUST00348,23,Male,South,Bachelor,Mid,38,2,95.73,2.0,0,9,14,4.0,Two Year,1,1,0,None,Sleeping Dog,0
CUST00168,62,Male,North,,Mid,28,2,53.46,0.0,1,9,19,2.0,Two Year,1,1,0,None,Sleeping Dog,0
CUST03050,54,Female,North,Bachelor,Mid,77,3,59.18,10.0,1,13,2,4.0,Month-to-Month,0,1,1,Free Upgrade,Sleeping Dog,0
CUST00117,39,Male,Central,Master,Low,19,2,104.36,30.0,1,7,48,4.0,One Year,1,2,0,None,Sleeping Dog,0
CUST02058,50,Male,West,Bachelor,Low,25,4,42.21,0.0,0,8,33,5.0,Month-to-Month,0,2,0,None,Lost Cause,0
CUST00531,47,Female,East,Master,Upper-Mid,1,3,169.13,0.0,3,8,41,2.0,Two Year,0,2,1,Discount,Sure Thing,0
CUST01395,35,Other,West,Bachelor,Lower-Mid,49,1,45.76,0.0,0,6,1,2.0,Month-to-Month,0,1,1,Personal Outreach,Sure Thing,1
CUST03244,52,Male,North,Master,Lower-Mid,1,2,127.51,,2,8,36,4.0,One Year,0,2,1,Discount,Persuadable,0
CUST00321,41,Male,South,Master,Upper-Mid,7,3,55.14,5.0,1,13,1,4.0,Month-to-Month,1,3,0,None,Sleeping Dog,0
CUST01029,47,Male,East,,Upper-Mid,53,1,172.28,3.0,4,9,3,3.0,Two Year,0,1,1,Free Upgrade,Sleeping Dog,0
CUST03374,61,Male,North,PhD,Lower-Mid,6,2,48.34,5.0,1,6,2,4.0,Month-to-Month,1,0,1,Discount,Persuadable,0
CUST01583,27,Female,East,Bachelor,Upper-Mid,25,2,35.13,10.0,1,9,3,5.0,Two Year,1,0,0,None,Sleeping Dog,0
CUST01671,37,Male,West,Bachelor,Mid,59,4,56.85,3.0,2,6,16,5.0,One Year,0,0,1,Discount,Persuadable,0
CUST00474,56,Female,South,High School,Lower-Mid,8,2,25.71,0.0,0,6,4,3.0,One Year,0,0,0,None,Lost Cause,0
CUST02298,56,Male,East,Master,Upper-Mid,16,1,61.19,0.0,1,9,1,4.0,Month-to-Month,0,1,1,Free Upgrade,Persuadable,0
CUST02579,43,Female,West,Diploma,Upper-Mid,6,2,35.95,,2,11,10,5.0,Month-to-Month,1,0,1,Personal Outreach,Persuadable,1
CUST02851,33,Female,North,,Low,38,2,108.74,15.0,1,8,22,2.0,Two Year,1,2,1,Discount,Sleeping Dog,0
CUST01848,29,Female,Central,Diploma,Mid,7,2,44.68,0.0,1,2,1,4.0,Month-to-Month,1,0,1,Free Upgrade,Sure Thing,1
CUST02069,57,Male,East,High School,Upper-Mid,15,4,41.94,2.0,3,8,15,5.0,Month-to-Month,1,0,0,None,Persuadable,0
CUST02698,24,Male,South,Bachelor,Mid,29,1,46.4,,1,8,3,3.0,Two Year,1,3,1,Personal Outreach,Sure Thing,0
CUST02917,37,Male,East,Diploma,Mid,77,2,56.63,7.0,1,9,6,4.0,One Year,0,0,0,None,Lost Cause,0
CUST02498,36,Male,East,PhD,Low,35,2,64.68,3.0,2,7,52,5.0,Two Year,0,0,1,Personal Outreach,Sleeping Dog,0
CUST01764,20,Male,West,High School,Low,85,1,111.39,30.0,1,7,31,3.0,Two Year,0,1,0,None,Persuadable,0
CUST00228,27,Female,East,Master,Mid,21,2,56.88,5.0,0,8,18,3.0,One Year,1,0,0,None,Sleeping Dog,1
CUST02099,21,Male,West,Bachelor,Mid,15,1,71.24,,3,14,57,2.0,Month-to-Month,0,1,1,Free Upgrade,Lost Cause,1
CUST02538,51,Male,North,Master,Mid,67,1,80.9,1.0,0,3,55,4.0,Two Year,1,1,1,Loyalty Bonus,Lost Cause,0
CUST01780,31,Female,East,Bachelor,High,12,4,155.5,0.0,0,10,1,2.0,One Year,0,1,1,Loyalty Bonus,Persuadable,0
CUST01026,45,Male,East,Master,Upper-Mid,41,4,285.3,,6,6,30,2.0,Month-to-Month,0,0,1,Free Upgrade,Persuadable,1
CUST03103,59,Male,Central,Master,Upper-Mid,17,2,32.19,0.0,1,4,12,2.0,Month-to-Month,1,1,0,None,Sure Thing,1
CUST00194,25,Female,South,Bachelor,Lower-Mid,36,1,91.68,3.0,3,11,11,2.0,Month-to-Month,0,0,1,Loyalty Bonus,Sure Thing,1
CUST01731,37,Male,North,Bachelor,Mid,16,2,32.83,30.0,1,13,26,2.0,One Year,1,0,1,Free Upgrade,Lost Cause,0
CUST00082,44,Female,East,High School,Upper-Mid,14,2,68.37,7.0,1,8,5,1.0,Month-to-Month,1,1,1,Discount,Sleeping Dog,1
CUST02695,44,Male,East,High School,Upper-Mid,82,2,52.96,7.0,1,14,51,5.0,One Year,1,2,1,Discount,Sleeping Dog,0
CUST01998,29,Female,North,Bachelor,Low,52,3,62.27,15.0,0,5,5,4.0,One Year,0,1,0,None,Sleeping Dog,0
CUST03143,38,Female,North,,Low,23,1,56.77,0.0,3,12,16,4.0,Two Year,1,0,0,None,Sleeping Dog,0
CUST02166,27,Female,East,High School,Upper-Mid,10,2,59.4,0.0,1,8,20,2.0,One Year,0,1,0,None,Lost Cause,1
CUST01477,38,Female,West,PhD,Upper-Mid,34,3,158.5,30.0,2,10,3,,Month-to-Month,1,0,1,Loyalty Bonus,Sleeping Dog,1
CUST00669,18,Male,East,Diploma,Lower-Mid,17,2,60.65,0.0,2,5,3,4.0,Month-to-Month,1,1,1,Loyalty Bonus,Persuadable,0
CUST00063,26,Male,Central,Diploma,Upper-Mid,3,3,141.31,7.0,2,9,23,,One Year,1,0,1,Free Upgrade,Sure Thing,0
CUST01772,60,Male,East,Master,High,31,4,85.4,0.0,1,7,26,3.0,One Year,0,0,0,None,Sure Thing,0
CUST00850,33,Female,East,Master,Mid,41,1,13.81,30.0,2,6,28,4.0,One Year,1,1,1,Loyalty Bonus,Lost Cause,0
CUST03063,38,Male,South,Diploma,Upper-Mid,5,2,49.62,30.0,0,12,7,5.0,Month-to-Month,1,1,1,Loyalty Bonus,Persuadable,0
CUST01478,45,Male,North,High School,Upper-Mid,12,3,63.87,3.0,1,4,61,3.0,Month-to-Month,0,0,1,Loyalty Bonus,Persuadable,1
CUST01435,37,Male,West,Bachelor,Mid,34,1,34.88,3.0,1,12,22,4.0,One Year,0,0,0,None,Sleeping Dog,0
CUST02359,18,Male,East,Master,Mid,35,1,165.25,0.0,2,12,21,3.0,Two Year,1,1,1,Free Upgrade,Sure Thing,0
CUST02723,27,Male,East,Master,Low,120,1,39.01,3.0,2,9,7,1.0,Month-to-Month,1,1,1,Discount,Persuadable,1
CUST01454,71,Male,East,Master,Low,53,1,35.13,0.0,0,10,13,5.0,Month-to-Month,1,1,1,Discount,Sleeping Dog,0
CUST00516,49,Male,North,High School,Lower-Mid,3,2,43.57,30.0,0,10,45,2.0,Month-to-Month,1,1,1,Personal Outreach,Sleeping Dog,1
CUST01355,33,Male,East,Diploma,Lower-Mid,3,3,71.71,10.0,3,6,32,2.0,Month-to-Month,0,0,0,None,Sure Thing,1
CUST03357,40,Male,East,Bachelor,Mid,8,3,86.32,0.0,2,8,103,1.0,Month-to-Month,1,0,0,None,Sure Thing,1
CUST00110,39,Female,North,Bachelor,Mid,31,1,130.08,1.0,1,4,10,4.0,One Year,0,0,0,None,Persuadable,1
CUST01630,50,Female,South,Bachelor,High,15,2,58.4,7.0,0,4,19,4.0,Month-to-Month,1,1,1,Loyalty Bonus,Sure Thing,0
CUST03031,18,Female,North,Diploma,Upper-Mid,1,1,28.63,15.0,1,7,3,5.0,Two Year,1,1,0,None,Persuadable,0
CUST01822,40,Female,Central,Diploma,Upper-Mid,82,1,57.46,0.0,0,6,15,4.0,Two Year,1,0,0,None,Sleeping Dog,0
CUST03167,35,Female,West,High School,Low,36,2,217.63,7.0,2,7,55,2.0,Month-to-Month,1,0,1,Loyalty Bonus,Sure Thing,1
CUST00041,48,Male,Central,Bachelor,Mid,23,1,35.16,,2,13,13,4.0,Two Year,0,1,0,None,Persuadable,0
CUST01705,44,Male,East,PhD,Mid,45,1,59.29,2.0,3,9,56,1.0,Month-to-Month,1,0,0,None,Sleeping Dog,1
CUST03191,35,Female,Central,Diploma,Upper-Mid,49,3,37.57,0.0,3,14,2,5.0,One Year,1,1,0,None,Persuadable,0
CUST03113,36,Female,South,Bachelor,Low,21,1,99.54,3.0,4,11,16,2.0,Month-to-Month,1,1,0,None,Sleeping Dog,1
CUST03345,28,Male,South,Master,High,12,2,172.99,10.0,0,12,10,3.0,Month-to-Month,1,1,1,Discount,Sure Thing,1
CUST02685,44,Female,South,Bachelor,Low,14,1,154.56,2.0,1,11,3,3.0,One Year,0,0,0,None,Sleeping Dog,0
CUST01126,26,Other,Central,Diploma,Low,3,2,157.63,0.0,0,5,14,4.0,Month-to-Month,0,2,0,None,Sleeping Dog,1
CUST01089,36,Female,East,High School,Upper-Mid,37,1,66.36,3.0,4,4,1,1.0,Two Year,0,0,0,None,Sure Thing,0
CUST00312,53,Male,East,High School,Lower-Mid,12,3,240.53,0.0,2,9,89,5.0,Month-to-Month,0,1,1,Loyalty Bonus,Persuadable,0
CUST01632,29,Male,Central,Bachelor,Mid,28,1,32.58,3.0,1,13,1,5.0,One Year,0,0,0,None,Lost Cause,0
CUST02869,46,Male,Central,Bachelor,High,2,2,98.17,3.0,0,16,5,5.0,Month-to-Month,0,0,0,None,Persuadable,0
CUST02032,28,Male,North,Master,Lower-Mid,62,1,98.17,10.0,1,4,27,4.0,Two Year,1,1,0,None,Lost Cause,0
CUST00020,23,Male,East,High School,Upper-Mid,5,1,23.32,3.0,2,3,6,3.0,Two Year,1,1,1,Discount,Sure Thing,1
CUST01427,64,Male,South,Bachelor,Upper-Mid,6,1,62.76,5.0,1,4,11,2.0,Two Year,1,1,1,Loyalty Bonus,Lost Cause,1
CUST00358,36,Male,North,,Upper-Mid,96,1,48.71,15.0,3,7,26,5.0,Month-to-Month,1,0,1,Loyalty Bonus,Sleeping Dog,1
CUST00361,46,Male,East,Diploma,High,32,3,58.53,1.0,1,4,88,4.0,Two Year,0,2,1,Loyalty Bonus,Persuadable,0
CUST03122,32,Female,Central,Bachelor,Mid,10,1,31.61,1.0,1,7,2,4.0,Month-to-Month,1,0,1,Discount,Persuadable,0
CUST03255,44,Male,East,Master,Mid,74,3,121.91,0.0,2,4,45,2.0,Month-to-Month,0,0,1,Free Upgrade,Sleeping Dog,1
CUST02606,37,Male,East,High School,Upper-Mid,24,3,43.33,3.0,1,14,3,4.0,Month-to-Month,0,1,0,None,Persuadable,0
CUST03239,42,Female,Central,High School,Upper-Mid,12,2,166.93,1.0,3,8,9,2.0,One Year,1,0,1,Free Upgrade,Sure Thing,1
CUST00290,32,Male,East,Bachelor,Low,9,3,48.09,1.0,0,9,1,5.0,Month-to-Month,1,1,1,Free Upgrade,Lost Cause,0
CUST01828,56,Other,Central,Bachelor,Mid,73,1,73.37,3.0,1,4,20,4.0,Month-to-Month,0,2,0,None,Persuadable,0
CUST00393,24,Male,Central,High School,High,58,1,79.35,30.0,2,6,11,1.0,Month-to-Month,1,0,0,None,Persuadable,1
CUST01954,32,Female,South,High School,Lower-Mid,1,1,82.45,5.0,1,7,6,2.0,One Year,1,0,1,Discount,Sleeping Dog,1
CUST01010,33,Male,Central,,Mid,15,3,195.48,,2,9,15,3.0,Month-to-Month,0,0,1,Loyalty Bonus,Persuadable,1
CUST01814,50,Male,Central,Bachelor,Lower-Mid,13,2,45.04,30.0,1,5,17,4.0,Month-to-Month,1,1,1,Loyalty Bonus,Sleeping Dog,1
CUST02804,27,Male,North,High School,Lower-Mid,14,2,99.27,10.0,1,4,2,4.0,Month-to-Month,0,1,1,Loyalty Bonus,Persuadable,1
CUST00658,39,Male,Central,Master,Upper-Mid,7,1,83.98,3.0,0,5,8,4.0,One Year,1,0,1,Discount,Persuadable,0
CUST01247,40,Female,North,Bachelor,Mid,26,1,77.3,0.0,0,8,46,4.0,Month-to-Month,0,2,0,None,Sleeping Dog,1
CUST01826,45,Female,North,Diploma,High,56,1,53.0,0.0,3,6,10,5.0,One Year,1,2,1,Discount,Persuadable,0
CUST03254,52,Female,West,Bachelor,,9,2,147.82,10.0,1,8,3,4.0,Month-to-Month,1,1,0,None,Sleeping Dog,0
CUST03125,38,Female,West,Bachelor,Low,38,1,142.31,0.0,2,8,12,3.0,One Year,1,0,0,None,Sleeping Dog,0
CUST00202,46,Female,Central,Bachelor,Lower-Mid,18,1,112.67,10.0,1,4,7,4.0,Two Year,1,1,1,Loyalty Bonus,Persuadable,0
CUST01648,51,Male,North,Bachelor,Upper-Mid,44,2,17.74,2.0,4,11,4,3.0,One Year,1,1,1,Discount,Sure Thing,1
CUST03047,53,Male,Central,High School,Upper-Mid,2,2,162.59,1.0,1,10,12,4.0,Month-to-Month,0,0,1,Discount,Sure Thing,1
CUST03319,53,Male,South,Bachelor,Upper-Mid,12,1,133.13,1.0,1,11,32,1.0,Two Year,0,1,1,Discount,Sleeping Dog,0
CUST01422,52,Male,North,Bachelor,Mid,51,1,65.73,30.0,1,9,13,4.0,Month-to-Month,0,0,1,Loyalty Bonus,Sure Thing,1
CUST02992,47,Male,East,High School,Low,6,2,60.43,30.0,4,2,11,1.0,One Year,1,2,0,None,Persuadable,1
CUST03142,18,Female,South,Bachelor,Mid,15,1,119.66,5.0,1,8,37,1.0,Month-to-Month,0,2,1,Loyalty Bonus,Sleeping Dog,1
CUST03373,57,Male,West,Bachelor,Mid,4,2,53.94,0.0,0,7,27,4.0,Two Year,1,1,1,Free Upgrade,Sure Thing,0
CUST00371,40,Male,North,Bachelor,Mid,119,3,91.1,0.0,4,8,37,3.0,One Year,0,0,1,Loyalty Bonus,Persuadable,0
CUST03415,33,Male,South,Master,Lower-Mid,1,2,39.29,1.0,2,5,2,5.0,Month-to-Month,1,1,1,Discount,Lost Cause,1
CUST00314,49,Female,West,High School,Lower-Mid,39,1,41.57,5.0,0,9,18,4.0,Month-to-Month,0,0,0,None,Lost Cause,0
CUST02969,18,Male,East,Bachelor,Mid,9,3,40.1,0.0,2,7,15,1.0,Month-to-Month,1,1,0,None,Lost Cause,1
CUST02029,42,Female,East,Bachelor,Upper-Mid,109,3,88.32,0.0,1,11,31,3.0,Two Year,1,0,1,Discount,Sure Thing,0
CUST00594,44,Male,West,Diploma,Mid,1,3,117.1,0.0,4,11,1,4.0,Month-to-Month,1,1,0,None,Sleeping Dog,1
CUST03435,67,Female,Central,High School,Mid,25,2,63.97,0.0,1,11,7,4.0,Two Year,1,0,1,Discount,Sleeping Dog,1
CUST00971,41,Female,West,High School,High,4,1,57.1,15.0,3,10,33,1.0,Month-to-Month,1,1,1,Discount,Sure Thing,0
CUST00203,52,Female,East,Bachelor,Lower-Mid,49,2,61.21,30.0,1,11,28,3.0,Month-to-Month,0,1,0,None,Sure Thing,0
CUST02962,32,Female,North,High School,Upper-Mid,1,2,52.63,0.0,1,8,1,2.0,Month-to-Month,1,2,1,Loyalty Bonus,Sleeping Dog,1
CUST01878,37,Male,West,Bachelor,Mid,83,3,84.01,7.0,2,11,73,,Month-to-Month,1,0,1,Personal Outreach,Sure Thing,1
CUST03395,63,Male,Central,Bachelor,Upper-Mid,10,1,131.99,2.0,1,8,37,3.0,One Year,0,2,1,Loyalty Bonus,Lost Cause,1
CUST03380,31,Female,West,Bachelor,Upper-Mid,23,1,75.35,0.0,0,8,58,4.0,Two Year,0,4,1,Personal Outreach,Sleeping Dog,0
CUST02652,58,Female,Central,Diploma,Mid,57,1,46.91,0.0,1,14,5,5.0,Month-to-Month,1,1,0,None,Sure Thing,0
CUST02238,28,Male,South,Diploma,Lower-Mid,9,2,41.06,0.0,1,10,17,3.0,Two Year,1,1,0,None,Sure Thing,0
CUST02113,40,Male,West,Master,Mid,66,2,76.26,0.0,0,12,5,2.0,Month-to-Month,1,2,1,Loyalty Bonus,Persuadable,0
CUST02332,39,Male,South,Bachelor,Mid,48,2,44.15,0.0,1,8,10,3.0,Two Year,1,1,0,None,Lost Cause,0
CUST00439,19,Male,East,Master,Low,61,3,136.88,0.0,0,10,2,4.0,Month-to-Month,0,0,1,Loyalty Bonus,Persuadable,0
CUST00327,53,Female,West,Bachelor,Mid,15,1,172.36,,3,14,12,5.0,Two Year,1,2,1,Free Upgrade,Sleeping Dog,1
CUST01159,51,male,East,High School,Upper-Mid,10,1,43.76,0.0,3,7,39,1.0,Two Year,0,0,0,None,Sleeping Dog,1
CUST03210,45,Female,West,Diploma,Mid,115,1,105.09,15.0,3,7,1,3.0,Two Year,1,0,0,None,Sleeping Dog,0
CUST02526,45,Male,East,Bachelor,Lower-Mid,4,2,117.58,3.0,1,7,2,4.0,Two Year,0,0,1,Discount,Persuadable,0
CUST00388,62,Male,East,Master,Upper-Mid,64,2,21.46,15.0,0,10,2,2.0,Month-to-Month,0,1,1,Personal Outreach,Persuadable,0
CUST01042,34,Female,West,Bachelor,Upper-Mid,1,1,56.71,,1,8,4,4.0,One Year,0,0,1,Free Upgrade,Lost Cause,1
CUST02187,22,Male,Central,Master,Lower-Mid,25,2,53.83,0.0,1,9,15,2.0,Month-to-Month,0,1,0,None,Sleeping Dog,1
CUST01188,37,Female,Central,Diploma,Mid,46,1,69.61,3.0,2,6,8,1.0,Month-to-Month,1,1,1,Discount,Sleeping Dog,1
CUST00282,47,Other,South,Bachelor,Low,1,2,130.46,10.0,0,8,8,4.0,Month-to-Month,0,0,1,Discount,Sure Thing,1
CUST02092,43,Female,Central,Diploma,Upper-Mid,118,1,114.94,5.0,4,8,18,4.0,Two Year,0,0,1,Discount,Persuadable,0
CUST00352,57,Female,North,Bachelor,Upper-Mid,76,2,98.87,7.0,3,10,10,2.0,One Year,1,0,1,Discount,Sure Thing,0
CUST01356,18,Female,East,High School,Lower-Mid,20,1,82.95,2.0,0,6,13,3.0,Two Year,1,1,0,None,Persuadable,0
CUST01872,37,Male,East,,High,6,1,54.68,5.0,1,5,26,2.0,Two Year,1,2,0,None,Sleeping Dog,0
CUST01756,56,Female,East,Bachelor,Lower-Mid,26,1,62.2,15.0,3,8,16,1.0,Month-to-Month,0,0,1,Discount,Sure Thing,1
CUST01596,27,Male,Central,Bachelor,Mid,3,4,27.27,15.0,2,4,12,2.0,Month-to-Month,0,0,1,Free Upgrade,Sleeping Dog,1
CUST02351,52,Female,East,Bachelor,Mid,19,1,50.75,15.0,0,6,33,4.0,One Year,0,1,0,None,Lost Cause,0
CUST00043,38,Female,West,Diploma,Upper-Mid,26,4,59.59,,1,9,1,,One Year,1,1,0,None,Sure Thing,0
CUST02264,27,Male,South,High School,Upper-Mid,27,4,38.75,5.0,1,10,1,2.0,Month-to-Month,1,1,1,Discount,Lost Cause,1
CUST02844,25,Female,North,Bachelor,Upper-Mid,6,2,90.09,5.0,2,3,15,3.0,Month-to-Month,1,1,0,None,Lost Cause,1
CUST00102,34,Female,Central,Bachelor,Mid,62,1,33.26,5.0,3,12,1,3.0,One Year,1,0,1,Discount,Persuadable,0
CUST03157,25,Female,North,Master,Low,26,1,84.18,0.0,1,8,1,4.0,Month-to-Month,0,1,1,Discount,Sleeping Dog,1
CUST03456,64,Female,North,Bachelor,High,1,1,35.12,15.0,1,6,36,3.0,Month-to-Month,1,2,0,None,Persuadable,1
CUST00447,44,Female,West,High School,Low,27,1,16.76,1.0,1,8,44,2.0,One Year,0,1,1,Discount,Sleeping Dog,1
CUST02358,41,Male,West,Master,Upper-Mid,10,2,23.42,15.0,1,8,9,4.0,One Year,1,2,0,None,Lost Cause,0
CUST01274,36,Female,East,Diploma,Lower-Mid,22,2,51.22,5.0,3,6,36,5.0,Month-to-Month,0,2,0,None,Persuadable,0
CUST00135,28,Female,East,Diploma,High,4,1,27.68,0.0,1,14,71,4.0,Month-to-Month,0,2,0,None,Lost Cause,1
CUST00575,49,Male,North,PhD,Lower-Mid,39,2,56.04,1.0,0,7,19,4.0,One Year,1,0,0,None,Sure Thing,0
CUST01921,18,Female,North,High School,Upper-Mid,17,3,60.08,10.0,2,4,2,4.0,One Year,0,0,0,None,Sleeping Dog,0
CUST00877,33,Female,Central,Bachelor,Mid,6,1,38.33,0.0,1,10,4,2.0,Month-to-Month,0,0,0,None,Sleeping Dog,1
CUST03072,60,Male,Central,Bachelor,High,32,1,65.74,30.0,1,12,22,2.0,Two Year,0,2,1,Discount,Persuadable,0
CUST02609,50,Female,Central,High School,Mid,57,1,29.96,0.0,2,5,15,2.0,One Year,0,0,0,None,Sleeping Dog,1
CUST00857,30,Male,North,,Lower-Mid,45,2,118.14,10.0,0,12,15,,Month-to-Month,0,0,1,Free Upgrade,Sure Thing,1
CUST00129,41,Male,Central,Master,Low,4,2,76.54,0.0,2,10,72,2.0,Two Year,1,1,1,Free Upgrade,Persuadable,0
CUST01962,43,Male,West,Bachelor,Mid,15,2,110.98,,2,4,4,4.0,One Year,0,0,1,Loyalty Bonus,Persuadable,0
CUST02475,43,Male,West,Master,Lower-Mid,34,3,38.77,15.0,1,5,29,2.0,One Year,1,1,1,Loyalty Bonus,Lost Cause,1
CUST00748,30,Female,East,Bachelor,Upper-Mid,120,1,89.12,15.0,2,7,32,2.0,One Year,0,1,0,None,Persuadable,0
CUST01809,21,Female,South,Bachelor,Lower-Mid,26,1,65.36,0.0,2,10,62,3.0,Month-to-Month,0,4,1,Discount,Lost Cause,1
CUST00573,43,Male,Central,Bachelor,Mid,4,1,18.91,5.0,2,7,12,3.0,Month-to-Month,0,1,0,None,Persuadable,1
CUST02928,42,Female,East,Master,Lower-Mid,9,2,129.91,30.0,1,12,3,1.0,Month-to-Month,1,0,1,Free Upgrade,Sure Thing,1
CUST01899,46,Male,North,Bachelor,Upper-Mid,45,1,40.76,7.0,1,9,1,4.0,Month-to-Month,1,1,1,Loyalty Bonus,Persuadable,0
CUST01847,55,Female,West,Bachelor,Low,28,3,48.0,1.0,0,6,8,4.0,One Year,1,2,0,None,Sleeping Dog,0
CUST03172,47,Female,East,Bachelor,Lower-Mid,47,2,78.18,30.0,1,11,6,2.0,Month-to-Month,1,1,1,Discount,Sleeping Dog,1
CUST00876,61,Female,South,Bachelor,Low,22,1,99.85,7.0,2,5,56,4.0,Month-to-Month,1,1,0,None,Persuadable,1
CUST00104,30,Male,Central,Bachelor,Mid,36,2,19.19,3.0,2,7,1,5.0,Month-to-Month,0,0,0,None,Persuadable,0
CUST00723,23,Male,North,Bachelor,Lower-Mid,3,1,42.44,0.0,1,4,10,3.0,One Year,0,2,0,None,Persuadable,1
CUST00411,48,Female,West,Master,Mid,41,1,49.37,0.0,0,12,57,4.0,Month-to-Month,1,1,1,Discount,Sleeping Dog,0
CUST02355,54,Female,East,Diploma,Mid,1,3,143.67,,2,8,26,1.0,Month-to-Month,1,2,0,None,Sleeping Dog,1
CUST01179,28,Male,South,Master,Upper-Mid,38,4,38.1,0.0,1,7,21,3.0,Month-to-Month,0,0,1,Discount,Sure Thing,0
CUST03322,29,Female,South,Bachelor,Lower-Mid,42,3,42.56,7.0,1,10,22,1.0,One Year,1,1,1,Discount,Sure Thing,0
CUST00605,44,Female,East,,Mid,34,3,158.47,30.0,0,7,14,4.0,Two Year,0,1,0,None,Lost Cause,0
CUST03372,25,Female,North,Master,Upper-Mid,10,3,138.39,2.0,2,11,13,5.0,Two Year,1,0,0,None,Sure Thing,0
CUST01234,70,Female,South,High School,Mid,53,2,68.95,7.0,0,7,61,4.0,One Year,1,0,1,Free Upgrade,Sleeping Dog,0
CUST02777,36,Male,Central,Diploma,Upper-Mid,34,2,108.21,0.0,3,6,5,4.0,One Year,1,2,1,Free Upgrade,Lost Cause,0
CUST01434,33,Female,East,Bachelor,Low,27,2,160.22,,0,6,12,2.0,One Year,1,1,0,None,Sure Thing,0
CUST00385,30,Male,North,Master,Upper-Mid,86,2,42.25,1.0,0,6,19,,One Year,1,1,0,None,Sure Thing,0
CUST00894,54,Female,South,High School,Low,9,2,161.53,,3,12,46,5.0,Month-to-Month,0,1,0,None,Sleeping Dog,1
CUST00057,29,Female,South,Bachelor,Lower-Mid,19,2,170.14,10.0,1,12,21,3.0,Two Year,1,0,1,Loyalty Bonus,Lost Cause,0
CUST02502,51,Female,East,Master,Mid,4,2,81.27,3.0,2,3,21,4.0,Month-to-Month,1,1,1,Personal Outreach,Sleeping Dog,1
CUST00712,38,Female,North,High School,Upper-Mid,61,1,62.31,10.0,3,9,8,3.0,Month-to-Month,0,0,1,Discount,Sleeping Dog,1
CUST00325,27,Male,North,Bachelor,Upper-Mid,1,3,71.75,1.0,0,7,10,4.0,One Year,0,0,0,None,Persuadable,1
CUST01803,31,Female,South,PhD,Upper-Mid,50,2,76.91,3.0,0,5,54,1.0,Month-to-Month,0,0,1,Loyalty Bonus,Persuadable,1
CUST00079,41,Female,West,Bachelor,Upper-Mid,176,1,127.27,,4,6,44,5.0,Month-to-Month,0,1,1,Personal Outreach,Sleeping Dog,1
CUST00541,50,Male,North,Bachelor,Upper-Mid,28,1,19.01,1.0,0,12,7,4.0,Month-to-Month,1,1,1,Loyalty Bonus,Sure Thing,0
CUST00356,27,Female,West,High School,Upper-Mid,42,3,75.2,0.0,1,9,34,2.0,Month-to-Month,0,0,1,Free Upgrade,Persuadable,0
CUST02472,68,Female,East,High School,Mid,29,4,68.09,1.0,2,11,69,5.0,One Year,1,0,0,None,Sure Thing,0
CUST01843,33,Female,South,Bachelor,Mid,51,2,90.94,0.0,1,9,56,2.0,Month-to-Month,0,1,0,None,Sleeping Dog,1
CUST00360,30,Male,Central,Master,Upper-Mid,24,1,33.77,30.0,1,12,9,2.0,One Year,1,1,1,Free Upgrade,Persuadable,0
CUST01019,36,Female,South,Diploma,Lower-Mid,23,1,69.98,30.0,1,9,15,5.0,Month-to-Month,1,0,1,Discount,Sure Thing,1
CUST02131,45,Female,West,Diploma,Mid,31,1,29.35,3.0,0,8,37,2.0,Month-to-Month,0,2,0,None,Sure Thing,1
CUST03299,26,Male,North,Bachelor,Low,22,4,47.05,3.0,0,7,1,5.0,Month-to-Month,1,1,1,Loyalty Bonus,Persuadable,1
CUST03469,34,Male,Central,Bachelor,Low,33,2,61.32,2.0,2,8,7,1.0,One Year,1,1,0,None,Persuadable,1
CUST00916,43,Other,East,Master,,2,1,56.32,0.0,3,12,11,2.0,One Year,1,2,0,None,Sleeping Dog,1
CUST00308,32,Other,South,,High,120,2,172.73,30.0,1,9,32,5.0,Two Year,0,0,1,Loyalty Bonus,Persuadable,0
CUST01414,65,Female,Central,Bachelor,Low,10,2,58.52,0.0,1,11,1,4.0,Month-to-Month,0,1,1,Personal Outreach,Sure Thing,0
CUST00814,42,Male,North,PhD,Low,26,1,66.37,0.0,3,8,29,5.0,Two Year,1,0,0,None,Sleeping Dog,0
CUST00042,42,Male,West,Bachelor,Lower-Mid,8,1,61.42,2.0,0,7,17,,One Year,0,2,0,None,Sleeping Dog,1
CUST02061,50,Male,Central,Master,Mid,14,2,89.0,30.0,0,6,74,5.0,Month-to-Month,1,3,0,None,Sleeping Dog,1
CUST01406,30,Male,East,Bachelor,Upper-Mid,23,2,137.32,1.0,4,5,1,4.0,Month-to-Month,0,0,0,None,Lost Cause,1
CUST01813,59,Female,North,Bachelor,Upper-Mid,46,4,32.92,2.0,2,12,49,4.0,One Year,0,2,1,Free Upgrade,Persuadable,0
CUST02882,18,Female,West,High School,Mid,5,1,83.29,2.0,0,5,23,2.0,One Year,0,0,0,None,Sure Thing,1
CUST01682,39,Other,Central,Bachelor,Lower-Mid,17,2,104.9,10.0,2,4,10,4.0,Month-to-Month,0,2,1,Discount,Lost Cause,1
CUST00883,34,Male,East,High School,Low,110,2,111.34,5.0,0,6,4,4.0,Month-to-Month,1,0,1,Free Upgrade,Sure Thing,0
CUST01885,39,Female,West,Bachelor,Lower-Mid,26,1,53.91,30.0,1,7,3,4.0,One Year,1,2,1,Loyalty Bonus,Sleeping Dog,0
CUST02083,22,Other,North,Diploma,Upper-Mid,97,1,59.01,1.0,2,8,11,,Month-to-Month,0,0,0,None,Sleeping Dog,0
CUST00699,51,Female,South,High School,Mid,10,1,59.75,3.0,2,7,60,4.0,Month-to-Month,1,3,1,Discount,Sleeping Dog,1
CUST02559,43,Female,East,Master,Lower-Mid,17,1,85.53,10.0,1,8,6,5.0,One Year,0,1,1,Discount,Persuadable,0
CUST02791,47,Female,South,Bachelor,Lower-Mid,16,2,100.86,5.0,1,12,14,4.0,Two Year,0,0,0,None,Lost Cause,0
CUST00004,58,Male,East,Master,Upper-Mid,42,3,25.26,10.0,2,7,6,5.0,Month-to-Month,1,0,1,Personal Outreach,Lost Cause,0
CUST02234,50,Male,East,Master,Lower-Mid,13,2,58.21,30.0,1,12,1,4.0,One Year,1,0,0,None,Sleeping Dog,0
CUST00216,49,Female,West,,Upper-Mid,8,2,154.57,,1,5,19,4.0,One Year,1,2,1,Loyalty Bonus,Persuadable,0
CUST00977,34,Female,Central,Diploma,Upper-Mid,19,3,79.68,1.0,1,15,13,4.0,Two Year,1,0,0,None,Sure Thing,0
CUST00099,40,Female,West,Bachelor,,34,4,100.73,15.0,2,7,7,1.0,Month-to-Month,1,2,0,None,Sleeping Dog,1
CUST02442,56,Male,East,Diploma,Mid,10,1,80.63,30.0,2,8,27,5.0,Month-to-Month,1,0,1,Discount,Persuadable,1
CUST00649,37,Male,East,High School,Low,72,2,45.42,1.0,2,10,5,1.0,One Year,1,0,1,Loyalty Bonus,Sleeping Dog,1
CUST03156,20,Female,West,PhD,Mid,1,3,61.8,1.0,1,7,2,2.0,Month-to-Month,0,0,1,Personal Outreach,Lost Cause,1
CUST01371,37,Male,South,Diploma,Lower-Mid,27,4,72.24,30.0,1,7,21,4.0,Month-to-Month,0,0,1,Discount,Sure Thing,1
CUST01567,40,Female,East,Master,Mid,11,2,56.04,5.0,1,5,19,4.0,One Year,1,0,0,None,Sleeping Dog,0
CUST03022,34,Male,West,High School,High,28,4,56.29,2.0,2,5,5,4.0,Month-to-Month,1,1,0,None,Sleeping Dog,1
CUST02745,18,Male,East,,Mid,4,1,172.88,0.0,1,10,7,2.0,Two Year,1,2,1,Free Upgrade,Sure Thing,0
CUST01724,47,Female,West,High School,Low,10,2,61.4,15.0,0,10,13,4.0,Month-to-Month,1,1,1,Free Upgrade,Sure Thing,1
CUST03325,53,Female,South,Bachelor,Mid,87,2,148.62,5.0,1,4,18,5.0,Month-to-Month,1,0,0,None,Sleeping Dog,0
CUST01192,23,Male,East,Master,Mid,31,1,95.04,5.0,1,7,27,2.0,Two Year,0,0,0,None,Sleeping Dog,0
CUST03182,46,Female,East,Bachelor,High,1,1,107.09,30.0,1,8,3,3.0,One Year,1,0,1,Personal Outreach,Lost Cause,1
CUST02216,43,Female,South,Diploma,Mid,28,1,33.22,10.0,5,8,5,3.0,Month-to-Month,1,1,0,None,Persuadable,1
CUST01517,58,Female,North,Bachelor,Low,25,1,26.34,1.0,3,5,3,5.0,Two Year,0,0,0,None,Lost Cause,0
CUST00701,33,male,West,Master,Mid,9,2,33.22,,1,9,1,4.0,One Year,1,2,0,None,Sleeping Dog,0
CUST00456,30,Male,North,High School,Upper-Mid,17,2,103.06,0.0,1,6,15,2.0,Month-to-Month,1,2,0,None,Lost Cause,1
CUST00005,37,Female,South,Diploma,Mid,15,1,19.25,3.0,1,10,18,2.0,Two Year,1,1,1,Free Upgrade,Persuadable,0
CUST01946,35,Female,East,High School,Upper-Mid,10,2,84.38,1.0,0,10,14,4.0,Month-to-Month,1,2,1,Discount,Sure Thing,0
CUST01767,66,Female,West,Bachelor,Low,18,4,74.61,30.0,2,9,3,3.0,One Year,1,1,0,None,Sleeping Dog,0
CUST01580,30,Female,North,Bachelor,Mid,64,2,56.38,,2,13,4,5.0,Two Year,1,1,0,None,Sleeping Dog,0
CUST02607,32,Female,West,Bachelor,Mid,120,1,53.27,7.0,0,7,52,3.0,Month-to-Month,1,2,0,None,Lost Cause,0
CUST00522,46,Female,South,PhD,Low,47,4,67.3,5.0,1,10,37,5.0,Month-to-Month,0,0,1,Personal Outreach,Persuadable,0
CUST01261,46,Male,West,High School,Upper-Mid,29,1,173.45,0.0,0,4,2,3.0,Month-to-Month,0,0,1,Discount,Sleeping Dog,1
CUST01684,43,Female,North,Diploma,High,12,3,28.57,,0,8,11,4.0,Month-to-Month,0,1,0,None,Sleeping Dog,1
CUST02305,63,Male,East,Diploma,Low,56,2,28.3,0.0,0,7,5,5.0,Month-to-Month,0,2,0,None,Sleeping Dog,1
CUST01038,22,Female,North,Diploma,Mid,11,2,66.48,1.0,3,8,21,2.0,One Year,0,1,0,None,Lost Cause,1
CUST00390,33,Male,West,Diploma,Mid,26,2,67.54,3.0,2,7,51,5.0,Month-to-Month,1,0,0,None,Lost Cause,0
CUST00952,44,Female,West,Bachelor,Lower-Mid,19,1,133.91,0.0,0,9,17,2.0,Month-to-Month,0,1,0,None,Lost Cause,0
CUST01511,26,Male,Central,Bachelor,Upper-Mid,9,2,88.69,1.0,4,6,4,1.0,Two Year,0,0,0,None,Persuadable,1
CUST00412,26,Male,North,Master,Mid,27,2,36.15,1.0,0,5,27,5.0,Month-to-Month,0,0,1,Loyalty Bonus,Sure Thing,1
CUST02200,45,Male,North,Master,,13,1,28.56,15.0,3,18,2,4.0,Two Year,0,1,1,Personal Outreach,Sure Thing,0
CUST03260,57,Female,South,Diploma,Mid,99,2,127.43,2.0,1,10,29,5.0,Month-to-Month,0,1,0,None,Persuadable,0
CUST02028,54,Male,East,Master,Upper-Mid,1,1,33.7,,1,7,8,5.0,Two Year,1,1,0,None,Lost Cause,0
CUST02509,23,Female,South,Diploma,Lower-Mid,37,1,50.7,2.0,2,5,4,1.0,Month-to-Month,1,4,0,None,Sleeping Dog,1
CUST01302,51,Male,North,Bachelor,High,32,2,70.05,0.0,1,6,5,4.0,Month-to-Month,0,1,1,Personal Outreach,Persuadable,0
CUST03006,23,Male,West,Bachelor,Mid,2,1,33.98,0.0,3,7,22,5.0,Month-to-Month,1,0,0,None,Persuadable,1
CUST01297,51,Female,Central,Bachelor,Upper-Mid,19,2,231.36,7.0,1,8,34,3.0,Month-to-Month,1,0,1,Personal Outreach,Sure Thing,1
CUST02055,23,F,East,Master,Low,101,1,39.54,7.0,2,10,40,2.0,Month-to-Month,1,1,0,None,Persuadable,1
CUST02356,43,Male,North,Diploma,Upper-Mid,42,1,103.64,30.0,3,6,35,4.0,Month-to-Month,1,3,1,Free Upgrade,Lost Cause,0
CUST03342,37,Female,East,High School,Lower-Mid,20,2,34.49,5.0,2,3,21,3.0,Month-to-Month,0,0,1,Free Upgrade,Persuadable,1
CUST00759,29,Male,East,Diploma,Lower-Mid,32,2,34.68,3.0,1,10,19,3.0,Month-to-Month,0,1,1,Loyalty Bonus,Persuadable,0
CUST02075,32,Male,Central,Bachelor,High,5,2,170.92,15.0,1,7,2,2.0,One Year,0,0,0,None,Sleeping Dog,1
CUST01318,36,Female,South,High School,Lower-Mid,24,2,141.51,3.0,1,10,1,3.0,Month-to-Month,1,0,0,None,Lost Cause,1
CUST00074,58,Female,North,Diploma,Lower-Mid,14,3,30.26,3.0,1,6,1,2.0,Two Year,1,0,0,None,Sleeping Dog,0
CUST00026,41,Female,South,High School,Upper-Mid,45,2,100.3,0.0,1,5,18,4.0,Month-to-Month,1,0,1,Free Upgrade,Persuadable,0
CUST02761,47,Male,Central,,,57,2,60.02,0.0,1,7,2,4.0,Two Year,0,2,0,None,Sleeping Dog,1
CUST01127,43,Male,West,Bachelor,Low,4,1,90.54,7.0,2,10,30,5.0,Month-to-Month,0,0,1,Personal Outreach,Persuadable,1
CUST01140,48,Male,West,Diploma,Lower-Mid,6,2,180.81,1.0,1,10,45,5.0,One Year,0,3,1,Loyalty Bonus,Sure Thing,0
CUST00506,34,Male,North,High School,Lower-Mid,2,2,77.07,3.0,2,9,40,2.0,One Year,0,2,0,None,Sure Thing,1
CUST01561,39,Female,East,Bachelor,Lower-Mid,1,2,113.82,15.0,3,9,25,2.0,One Year,0,2,0,None,Sleeping Dog,1
CUST02093,47,Male,West,Bachelor,Upper-Mid,77,1,73.12,30.0,1,10,13,3.0,One Year,1,1,0,None,Lost Cause,0
CUST01121,53,Male,Central,Bachelor,Mid,33,3,96.28,10.0,1,11,18,3.0,One Year,1,1,0,None,Lost Cause,0
CUST03198,18,Other,West,Bachelor,Mid,3,2,81.59,0.0,1,15,16,5.0,Two Year,1,3,1,Discount,Lost Cause,0
CUST00587,34,Female,North,Master,Mid,24,1,38.88,15.0,2,7,1,2.0,Two Year,1,1,0,None,Persuadable,0
CUST02731,54,Female,North,Diploma,,17,2,36.68,0.0,3,6,2,1.0,Month-to-Month,1,0,0,None,Sleeping Dog,1
CUST00612,39,Female,South,PhD,Lower-Mid,14,2,174.13,0.0,4,8,18,3.0,Month-to-Month,0,1,1,Loyalty Bonus,Sleeping Dog,1
CUST01090,37,Male,South,Bachelor,Mid,37,3,2036.8007731327564,0.0,1,6,60,3.0,Month-to-Month,0,1,1,Personal Outreach,Sure Thing,0
CUST01536,20,Male,West,,Mid,47,2,70.25,10.0,2,13,11,3.0,Month-to-Month,1,0,0,None,Sure Thing,0
CUST01409,36,Female,North,Bachelor,Lower-Mid,33,3,66.59,2.0,0,8,14,5.0,One Year,1,1,1,Loyalty Bonus,Sure Thing,0
CUST00349,31,Male,East,Bachelor,Mid,60,3,44.29,5.0,2,4,12,2.0,Month-to-Month,1,4,1,Free Upgrade,Lost Cause,0
CUST00886,62,Male,Central,PhD,Upper-Mid,92,2,105.6,3.0,0,11,8,,Two Year,1,0,1,Personal Outreach,Persuadable,0
CUST03417,50,Female,South,,Upper-Mid,26,2,132.28,15.0,1,12,7,4.0,One Year,0,0,0,None,Sleeping Dog,1
CUST02920,55,Female,East,Bachelor,High,4,1,98.7,1.0,3,8,5,4.0,Two Year,1,0,0,None,Sleeping Dog,0
CUST00783,44,Male,Central,High School,Mid,27,1,38.12,,0,6,21,4.0,Month-to-Month,0,1,0,None,Sleeping Dog,0
CUST03043,32,Female,East,Diploma,Mid,1,2,102.57,15.0,3,6,30,4.0,Month-to-Month,1,1,1,Discount,Lost Cause,1
CUST02310,50,Other,Central,Diploma,Mid,113,2,46.39,0.0,2,8,8,4.0,Month-to-Month,1,0,0,None,Sleeping Dog,0
CUST00630,53,male,East,Bachelor,Lower-Mid,5,3,115.87,,1,2,2,1.0,Month-to-Month,0,1,0,None,Persuadable,1
CUST00409,41,Male,Central,PhD,Upper-Mid,29,1,90.89,0.0,2,8,14,4.0,Month-to-Month,0,2,0,None,Sure Thing,1
CUST00165,51,Male,West,Bachelor,Mid,11,1,82.75,15.0,5,9,14,4.0,Month-to-Month,0,1,0,None,Sure Thing,1
CUST02775,34,Male,East,High School,Low,14,2,154.53,10.0,1,11,2,2.0,Month-to-Month,0,1,0,None,Lost Cause,1
CUST01970,53,Female,South,Diploma,High,15,1,66.56,0.0,2,8,6,4.0,Month-to-Month,1,1,1,Discount,Lost Cause,0
CUST01650,71,Male,West,High School,Upper-Mid,20,1,20.47,,1,4,40,3.0,One Year,0,0,0,None,Lost Cause,1
CUST02302,28,Male,South,Master,Mid,1,1,57.26,0.0,2,7,5,5.0,One Year,1,2,0,None,Sleeping Dog,0
CUST01088,42,F,South,Bachelor,Mid,12,1,89.49,2.0,1,7,2,2.0,Two Year,1,0,1,Loyalty Bonus,Persuadable,0
CUST03347,36,Female,Central,,Low,120,2,47.14,2.0,0,8,19,3.0,Month-to-Month,1,2,0,None,Lost Cause,1
CUST02490,18,Male,Central,High School,Low,61,1,239.84,30.0,1,9,7,4.0,Month-to-Month,0,0,0,None,Sure Thing,1
CUST02406,56,Male,East,Bachelor,Upper-Mid,58,1,157.47,3.0,1,8,13,5.0,Month-to-Month,0,0,0,None,Sure Thing,0
CUST02321,45,Female,East,Diploma,Low,24,2,29.58,5.0,1,10,2,1.0,Month-to-Month,1,0,0,None,Lost Cause,1
CUST01755,46,Female,Central,Master,Upper-Mid,1,1,49.69,30.0,0,8,7,4.0,Two Year,1,0,0,None,Persuadable,0
CUST00295,44,Male,North,Bachelor,Lower-Mid,52,2,13.52,15.0,2,9,25,4.0,Month-to-Month,0,1,1,Loyalty Bonus,Sure Thing,1
CUST00966,57,Female,Central,Bachelor,Lower-Mid,19,2,60.13,0.0,0,10,7,1.0,One Year,1,1,1,Loyalty Bonus,Sleeping Dog,1
CUST01823,37,Female,North,High School,Mid,23,1,15.62,1.0,2,7,54,3.0,One Year,0,0,1,Discount,Sleeping Dog,1
CUST03032,32,Female,East,,Mid,12,1,62.95,3.0,1,10,20,4.0,One Year,1,2,1,Free Upgrade,Lost Cause,0
CUST00529,43,Male,Central,Bachelor,Upper-Mid,14,4,34.63,1.0,1,4,5,1.0,Two Year,0,0,1,Personal Outreach,Persuadable,0
CUST01969,37,Male,Central,Diploma,,15,1,50.05,15.0,5,4,5,4.0,Month-to-Month,0,0,1,Free Upgrade,Persuadable,1
CUST00028,44,Male,East,Diploma,Low,4,2,32.9,,2,8,47,3.0,Month-to-Month,0,0,1,Discount,Persuadable,0
CUST02329,48,Female,West,Master,Upper-Mid,12,3,36.5,3.0,1,6,9,,Month-to-Month,0,2,1,Loyalty Bonus,Persuadable,0
CUST01674,28,Female,West,High School,Mid,17,2,101.98,30.0,2,9,6,3.0,Two Year,0,1,0,None,Lost Cause,0
CUST00275,28,Male,North,Master,High,48,2,35.15,3.0,2,4,26,2.0,Month-to-Month,1,1,1,Loyalty Bonus,Persuadable,1
CUST01073,40,Male,East,Diploma,Mid,97,2,36.26,1.0,1,6,8,4.0,Two Year,0,1,0,None,Persuadable,0
CUST01075,51,Male,South,Diploma,Low,22,4,129.84,5.0,5,6,20,4.0,One Year,1,0,0,None,Sleeping Dog,0
CUST02260,42,Female,Central,High School,Mid,13,2,80.54,10.0,2,9,1,5.0,One Year,0,6,0,None,Persuadable,0
CUST02604,25,Female,East,High School,Mid,7,3,152.25,0.0,1,9,1,5.0,Month-to-Month,1,0,1,Discount,Sleeping Dog,0
CUST00586,42,Male,East,Bachelor,High,63,1,50.79,0.0,1,5,32,4.0,Two Year,0,0,0,None,Sleeping Dog,0
CUST00838,28,Female,South,Bachelor,Upper-Mid,7,1,52.75,15.0,1,6,61,5.0,One Year,0,0,1,Free Upgrade,Lost Cause,1
CUST00711,42,Female,East,High School,Upper-Mid,9,4,57.53,10.0,1,7,9,2.0,One Year,0,0,1,Free Upgrade,Persuadable,1
CUST03368,42,Male,North,High School,Upper-Mid,61,1,31.28,3.0,2,8,80,4.0,Month-to-Month,0,0,1,Discount,Sleeping Dog,1
CUST01251,43,Female,West,Bachelor,Lower-Mid,17,3,47.29,2.0,2,7,18,2.0,One Year,0,1,1,Loyalty Bonus,Sleeping Dog,0
CUST01438,59,Female,Central,High School,Mid,15,2,88.08,7.0,4,7,25,5.0,Month-to-Month,0,0,0,None,Lost Cause,1
CUST01554,30,Female,South,High School,Lower-Mid,83,2,30.03,30.0,0,8,3,5.0,One Year,0,2,0,None,Persuadable,0
CUST00817,43,Female,South,Master,Lower-Mid,10,3,40.42,10.0,0,5,29,3.0,One Year,1,1,1,Personal Outreach,Lost Cause,0
CUST03463,41,Male,South,High School,Upper-Mid,3,4,56.75,10.0,3,9,11,1.0,One Year,1,0,0,None,Sure Thing,0
CUST02282,31,Male,South,Master,Upper-Mid,14,1,28.24,5.0,2,13,6,2.0,Month-to-Month,0,0,1,Discount,Sleeping Dog,1
CUST00958,45,Female,East,Master,,26,1,48.74,1.0,1,11,53,5.0,One Year,0,0,0,None,Sleeping Dog,0
CUST00303,48,Male,East,Bachelor,,69,3,55.0,2.0,1,10,8,1.0,One Year,0,2,1,Free Upgrade,Sleeping Dog,0
CUST03083,18,Female,South,PhD,Lower-Mid,3,3,52.3,7.0,2,6,9,1.0,Month-to-Month,0,0,0,None,Sleeping Dog,1
CUST03410,64,Female,Central,Master,Upper-Mid,53,1,70.2,7.0,1,14,16,4.0,Two Year,1,1,0,None,Sleeping Dog,0
CUST01064,19,Female,Central,Master,High,29,1,91.16,7.0,3,12,9,5.0,One Year,1,3,0,None,Lost Cause,0
CUST00873,23,Female,North,High School,Upper-Mid,63,1,65.11,15.0,4,4,50,5.0,Month-to-Month,1,0,1,Discount,Lost Cause,0
CUST03066,43,Female,North,Master,Mid,3,1,218.79,5.0,2,5,4,3.0,Two Year,0,2,0,None,Sure Thing,0
CUST02687,45,Female,East,Bachelor,High,20,1,106.14,1.0,1,7,16,4.0,One Year,0,0,0,None,Lost Cause,0
CUST02756,34,Male,North,High School,Lower-Mid,12,2,63.72,0.0,2,14,3,3.0,One Year,1,1,1,Free Upgrade,Lost Cause,0
CUST00924,31,Male,East,Bachelor,Mid,2,2,116.46,7.0,0,11,5,5.0,Month-to-Month,0,1,0,None,Sure Thing,0
CUST00060,51,Female,South,Bachelor,Upper-Mid,61,2,48.85,0.0,2,12,25,5.0,Month-to-Month,0,2,1,Discount,Lost Cause,0
CUST03151,50,Male,Central,PhD,Mid,27,3,121.14,10.0,2,5,10,3.0,Two Year,0,1,1,Personal Outreach,Persuadable,0
CUST03204,55,Male,Central,Bachelor,Upper-Mid,7,3,36.44,1.0,3,9,46,4.0,Month-to-Month,0,1,1,Discount,Sleeping Dog,0
CUST01976,35,Male,Central,Diploma,Upper-Mid,36,3,121.26,0.0,1,9,1,5.0,Two Year,1,1,1,Discount,Persuadable,0
CUST00024,22,Female,North,Master,Mid,19,4,39.33,7.0,1,9,15,3.0,Two Year,1,0,1,Free Upgrade,Sure Thing,0
CUST02410,26,Male,East,High School,Upper-Mid,79,2,250.66,0.0,2,8,14,3.0,Two Year,0,1,0,None,Persuadable,0
CUST00684,45,Male,North,Master,Mid,51,1,142.61,0.0,1,10,20,4.0,Month-to-Month,1,0,0,None,Sure Thing,0
CUST02630,34,Female,West,Master,Mid,24,1,98.16,2.0,1,6,48,5.0,One Year,0,1,1,Discount,Sleeping Dog,0
CUST02057,34,Male,East,Diploma,Mid,1,1,91.26,3.0,1,8,22,3.0,Two Year,1,0,1,Personal Outreach,Persuadable,0
CUST00229,31,Female,South,Master,Lower-Mid,3,1,52.94,2.0,2,10,11,3.0,One Year,1,0,0,None,Sure Thing,1
CUST00490,50,Male,South,Master,Mid,12,1,43.43,2.0,2,7,132,5.0,One Year,1,4,1,Loyalty Bonus,Sure Thing,0
CUST03001,18,Male,Central,Bachelor,Upper-Mid,22,2,49.17,1.0,2,8,34,4.0,Two Year,1,2,0,None,Sleeping Dog,0
CUST00830,36,Female,West,Bachelor,Lower-Mid,59,2,65.64,5.0,0,10,3,3.0,One Year,1,3,1,Personal Outreach,Lost Cause,0
CUST02614,39,Male,North,High School,,1,1,29.93,30.0,0,12,8,5.0,One Year,0,0,0,None,Lost Cause,0
CUST00386,41,Male,West,Bachelor,Upper-Mid,9,4,77.59,30.0,3,9,28,4.0,Month-to-Month,1,0,1,Discount,Lost Cause,1
CUST00016,33,Female,North,Bachelor,Low,22,3,48.53,15.0,2,8,4,1.0,Two Year,0,1,0,None,Sure Thing,1
CUST02254,39,Male,North,Master,Lower-Mid,22,2,119.24,10.0,0,11,31,4.0,Month-to-Month,1,1,0,None,Lost Cause,0
CUST03317,39,Male,Central,Bachelor,Upper-Mid,38,1,96.47,0.0,1,9,32,,Month-to-Month,0,0,0,None,Lost Cause,1
CUST01389,40,Male,North,Master,High,17,1,21.79,30.0,0,4,29,3.0,Month-to-Month,1,0,0,None,Sure Thing,1
CUST02850,33,Female,North,Bachelor,Lower-Mid,68,2,131.03,5.0,2,7,11,4.0,Two Year,1,0,0,None,Sure Thing,0
CUST01589,30,Male,North,Bachelor,Mid,21,1,82.62,5.0,5,6,48,4.0,One Year,1,1,0,None,Sure Thing,0
CUST03228,54,Female,West,Bachelor,Upper-Mid,40,1,31.22,0.0,1,7,10,2.0,Month-to-Month,1,2,1,Discount,Sure Thing,1
CUST01752,48,Male,South,Master,Mid,7,2,52.96,15.0,3,8,38,5.0,Month-to-Month,1,0,0,None,Sleeping Dog,1
CUST01151,28,Male,South,Diploma,Mid,50,1,24.22,5.0,1,13,6,4.0,Month-to-Month,0,0,1,Free Upgrade,Sure Thing,1
CUST01305,46,Female,South,Bachelor,Mid,14,2,69.12,0.0,2,6,19,3.0,One Year,0,1,1,Discount,Persuadable,0
CUST01232,23,Female,North,Master,High,3,3,85.97,3.0,1,7,9,4.0,Month-to-Month,0,1,0,None,Sure Thing,1
CUST01793,38,Female,North,High School,Upper-Mid,21,1,100.4,0.0,0,5,14,1.0,Month-to-Month,0,3,0,None,Sure Thing,1
CUST01270,54,Male,North,Master,Low,15,2,86.05,0.0,2,8,43,3.0,Two Year,1,0,0,None,Sleeping Dog,0
CUST02819,44,Male,North,Master,Low,7,2,73.0,3.0,1,7,67,3.0,Two Year,0,0,0,None,Persuadable,0
CUST00498,37,Male,Central,High School,,34,1,86.27,5.0,2,7,10,2.0,Month-to-Month,1,0,1,Discount,Persuadable,1
CUST00353,50,Male,North,Bachelor,Upper-Mid,120,3,163.32,2.0,1,6,8,5.0,Two Year,1,2,1,Discount,Sleeping Dog,0
CUST01839,39,Female,West,Bachelor,Mid,43,2,116.09,0.0,3,8,3,3.0,Month-to-Month,0,0,0,None,Persuadable,1
CUST00002,38,Female,East,Master,Upper-Mid,26,1,40.82,10.0,1,7,6,2.0,One Year,0,0,1,Free Upgrade,Persuadable,0
CUST00286,18,Male,North,Master,High,44,2,30.48,30.0,0,7,45,4.0,Month-to-Month,1,2,1,Loyalty Bonus,Persuadable,0
CUST01647,37,Male,North,Bachelor,Upper-Mid,7,3,299.52,30.0,3,12,40,2.0,Month-to-Month,0,2,1,Discount,Sleeping Dog,1
CUST00784,47,Male,East,Diploma,Upper-Mid,4,1,39.58,0.0,1,9,34,4.0,One Year,1,2,1,Loyalty Bonus,Sleeping Dog,1
CUST02778,37,Female,West,Master,Mid,46,1,104.34,10.0,1,8,11,5.0,One Year,1,0,0,None,Persuadable,0
CUST03114,25,Female,North,Bachelor,High,31,2,56.67,10.0,3,8,22,5.0,One Year,1,0,0,None,Sleeping Dog,0
CUST00069,44,Male,East,Bachelor,Lower-Mid,27,2,79.73,0.0,3,5,21,3.0,Month-to-Month,0,1,1,Discount,Lost Cause,1
CUST00404,40,Male,West,High School,Low,8,3,80.85,1.0,2,7,27,3.0,Month-to-Month,1,0,0,None,Sure Thing,1
CUST00798,48,Male,East,Diploma,Mid,23,1,150.15,1.0,2,6,24,3.0,One Year,1,1,0,None,Sure Thing,0
CUST03492,37,Female,West,Bachelor,Mid,65,1,75.84,1.0,2,7,1,1.0,Month-to-Month,0,0,1,Free Upgrade,Persuadable,0
CUST02832,28,Male,South,High School,Upper-Mid,34,2,46.88,1.0,3,6,16,4.0,One Year,0,0,1,Loyalty Bonus,Sure Thing,0
CUST02024,24,Male,South,Diploma,High,16,2,61.86,30.0,2,8,16,4.0,Two Year,1,1,0,None,Persuadable,0
CUST00178,57,Male,West,PhD,Low,14,3,82.96,5.0,2,11,35,2.0,One Year,1,0,1,Loyalty Bonus,Sleeping Dog,0
CUST00954,57,Female,North,Diploma,High,16,2,17.43,1.0,3,9,28,3.0,Two Year,1,1,0,None,Sure Thing,0
CUST02140,22,Female,South,Master,Lower-Mid,26,1,107.26,2.0,1,12,16,2.0,Month-to-Month,0,1,0,None,Lost Cause,1
CUST01201,41,Female,West,Bachelor,Mid,5,1,44.25,0.0,3,10,3,3.0,Month-to-Month,0,0,0,None,Persuadable,1
CUST02627,56,Female,North,Bachelor,Mid,9,1,12.09,0.0,0,8,13,3.0,One Year,0,0,0,None,Sleeping Dog,0
CUST01757,38,Female,South,High School,Upper-Mid,28,2,35.75,,1,6,5,4.0,Two Year,1,2,1,Free Upgrade,Persuadable,0
CUST01578,53,Female,West,High School,Mid,10,1,53.96,0.0,1,9,1,3.0,Month-to-Month,1,1,1,Discount,Lost Cause,1
CUST02680,36,Female,East,Diploma,Mid,4,2,21.35,5.0,1,6,47,3.0,One Year,0,1,1,Personal Outreach,Lost Cause,1
CUST01508,51,Female,South,Master,Upper-Mid,48,3,43.99,0.0,3,3,8,5.0,Two Year,1,0,0,None,Sure Thing,0
CUST01498,54,Other,South,Diploma,Lower-Mid,37,1,54.42,0.0,4,6,17,3.0,Two Year,0,0,0,None,Sure Thing,1
CUST00539,52,Male,Central,High School,Mid,12,3,30.45,7.0,0,6,2,2.0,One Year,0,2,1,Free Upgrade,Lost Cause,0
CUST01331,58,Male,South,Bachelor,High,14,1,33.75,10.0,2,8,38,,Month-to-Month,1,1,0,None,Persuadable,0
CUST03241,40,Female,East,High School,Lower-Mid,2,4,22.13,7.0,3,5,25,5.0,One Year,1,0,1,Personal Outreach,Persuadable,1
CUST01489,21,Male,Central,Bachelor,Mid,1,3,81.6,2.0,2,10,15,2.0,Month-to-Month,0,1,0,None,Sure Thing,1
CUST02019,47,Female,North,Bachelor,High,27,2,146.33,5.0,2,6,16,4.0,Month-to-Month,0,0,1,Free Upgrade,Lost Cause,0
CUST01745,28,Female,East,High School,High,75,4,114.69,2.0,0,8,6,4.0,Month-to-Month,1,0,0,None,Persuadable,0
CUST02742,45,Female,East,Bachelor,Low,34,2,86.89,10.0,2,6,13,,Two Year,1,0,0,None,Sleeping Dog,0
CUST03037,35,Female,South,High School,Low,29,3,26.45,3.0,2,5,37,2.0,Two Year,0,1,0,None,Persuadable,0
CUST03160,43,Other,South,Master,Mid,63,1,42.62,30.0,2,7,2,4.0,Month-to-Month,0,2,0,None,Sure Thing,1
CUST02911,33,Male,East,High School,Mid,49,3,51.28,10.0,3,10,20,2.0,Month-to-Month,0,0,1,Loyalty Bonus,Persuadable,1
CUST03371,39,Female,Central,Diploma,,1,2,70.79,15.0,0,6,1,4.0,Month-to-Month,1,0,0,None,Sure Thing,1
CUST00949,39,Female,West,Bachelor,Upper-Mid,56,4,42.44,2.0,2,12,3,1.0,Month-to-Month,0,1,1,Free Upgrade,Sure Thing,1
CUST00511,43,Female,East,Diploma,Mid,1,1,47.84,3.0,1,8,2,2.0,Month-to-Month,0,2,1,Loyalty Bonus,Persuadable,1
CUST01394,41,Female,West,High School,High,31,2,47.58,15.0,0,7,25,1.0,Month-to-Month,1,0,1,Loyalty Bonus,Lost Cause,1
CUST01509,41,Female,East,Diploma,Low,16,3,53.17,0.0,2,6,22,4.0,Month-to-Month,1,1,1,Loyalty Bonus,Persuadable,0
CUST02253,22,Female,North,Diploma,Low,49,3,48.45,1.0,0,10,37,2.0,One Year,1,1,1,Free Upgrade,Lost Cause,0
CUST02936,57,Female,East,Bachelor,High,51,3,54.28,5.0,0,12,59,5.0,One Year,1,1,0,None,Sleeping Dog,0
CUST01332,54,Male,South,Master,Mid,2,1,55.34,30.0,0,10,30,4.0,Two Year,0,2,1,Loyalty Bonus,Persuadable,0
CUST01310,45,Female,Central,Diploma,Mid,33,3,94.96,0.0,3,11,1,3.0,One Year,1,1,0,None,Sleeping Dog,0
CUST03017,21,Male,South,Bachelor,Low,3,1,23.08,3.0,0,9,27,4.0,Month-to-Month,1,1,0,None,Sleeping Dog,1
CUST02691,27,Male,Central,Bachelor,Mid,11,2,45.47,0.0,2,4,49,3.0,One Year,0,1,1,Personal Outreach,Lost Cause,1
CUST03045,48,Male,West,High School,Mid,16,2,45.61,0.0,1,9,1,,One Year,0,2,1,Discount,Sleeping Dog,0
CUST02511,45,Male,South,High School,Low,120,2,152.11,1.0,0,3,19,,One Year,1,1,0,None,Sleeping Dog,0
CUST02210,39,Male,West,Bachelor,Upper-Mid,50,1,70.57,7.0,2,11,1,5.0,One Year,1,1,0,None,Sure Thing,0
CUST02450,31,Female,North,Master,Upper-Mid,1,3,49.81,15.0,2,5,36,4.0,One Year,1,2,0,None,Persuadable,1
CUST00664,33,Male,West,Bachelor,Lower-Mid,29,2,54.6,,0,9,1,5.0,Two Year,0,0,0,None,Sleeping Dog,0
CUST00574,37,Male,South,PhD,Lower-Mid,4,1,98.66,2.0,1,7,8,1.0,One Year,0,0,0,None,Persuadable,1
CUST03054,30,Female,West,Diploma,Low,3,3,50.09,3.0,2,8,82,4.0,Two Year,0,1,0,None,Sleeping Dog,0
CUST02228,32,Female,South,Bachelor,High,10,1,58.91,0.0,1,9,26,5.0,Month-to-Month,1,0,0,None,Lost Cause,0
CUST03061,43,Male,Central,Master,Upper-Mid,8,2,85.32,0.0,2,9,2,4.0,Month-to-Month,0,0,1,Discount,Persuadable,0
CUST02954,58,Male,North,Diploma,Upper-Mid,6,2,140.19,10.0,1,6,22,3.0,Two Year,0,0,0,None,Sure Thing,1
CUST02335,50,Male,South,Bachelor,Mid,4,2,74.11,,0,10,9,4.0,Two Year,0,1,1,Discount,Sleeping Dog,0
CUST02188,36,Female,West,Bachelor,Upper-Mid,33,2,43.35,2.0,2,6,2,2.0,Month-to-Month,0,1,0,None,Persuadable,1
CUST02674,33,Male,Central,High School,Mid,21,4,86.89,3.0,1,4,15,3.0,One Year,0,0,0,None,Persuadable,0
CUST02046,53,Male,East,High School,Mid,2,1,66.32,15.0,3,7,14,1.0,Month-to-Month,0,1,0,None,Sleeping Dog,1
CUST00283,59,Male,South,Diploma,Lower-Mid,8,2,157.82,3.0,1,7,4,4.0,Month-to-Month,1,1,0,None,Sleeping Dog,1
CUST00259,45,Male,South,Diploma,Lower-Mid,17,1,84.54,0.0,2,9,46,2.0,One Year,1,0,0,None,Persuadable,1
CUST01812,41,Female,South,,Low,7,3,193.54,2.0,1,8,7,3.0,Two Year,1,1,0,None,Lost Cause,0
CUST01798,30,Male,West,High School,Mid,41,3,60.65,3.0,2,10,46,3.0,One Year,0,2,0,None,Persuadable,0
CUST02446,43,Male,West,Bachelor,Upper-Mid,27,3,43.83,30.0,3,11,3,2.0,Two Year,1,0,0,None,Lost Cause,0
CUST00726,37,Male,South,,Low,17,2,222.47,1.0,1,4,6,4.0,Two Year,1,0,1,Free Upgrade,Persuadable,0
CUST01637,28,Male,North,High School,Upper-Mid,17,4,88.82,10.0,0,7,7,4.0,One Year,1,2,0,None,Persuadable,0
CUST00678,61,Female,North,Master,Mid,13,1,45.45,1.0,1,10,9,5.0,Month-to-Month,1,0,0,None,Sleeping Dog,0
CUST02339,40,Male,Central,Master,Lower-Mid,51,2,35.77,2.0,0,9,19,3.0,One Year,1,1,1,Discount,Sleeping Dog,0
CUST01153,32,Female,South,Master,Mid,23,3,113.09,15.0,2,5,35,3.0,One Year,0,0,0,None,Sleeping Dog,1
CUST01347,18,Female,West,High School,Upper-Mid,9,4,17.19,1.0,1,5,14,4.0,Month-to-Month,0,0,0,None,Sure Thing,1
CUST00056,51,Female,South,Diploma,Mid,4,1,41.5,2.0,2,10,24,4.0,One Year,1,0,1,Personal Outreach,Persuadable,0
CUST01480,34,Male,North,Bachelor,Mid,51,2,77.73,15.0,1,11,1,5.0,Month-to-Month,0,2,0,None,Sleeping Dog,1
CUST01412,46,Female,Central,Master,Low,2,1,81.59,0.0,1,7,8,2.0,Month-to-Month,1,1,1,Free Upgrade,Persuadable,1
CUST03301,44,Female,East,High School,Lower-Mid,11,2,40.97,5.0,4,4,20,2.0,Month-to-Month,1,2,1,Discount,Sleeping Dog,1
CUST02215,34,Male,Central,Bachelor,Mid,27,2,89.3,30.0,2,6,10,4.0,One Year,1,1,0,None,Lost Cause,0
CUST03358,18,Female,West,Bachelor,Mid,50,2,86.38,0.0,0,9,35,5.0,Month-to-Month,0,1,0,None,Persuadable,0
CUST01362,46,Other,West,Bachelor,High,6,1,35.58,30.0,3,4,4,3.0,One Year,0,1,1,Free Upgrade,Persuadable,1
CUST00889,47,Male,Central,Diploma,Low,7,1,60.69,2.0,1,9,12,2.0,Month-to-Month,1,0,1,Personal Outreach,Sure Thing,0
CUST02814,36,Female,North,PhD,Mid,4,4,63.27,,3,7,3,3.0,Month-to-Month,1,0,1,Discount,Sure Thing,1
CUST01820,28,Female,South,Diploma,Mid,26,1,272.23,30.0,1,10,18,5.0,One Year,0,1,1,Loyalty Bonus,Lost Cause,1
CUST01973,47,Female,North,High School,Upper-Mid,34,2,27.73,0.0,0,2,1,3.0,One Year,0,1,1,Personal Outreach,Sure Thing,1
CUST00715,39,Male,North,Bachelor,Low,20,1,51.5,5.0,3,11,17,4.0,Month-to-Month,0,1,1,Free Upgrade,Persuadable,1
CUST03189,50,Female,North,Bachelor,,28,2,202.89,0.0,3,6,21,5.0,Month-to-Month,1,2,0,None,Sleeping Dog,0
CUST01057,39,Female,South,Diploma,High,47,1,51.54,0.0,2,4,7,2.0,Month-to-Month,1,0,0,None,Lost Cause,1
CUST01766,29,Male,North,Bachelor,Low,13,1,53.28,5.0,1,10,28,4.0,Month-to-Month,1,3,1,Loyalty Bonus,Lost Cause,0
CUST02208,44,Female,South,Bachelor,Mid,3,1,50.62,10.0,3,4,3,2.0,Month-to-Month,0,2,0,None,Sleeping Dog,0
CUST00618,48,Male,South,,Low,80,2,38.46,0.0,1,9,51,1.0,Month-to-Month,1,1,1,Free Upgrade,Sleeping Dog,1
CUST00124,23,Other,East,Master,Mid,76,2,70.19,,1,10,6,3.0,Month-to-Month,0,1,1,Free Upgrade,Sleeping Dog,0
CUST02904,43,Female,East,Bachelor,Upper-Mid,21,3,140.29,5.0,1,16,3,2.0,Month-to-Month,0,0,1,Personal Outreach,Sleeping Dog,1
CUST00335,51,Male,South,High School,Low,25,4,33.19,10.0,1,12,27,4.0,One Year,0,0,1,Loyalty Bonus,Persuadable,0
CUST02645,26,Male,South,High School,Mid,68,2,78.22,0.0,1,13,11,4.0,One Year,1,0,0,None,Lost Cause,0
CUST00305,39,Female,West,Diploma,High,19,3,42.12,7.0,3,9,10,4.0,Month-to-Month,0,0,0,None,Persuadable,1
CUST00981,49,Male,East,High School,Lower-Mid,9,4,56.93,15.0,1,5,31,1.0,One Year,0,3,0,None,Sure Thing,1
CUST03121,34,Male,East,Bachelor,Upper-Mid,3,4,91.09,0.0,1,11,1,5.0,Two Year,1,0,1,Free Upgrade,Persuadable,0
CUST01472,32,Female,East,Master,Lower-Mid,34,3,66.7,5.0,1,8,52,3.0,Two Year,0,0,1,Loyalty Bonus,Persuadable,0
CUST00582,35,Male,Central,Master,Mid,7,3,40.55,0.0,2,5,60,4.0,Month-to-Month,1,3,0,None,Sleeping Dog,0
CUST01617,43,Female,West,PhD,Lower-Mid,23,1,147.15,0.0,3,4,4,4.0,One Year,1,0,1,Free Upgrade,Sure Thing,1
CUST01195,20,Female,South,Bachelor,Upper-Mid,15,3,49.02,2.0,0,8,3,3.0,Month-to-Month,0,0,1,Discount,Lost Cause,1
CUST01825,42,Male,Central,Bachelor,Low,51,1,82.88,3.0,1,6,15,5.0,One Year,0,1,0,None,Sure Thing,0
CUST01880,30,Female,West,High School,Low,1,4,37.57,1.0,0,16,2,5.0,Month-to-Month,1,1,0,None,Lost Cause,0
CUST01982,23,Female,North,PhD,Lower-Mid,82,2,208.82,0.0,0,7,14,1.0,Two Year,1,0,1,Loyalty Bonus,Sure Thing,0
CUST01862,49,Male,West,Bachelor,Lower-Mid,21,2,149.38,0.0,1,7,9,3.0,One Year,1,0,1,Free Upgrade,Persuadable,0
CUST01351,25,Male,East,High School,High,15,1,19.89,15.0,1,4,6,3.0,Two Year,1,0,0,None,Persuadable,0
CUST00410,46,Male,West,High School,Upper-Mid,57,1,166.99,7.0,2,7,34,,Month-to-Month,0,0,0,None,Sure Thing,1
CUST00676,30,Female,Central,Bachelor,Upper-Mid,13,2,22.58,15.0,2,9,32,3.0,Two Year,1,1,1,Discount,Persuadable,0
CUST00298,43,Female,East,Bachelor,Mid,73,3,76.31,0.0,1,16,11,5.0,Month-to-Month,1,0,0,None,Sure Thing,0
CUST00926,21,Male,West,Diploma,High,53,1,56.64,7.0,0,4,6,5.0,Month-to-Month,1,2,0,None,Sleeping Dog,0
CUST00023,40,Male,North,Master,Mid,17,2,72.39,5.0,3,10,45,3.0,Two Year,1,0,1,Discount,Sure Thing,0
CUST02384,39,Female,North,High School,Mid,6,2,62.01,2.0,1,6,39,3.0,Month-to-Month,1,0,0,None,Lost Cause,1
CUST02330,50,Female,North,Bachelor,Lower-Mid,7,2,98.29,1.0,2,7,34,3.0,Month-to-Month,0,0,0,None,Persuadable,1
CUST00729,33,Male,East,Diploma,Upper-Mid,45,3,28.45,1.0,0,11,13,2.0,Month-to-Month,0,0,0,None,Sleeping Dog,0
CUST01308,39,Other,West,High School,Lower-Mid,16,4,80.39,30.0,0,5,11,4.0,One Year,0,1,0,None,Sleeping Dog,1
CUST00672,18,Male,South,,Upper-Mid,1,4,40.31,0.0,1,7,19,3.0,Two Year,1,1,0,None,Lost Cause,0
CUST01673,35,Male,North,PhD,Lower-Mid,29,2,36.53,30.0,1,8,25,3.0,One Year,1,0,1,Discount,Persuadable,0
CUST01200,56,Male,East,Diploma,Mid,24,2,50.96,0.0,0,8,9,2.0,Month-to-Month,0,3,1,Discount,Persuadable,0
CUST03229,49,Male,South,High School,Upper-Mid,1,2,30.91,1.0,2,11,67,3.0,Month-to-Month,1,0,1,Discount,Sleeping Dog,1
CUST03423,45,Male,West,Bachelor,Lower-Mid,20,1,121.44,0.0,1,3,2,3.0,One Year,0,0,1,Discount,Sleeping Dog,1
CUST00294,50,Male,East,,Upper-Mid,19,1,77.92,30.0,1,7,1,4.0,Two Year,0,2,0,None,Sleeping Dog,0
CUST03497,49,Female,Central,Bachelor,Low,1,2,45.39,10.0,0,11,24,3.0,One Year,0,0,1,Loyalty Bonus,Sleeping Dog,1
CUST00127,28,Female,Central,Master,Low,3,1,61.59,15.0,2,5,3,4.0,Month-to-Month,1,1,1,Personal Outreach,Sleeping Dog,1
CUST02248,24,Male,South,Bachelor,Lower-Mid,21,1,56.51,2.0,1,5,10,5.0,Month-to-Month,1,1,0,None,Sure Thing,0
CUST02424,39,Female,West,Bachelor,Mid,32,2,50.64,7.0,2,8,48,1.0,One Year,1,2,0,None,Lost Cause,0
CUST02319,33,Male,Central,High School,Mid,19,3,44.35,0.0,2,11,13,5.0,Month-to-Month,1,2,1,Discount,Persuadable,0
CUST00693,27,Male,South,Bachelor,Upper-Mid,114,2,77.49,3.0,3,7,30,2.0,Month-to-Month,0,1,0,None,Sure Thing,0
CUST00687,37,Male,East,Bachelor,Upper-Mid,7,1,53.73,15.0,1,7,7,4.0,Two Year,0,1,1,Loyalty Bonus,Persuadable,0
CUST00818,50,Male,North,Bachelor,Mid,17,3,43.11,15.0,2,7,16,4.0,Month-to-Month,1,0,1,Discount,Persuadable,1
CUST00217,30,Male,North,High School,High,87,4,107.43,15.0,3,7,8,5.0,Two Year,0,0,1,Discount,Lost Cause,0
CUST00153,31,Female,North,Master,Mid,38,2,16.33,3.0,2,8,1,4.0,Month-to-Month,1,0,1,Loyalty Bonus,Sure Thing,0
CUST02812,32,Female,Central,Master,Lower-Mid,5,3,68.82,0.0,2,11,1,1.0,Two Year,1,0,1,Discount,Lost Cause,0
CUST01993,54,Male,Central,Diploma,Low,2,1,93.52,0.0,0,5,19,5.0,Month-to-Month,1,1,1,Personal Outreach,Lost Cause,1
CUST03329,26,Female,West,Master,Mid,25,2,79.29,2.0,0,8,55,2.0,Month-to-Month,0,2,1,Loyalty Bonus,Lost Cause,1
CUST02009,47,Female,South,Diploma,Lower-Mid,6,1,101.74,,3,13,61,1.0,Two Year,1,0,1,Free Upgrade,Lost Cause,1
CUST00479,75,Male,North,Master,Upper-Mid,33,4,169.4,2.0,0,6,8,5.0,Two Year,1,2,1,Loyalty Bonus,Sure Thing,0
CUST01283,48,Male,Central,Bachelor,High,69,1,16.27,10.0,1,4,23,4.0,Month-to-Month,0,0,1,Free Upgrade,Lost Cause,1
CUST01605,34,Female,North,Bachelor,Low,6,3,41.74,10.0,4,10,2,,One Year,0,1,1,Discount,Persuadable,1
CUST02367,33,Male,North,PhD,Low,1,3,62.99,30.0,1,13,2,4.0,Two Year,0,1,1,Loyalty Bonus,Sure Thing,0
CUST01667,28,Male,North,Diploma,Upper-Mid,10,1,121.49,3.0,0,11,1,5.0,One Year,1,1,1,Discount,Sleeping Dog,0
CUST00813,57,Male,North,Diploma,Low,85,1,60.1,30.0,2,7,41,1.0,Month-to-Month,0,2,1,Loyalty Bonus,Sleeping Dog,1
CUST00251,24,Male,South,High School,,36,2,130.08,0.0,2,15,41,5.0,Month-to-Month,1,1,1,Personal Outreach,Persuadable,0
CUST00844,44,Male,South,Bachelor,High,14,2,106.87,0.0,0,8,20,1.0,One Year,0,0,1,Discount,Sleeping Dog,1
CUST02126,46,Male,North,Bachelor,Upper-Mid,1,2,30.98,5.0,1,9,2,4.0,Month-to-Month,1,1,1,Personal Outreach,Sure Thing,0
CUST03266,63,Female,South,High School,Mid,112,2,107.08,7.0,3,10,27,1.0,Month-to-Month,1,0,0,None,Sure Thing,1
CUST00968,61,Male,West,Diploma,Lower-Mid,34,4,90.34,10.0,2,4,11,4.0,Month-to-Month,1,0,1,Personal Outreach,Lost Cause,1
CUST03218,33,Female,South,Bachelor,Lower-Mid,6,4,83.07,5.0,1,8,51,2.0,Month-to-Month,0,0,1,Personal Outreach,Persuadable,1
CUST00973,50,Male,East,PhD,Lower-Mid,19,3,181.82,3.0,0,8,11,2.0,Two Year,0,0,0,None,Persuadable,0
CUST01897,36,Female,North,Bachelor,Mid,40,2,51.78,15.0,1,10,15,4.0,One Year,1,1,1,Loyalty Bonus,Lost Cause,0
CUST02236,48,Female,North,High School,Lower-Mid,14,2,88.77,10.0,1,9,10,5.0,Two Year,1,0,0,None,Sure Thing,0
CUST00247,34,Female,North,Bachelor,Upper-Mid,26,1,124.13,0.0,0,9,18,5.0,Two Year,1,2,0,None,Sleeping Dog,1
CUST02204,24,Male,East,Bachelor,Upper-Mid,2,2,41.58,5.0,0,13,9,,One Year,1,1,1,Loyalty Bonus,Sleeping Dog,1
CUST03414,30,Male,Central,Bachelor,Lower-Mid,21,1,46.25,0.0,2,6,10,2.0,Month-to-Month,0,1,0,None,Persuadable,1
CUST02951,54,Male,North,Master,Lower-Mid,52,1,82.55,30.0,0,10,33,5.0,Month-to-Month,1,2,1,Free Upgrade,Persuadable,0
CUST02386,30,Female,South,Diploma,Low,1,2,123.1,5.0,0,8,21,5.0,Two Year,1,0,0,None,Sleeping Dog,0
CUST02697,52,Female,North,Bachelor,Mid,16,1,114.28,10.0,1,6,41,1.0,Month-to-Month,0,0,1,Personal Outreach,Sleeping Dog,1
CUST03238,24,Female,West,Master,Low,22,2,63.33,1.0,1,7,9,3.0,Two Year,0,0,0,None,Persuadable,0
CUST02682,36,Male,Central,High School,Mid,45,1,58.71,2.0,0,8,3,2.0,Month-to-Month,0,3,0,None,Sleeping Dog,1
CUST01506,34,Male,North,Bachelor,Lower-Mid,23,3,35.21,7.0,1,4,1,5.0,Month-to-Month,1,2,0,None,Sure Thing,0
CUST01346,22,Male,Central,Master,Upper-Mid,27,1,138.27,1.0,1,7,9,1.0,One Year,1,0,0,None,Sleeping Dog,1
CUST02796,29,Male,Central,Bachelor,Mid,2,1,93.27,15.0,1,6,10,2.0,Month-to-Month,0,3,0,None,Sure Thing,1
CUST00976,18,Male,West,,Upper-Mid,1,1,14.47,5.0,0,9,47,3.0,Month-to-Month,1,2,0,None,Persuadable,1
CUST02523,44,Female,North,Bachelor,Low,10,1,54.79,3.0,0,10,4,5.0,Month-to-Month,1,0,1,Discount,Sure Thing,0
CUST01646,45,Female,East,High School,Mid,19,4,119.76,2.0,3,12,30,3.0,One Year,1,0,1,Discount,Sleeping Dog,0
CUST01680,34,Female,Central,Bachelor,Lower-Mid,24,3,34.49,2.0,4,6,17,2.0,Month-to-Month,0,0,0,None,Sure Thing,1
CUST02533,46,Female,West,Master,High,27,2,70.77,1.0,2,6,43,3.0,Two Year,1,0,0,None,Sure Thing,0
CUST00123,56,Female,East,High School,Lower-Mid,32,2,69.07,7.0,0,16,17,4.0,One Year,1,0,1,Personal Outreach,Sleeping Dog,0
CUST01535,34,Female,East,Bachelor,Lower-Mid,10,2,48.03,0.0,2,4,1,4.0,Two Year,1,1,0,None,Lost Cause,0
CUST02853,26,Female,West,Master,Lower-Mid,2,1,38.81,10.0,0,9,34,4.0,Month-to-Month,0,0,0,None,Sleeping Dog,1
CUST02971,18,Female,East,High School,Mid,54,4,67.49,30.0,1,10,39,3.0,Month-to-Month,1,1,0,None,Persuadable,0
CUST02101,44,Female,Central,Bachelor,Low,2,1,159.72,15.0,1,10,29,4.0,Month-to-Month,0,0,0,None,Persuadable,1
CUST00870,64,Female,Central,Diploma,Low,22,2,36.84,0.0,0,7,48,4.0,Month-to-Month,1,1,0,None,Persuadable,1
CUST02863,26,Male,West,Bachelor,Lower-Mid,15,2,261.26,10.0,1,6,46,4.0,Month-to-Month,0,3,0,None,Persuadable,0
CUST01031,36,Female,East,Diploma,Mid,60,3,70.04,0.0,2,11,10,5.0,One Year,1,0,1,Discount,Sleeping Dog,0
CUST00757,45,Female,South,Master,Mid,21,3,171.81,1.0,2,6,9,4.0,Two Year,1,0,0,None,Sleeping Dog,0
CUST01999,38,Female,South,Bachelor,Lower-Mid,26,1,28.78,0.0,1,12,32,4.0,Month-to-Month,1,3,0,None,Sleeping Dog,0
CUST01157,31,Male,East,,Upper-Mid,5,2,32.3,15.0,4,10,23,3.0,Month-to-Month,1,1,0,None,Lost Cause,1
CUST02116,33,Female,East,Bachelor,Low,18,1,140.96,5.0,3,5,2,4.0,Month-to-Month,0,0,1,Free Upgrade,Sleeping Dog,1
CUST02646,30,Female,Central,Master,Mid,43,1,81.22,0.0,1,9,2,2.0,Month-to-Month,1,0,0,None,Sleeping Dog,1
CUST00333,40,Female,East,High School,Lower-Mid,33,2,169.27,0.0,1,9,5,3.0,Month-to-Month,1,0,1,Personal Outreach,Sleeping Dog,0
CUST01593,45,Female,Central,High School,Low,6,1,103.51,5.0,0,6,1,1.0,Month-to-Month,0,1,0,None,Sleeping Dog,1
CUST01576,39,Female,East,Bachelor,Mid,1,1,136.89,5.0,2,4,3,,Month-to-Month,0,0,0,None,Sure Thing,1
CUST02520,29,Male,East,Bachelor,Mid,98,1,53.31,5.0,3,6,59,2.0,One Year,0,0,1,Personal Outreach,Lost Cause,1
CUST00473,21,Female,East,Bachelor,Lower-Mid,20,1,35.84,2.0,3,9,78,3.0,Month-to-Month,0,0,1,Personal Outreach,Sure Thing,1
CUST00902,35,Female,East,Bachelor,Mid,28,1,59.37,3.0,1,11,39,2.0,One Year,1,0,1,Discount,Lost Cause,1
CUST00866,35,Male,South,Bachelor,Lower-Mid,35,3,61.58,2.0,2,4,16,4.0,One Year,0,1,1,Loyalty Bonus,Persuadable,0
CUST01330,47,Female,North,Bachelor,Upper-Mid,13,1,100.23,1.0,3,8,89,3.0,One Year,1,1,0,None,Sure Thing,0
CUST01343,45,M,North,Master,Lower-Mid,10,2,48.85,15.0,3,7,9,4.0,Month-to-Month,0,0,0,None,Sure Thing,1
CUST00742,24,Male,West,Bachelor,Mid,1,1,47.48,15.0,2,12,65,4.0,Two Year,1,1,1,Personal Outreach,Sleeping Dog,1
CUST03259,54,Female,North,High School,,6,2,41.8,0.0,0,6,13,2.0,Month-to-Month,0,1,1,Discount,Persuadable,0
CUST03390,41,Female,South,High School,Lower-Mid,10,2,109.03,0.0,2,11,48,3.0,One Year,1,0,1,Free Upgrade,Sure Thing,0
CUST02181,37,Male,North,High School,Low,9,1,82.74,0.0,4,7,31,5.0,Month-to-Month,1,1,0,None,Sleeping Dog,0
CUST03265,47,Other,South,PhD,Upper-Mid,1,2,56.36,2.0,1,9,1,3.0,Month-to-Month,0,0,0,None,Persuadable,1
CUST02408,49,Male,West,High School,Lower-Mid,120,2,30.06,15.0,2,8,37,4.0,Month-to-Month,0,1,1,Loyalty Bonus,Persuadable,0
CUST01629,40,Male,South,Bachelor,High,70,1,115.93,15.0,2,8,14,2.0,One Year,0,0,0,None,Lost Cause,1
CUST02635,60,Male,West,Bachelor,High,3,1,38.17,0.0,2,12,39,4.0,Month-to-Month,0,1,1,Free Upgrade,Sure Thing,1
CUST01150,29,Male,North,Diploma,Upper-Mid,37,1,28.26,7.0,1,9,24,3.0,One Year,1,0,1,Free Upgrade,Sleeping Dog,1
CUST02854,42,Female,South,Diploma,Lower-Mid,8,1,118.1,3.0,3,9,24,5.0,Two Year,0,0,1,Personal Outreach,Sure Thing,0
CUST02967,44,Female,West,High School,High,2,1,103.62,15.0,1,6,69,4.0,Month-to-Month,1,2,1,Loyalty Bonus,Persuadable,1
CUST00257,55,Male,South,,Lower-Mid,32,1,33.16,3.0,0,8,40,5.0,Month-to-Month,0,0,1,Free Upgrade,Persuadable,0
CUST00634,34,Male,South,Diploma,Mid,3,2,101.15,1.0,2,11,47,2.0,One Year,1,1,0,None,Sleeping Dog,1
CUST02338,40,Male,North,Master,Mid,3,1,22.15,3.0,2,9,2,2.0,Two Year,1,1,0,None,Sure Thing,1
CUST02820,18,Female,West,Master,Lower-Mid,2,2,43.88,2.0,1,6,11,4.0,Two Year,0,1,1,Free Upgrade,Persuadable,0
CUST00778,37,Female,East,PhD,Upper-Mid,8,3,58.07,15.0,1,4,11,4.0,Two Year,1,1,1,Discount,Sure Thing,0
CUST02771,37,Male,East,Bachelor,Upper-Mid,33,2,73.34,30.0,1,6,83,2.0,One Year,1,1,1,Free Upgrade,Lost Cause,1
CUST02102,29,Female,South,Master,Low,11,1,43.78,0.0,1,9,1,3.0,Month-to-Month,0,2,1,Free Upgrade,Lost Cause,1
CUST00558,34,Female,Central,High School,Mid,20,2,82.51,2.0,0,9,8,2.0,One Year,1,1,0,None,Persuadable,1
CUST03500,35,Male,East,Master,Low,193,1,45.91,5.0,0,8,7,4.0,Two Year,0,0,1,Discount,Persuadable,0
CUST01986,46,Male,Central,Diploma,Lower-Mid,46,1,174.12,30.0,0,9,6,5.0,One Year,0,2,0,None,Sleeping Dog,0
CUST02089,34,Male,West,Bachelor,Upper-Mid,47,2,97.82,0.0,1,7,13,1.0,One Year,1,0,0,None,Sleeping Dog,0
CUST00262,39,Female,South,,High,11,1,19.69,30.0,1,8,7,4.0,Month-to-Month,0,0,1,Loyalty Bonus,Lost Cause,1
CUST02132,40,Female,West,Bachelor,High,11,1,94.97,5.0,0,8,2,4.0,Two Year,1,0,0,None,Sleeping Dog,0
CUST02822,50,Male,West,Master,Mid,8,1,75.49,10.0,2,10,18,5.0,Two Year,0,0,0,None,Sure Thing,0
CUST02849,32,Male,West,Bachelor,Lower-Mid,9,1,41.98,10.0,3,6,25,4.0,Month-to-Month,1,2,0,None,Persuadable,1
CUST01890,39,Male,West,High School,Low,9,3,120.34,15.0,1,8,40,3.0,Month-to-Month,0,5,0,None,Persuadable,0
CUST02381,28,Male,East,Diploma,Mid,18,2,30.48,30.0,1,5,57,3.0,Two Year,0,0,1,Personal Outreach,Lost Cause,0
CUST02079,38,Female,East,High School,Lower-Mid,26,3,66.63,0.0,0,10,4,4.0,Month-to-Month,1,1,1,Discount,Sure Thing,0
CUST02889,35,FEMALE,West,PhD,Low,33,2,33.0,1.0,2,4,13,4.0,Month-to-Month,0,0,1,Discount,Sure Thing,1
CUST03219,31,Female,Central,Bachelor,Lower-Mid,39,2,30.19,0.0,1,3,9,4.0,One Year,1,0,0,None,Persuadable,0
CUST00209,46,Female,Central,,Upper-Mid,49,4,40.13,3.0,1,11,1,5.0,Month-to-Month,1,0,0,None,Persuadable,0
CUST03137,51,Male,South,Bachelor,Upper-Mid,29,4,26.8,7.0,2,3,4,1.0,Month-to-Month,1,1,1,Loyalty Bonus,Sure Thing,1
CUST01914,46,Female,East,Bachelor,Mid,21,1,35.53,7.0,1,5,22,2.0,One Year,0,1,0,None,Persuadable,1
CUST01607,41,Male,South,PhD,Upper-Mid,34,1,74.36,0.0,2,5,33,4.0,Two Year,1,2,0,None,Persuadable,0
CUST01021,46,Male,West,Diploma,Upper-Mid,2,1,195.12,0.0,2,4,28,5.0,Month-to-Month,1,0,1,Loyalty Bonus,Sleeping Dog,1
CUST03136,45,Female,Central,Master,High,1,1,71.73,30.0,1,4,1,5.0,Month-to-Month,1,2,1,Personal Outreach,Sure Thing,1
CUST01404,48,Female,East,Diploma,Mid,61,2,55.65,10.0,3,2,13,2.0,Month-to-Month,0,0,0,None,Sure Thing,1
CUST02402,42,FEMALE,South,Master,Lower-Mid,11,2,73.87,2.0,0,9,8,4.0,Month-to-Month,1,0,0,None,Sleeping Dog,1
CUST02097,48,Female,Central,Bachelor,Lower-Mid,15,1,21.39,3.0,1,6,17,4.0,Two Year,0,0,1,Free Upgrade,Sure Thing,0
CUST00210,75,Female,North,High School,High,18,1,46.01,2.0,0,10,5,1.0,Month-to-Month,0,2,0,None,Sure Thing,1
CUST00154,42,Female,Central,Bachelor,Lower-Mid,5,2,49.06,0.0,1,3,15,2.0,One Year,0,2,0,None,Sure Thing,1
CUST02706,52,Male,Central,Bachelor,Mid,2,1,221.62,1.0,1,6,18,4.0,Month-to-Month,0,0,1,Discount,Persuadable,1
CUST01591,27,Female,Central,High School,Mid,4,2,30.69,0.0,1,9,8,1.0,Month-to-Month,1,0,1,Personal Outreach,Sure Thing,1
CUST01148,22,Female,West,Master,High,20,1,134.23,15.0,0,12,1,1.0,One Year,0,0,0,None,Sleeping Dog,1
CUST01968,38,Female,East,Bachelor,Mid,34,1,116.82,1.0,0,1,1,2.0,One Year,0,1,0,None,Sure Thing,1
CUST02317,50,Male,North,Diploma,Mid,9,1,36.44,15.0,1,9,14,4.0,Month-to-Month,0,2,0,None,Persuadable,1
CUST01634,52,Male,West,Bachelor,Lower-Mid,25,1,143.51,0.0,2,11,37,3.0,One Year,0,0,1,Loyalty Bonus,Lost Cause,0
CUST02090,57,Other,North,Master,Lower-Mid,3,2,45.2,10.0,5,4,76,4.0,Month-to-Month,1,0,1,Loyalty Bonus,Persuadable,0
CUST00598,28,Female,West,Bachelor,Low,11,2,140.58,3.0,2,4,33,2.0,Two Year,0,0,1,Discount,Lost Cause,1
CUST01932,45,Male,North,Master,,20,2,52.21,2.0,2,5,14,4.0,One Year,1,1,0,None,Sure Thing,0
CUST01657,42,Male,West,High School,Upper-Mid,36,1,75.46,15.0,1,8,34,4.0,Month-to-Month,1,0,1,Personal Outreach,Persuadable,0
CUST00681,48,Male,Central,Bachelor,Mid,9,3,133.91,15.0,5,9,18,3.0,Month-to-Month,0,0,1,Loyalty Bonus,Persuadable,1
CUST01566,36,Male,West,High School,Upper-Mid,5,4,184.45,0.0,0,7,1,4.0,One Year,0,0,1,Personal Outreach,Lost Cause,0
CUST02566,35,Male,North,High School,Lower-Mid,18,3,81.77,7.0,3,4,12,3.0,Two Year,0,0,0,None,Sleeping Dog,0
CUST01329,25,Female,West,Master,Lower-Mid,11,2,60.95,2.0,2,12,19,5.0,Month-to-Month,0,0,0,None,Sure Thing,1
CUST02088,38,Male,North,Master,Low,40,2,30.56,0.0,0,9,1,3.0,One Year,1,0,1,Discount,Lost Cause,0
CUST02586,32,Female,West,Diploma,Mid,34,1,28.38,10.0,0,9,73,4.0,Two Year,0,1,0,None,Sure Thing,1
CUST01519,27,Male,Central,Bachelor,Low,3,2,124.03,1.0,2,14,13,5.0,Month-to-Month,1,1,0,None,Sure Thing,0
CUST02288,36,Male,South,Diploma,Mid,6,3,66.92,2.0,0,5,14,5.0,Month-to-Month,1,0,0,None,Sleeping Dog,0
CUST02491,39,Male,South,High School,Low,14,1,29.34,3.0,0,10,3,2.0,One Year,1,1,0,None,Persuadable,1
CUST00222,18,Female,South,PhD,Mid,39,2,38.92,2.0,1,6,36,4.0,Month-to-Month,0,0,1,Personal Outreach,Sleeping Dog,1
CUST00226,53,Female,North,PhD,Mid,80,1,56.07,5.0,2,10,1,,Two Year,1,3,0,None,Lost Cause,0
CUST03352,35,Female,South,Bachelor,High,21,3,89.18,0.0,2,13,5,4.0,Two Year,1,0,1,Loyalty Bonus,Sure Thing,0
CUST02770,37,Male,East,Bachelor,High,2,2,37.8,10.0,0,8,16,4.0,Two Year,1,0,1,Discount,Persuadable,0
CUST02481,32,Male,West,Master,Mid,32,2,88.64,2.0,2,13,9,2.0,Two Year,0,2,1,Free Upgrade,Persuadable,0
CUST02394,32,Male,Central,Bachelor,Lower-Mid,120,1,69.35,15.0,1,7,2,4.0,Two Year,1,1,1,Loyalty Bonus,Persuadable,0
CUST01761,59,Male,South,PhD,Upper-Mid,21,3,108.93,30.0,1,4,44,5.0,One Year,1,0,0,None,Sure Thing,1
CUST01361,39,Male,Central,Master,Lower-Mid,38,2,76.44,0.0,1,4,9,4.0,Two Year,0,0,0,None,Sleeping Dog,0
CUST02325,39,Male,West,High School,Upper-Mid,13,2,93.09,0.0,2,15,7,2.0,Two Year,1,1,0,None,Lost Cause,0
CUST02958,37,Female,South,Bachelor,,50,2,119.84,5.0,3,7,6,4.0,Two Year,1,1,1,Discount,Sure Thing,0
CUST02845,42,Female,Central,Master,Low,9,2,125.58,0.0,0,3,1,1.0,Two Year,1,1,0,None,Sure Thing,0
CUST01493,33,Female,East,Bachelor,Mid,67,1,90.28,15.0,1,4,2,5.0,One Year,1,3,1,Loyalty Bonus,Persuadable,0
CUST02577,57,Male,South,Diploma,Low,48,1,31.89,3.0,2,10,9,2.0,Two Year,0,2,1,Free Upgrade,Persuadable,0
CUST02679,41,Female,South,Diploma,Upper-Mid,1,2,49.11,0.0,2,12,3,4.0,One Year,0,0,0,None,Sleeping Dog,0
CUST02010,51,Female,South,Master,Low,31,3,23.16,1.0,4,8,21,4.0,One Year,0,3,0,None,Sure Thing,0
CUST00206,28,Male,West,Master,High,45,1,134.35,0.0,3,11,21,4.0,Month-to-Month,1,0,1,Free Upgrade,Persuadable,0
CUST01028,41,Male,North,Master,Lower-Mid,26,3,74.7,2.0,1,5,96,2.0,One Year,0,0,1,Loyalty Bonus,Sure Thing,1
CUST03197,48,Male,South,High School,Mid,37,2,43.58,5.0,0,8,18,2.0,Month-to-Month,0,1,1,Free Upgrade,Persuadable,1
CUST02440,20,Male,East,High School,Upper-Mid,11,2,36.4,15.0,2,15,51,4.0,Month-to-Month,0,0,0,None,Persuadable,1
CUST01047,47,Male,West,Diploma,Upper-Mid,29,3,34.92,15.0,5,10,20,2.0,Two Year,0,2,1,Discount,Sleeping Dog,1
CUST00694,47,Female,West,Bachelor,Low,9,1,37.99,,3,9,5,5.0,Two Year,1,2,1,Free Upgrade,Persuadable,0
CUST02774,21,Female,North,High School,Low,1,3,35.35,0.0,3,9,3,3.0,One Year,1,2,1,Loyalty Bonus,Sure Thing,0
CUST02734,29,Male,North,Bachelor,Mid,24,3,168.49,1.0,1,8,8,4.0,Month-to-Month,1,1,0,None,Persuadable,0
CUST01187,28,Female,West,Master,Lower-Mid,9,1,49.27,2.0,0,11,6,1.0,Two Year,1,1,0,None,Lost Cause,0
CUST01370,29,Male,North,Master,Mid,41,2,38.73,10.0,2,6,15,3.0,Month-to-Month,1,2,0,None,Persuadable,1
CUST01908,26,Female,West,Bachelor,Upper-Mid,1,3,67.86,5.0,2,6,30,2.0,Month-to-Month,1,1,1,Discount,Lost Cause,1
CUST00017,27,Female,East,High School,Upper-Mid,30,2,42.59,3.0,2,9,3,4.0,Two Year,0,0,0,None,Sleeping Dog,0
CUST02206,45,Female,East,Bachelor,High,12,3,27.98,0.0,0,7,5,3.0,One Year,1,1,1,Free Upgrade,Sure Thing,0
CUST03496,63,Female,East,Bachelor,Upper-Mid,60,1,60.17,0.0,1,6,2,3.0,Month-to-Month,0,1,0,None,Lost Cause,0
CUST01677,54,Female,Central,High School,Lower-Mid,19,2,76.78,3.0,1,8,9,4.0,One Year,0,0,1,Free Upgrade,Persuadable,0
CUST01185,28,Male,Central,Bachelor,Upper-Mid,41,3,114.63,,3,14,55,2.0,Month-to-Month,1,1,1,Free Upgrade,Lost Cause,1
CUST02354,23,Female,North,Bachelor,Mid,57,2,18.74,0.0,0,8,55,5.0,Month-to-Month,1,0,0,None,Sleeping Dog,1
CUST00657,40,Female,South,High School,Upper-Mid,4,2,23.54,2.0,2,6,29,3.0,Month-to-Month,1,1,1,Loyalty Bonus,Lost Cause,1
CUST01572,24,Male,East,PhD,Mid,3,2,124.62,7.0,0,4,19,3.0,Month-to-Month,0,0,0,None,Persuadable,1
CUST01738,27,Female,North,Master,Upper-Mid,4,4,54.93,2.0,0,5,13,3.0,Month-to-Month,1,0,1,Free Upgrade,Lost Cause,1
CUST01420,46,Female,West,Diploma,High,44,3,96.66,0.0,0,10,19,2.0,One Year,1,0,0,None,Sure Thing,0
CUST00400,54,Male,East,High School,Upper-Mid,66,4,73.05,0.0,0,10,1,5.0,Two Year,0,1,0,None,Persuadable,0
CUST00619,45,Male,South,Bachelor,Lower-Mid,18,3,56.88,10.0,1,7,8,4.0,Month-to-Month,1,2,1,Loyalty Bonus,Sure Thing,0
CUST00509,40,Female,North,Master,Mid,16,3,57.99,0.0,1,8,1,2.0,Two Year,1,0,0,None,Persuadable,0
CUST02910,55,Male,Central,High School,Lower-Mid,28,1,115.01,1.0,2,6,12,4.0,One Year,0,0,1,Discount,Sleeping Dog,1
CUST03220,48,Female,South,Master,,2,3,213.35,1.0,1,3,13,5.0,Month-to-Month,0,0,0,None,Sure Thing,0
CUST00868,44,Female,Central,Bachelor,Mid,8,2,69.86,30.0,0,10,12,4.0,One Year,0,0,0,None,Sure Thing,0
CUST00887,47,Male,North,High School,Upper-Mid,14,2,11.26,0.0,4,9,3,,One Year,0,1,1,Personal Outreach,Lost Cause,1
CUST02111,33,Female,South,Bachelor,Mid,43,1,19.97,10.0,1,1,11,4.0,Month-to-Month,1,1,0,None,Persuadable,0
CUST00600,44,Male,South,Bachelor,High,14,2,93.87,15.0,2,8,25,4.0,One Year,0,0,1,Free Upgrade,Persuadable,0
CUST02634,43,Male,East,Diploma,Upper-Mid,26,1,48.52,1.0,4,5,5,4.0,One Year,1,2,1,Discount,Sleeping Dog,0
CUST00458,27,Male,West,Bachelor,Upper-Mid,21,1,67.75,2.0,1,9,88,3.0,Month-to-Month,0,1,1,Free Upgrade,Sleeping Dog,1
CUST02459,45,Male,North,Bachelor,Mid,7,1,75.26,2.0,0,7,2,4.0,Month-to-Month,1,1,0,None,Sleeping Dog,1
CUST01118,39,Female,South,Bachelor,Upper-Mid,16,2,38.96,0.0,3,7,27,5.0,Two Year,0,4,0,None,Sure Thing,0
CUST00871,37,Male,South,Bachelor,Low,10,2,54.07,30.0,0,6,91,5.0,One Year,1,0,1,Discount,Sleeping Dog,0
CUST00791,45,Female,South,Diploma,Mid,19,1,65.26,3.0,0,8,17,4.0,One Year,1,1,1,Free Upgrade,Sure Thing,0
CUST02261,45,Female,West,Master,Low,9,2,44.65,0.0,2,8,12,4.0,One Year,1,0,0,None,Sleeping Dog,0
CUST00955,39,Male,South,Bachelor,Low,63,3,300.87,3.0,0,6,26,3.0,Two Year,1,1,0,None,Lost Cause,0
CUST00651,62,Female,Central,Bachelor,Lower-Mid,3,1,19.49,3.0,1,2,5,5.0,Two Year,1,1,0,None,Persuadable,0
CUST00734,19,Female,West,Bachelor,Low,43,1,155.13,15.0,0,7,25,2.0,One Year,0,0,1,Loyalty Bonus,Persuadable,1
CUST03310,39,Female,West,Bachelor,Upper-Mid,115,1,437.91,30.0,0,7,13,3.0,Month-to-Month,1,1,0,None,Persuadable,0
CUST00380,30,Female,South,Bachelor,Upper-Mid,2,1,271.32,0.0,2,8,19,3.0,Month-to-Month,0,0,0,None,Sleeping Dog,1
CUST02821,36,Male,North,Diploma,Upper-Mid,12,1,108.77,0.0,0,13,18,5.0,Month-to-Month,0,2,0,None,Sleeping Dog,1
CUST00957,44,Female,Central,Bachelor,Upper-Mid,3,2,55.28,5.0,2,10,6,3.0,Month-to-Month,0,0,1,Discount,Sure Thing,1
CUST00172,30,Male,East,High School,Mid,5,2,66.76,0.0,4,7,27,5.0,One Year,0,1,1,Discount,Sleeping Dog,0
CUST01945,47,Female,East,High School,Mid,23,2,46.94,0.0,1,4,1,,Month-to-Month,0,1,0,None,Sure Thing,0
CUST02280,45,Male,West,Diploma,Mid,38,2,224.79,2.0,0,9,11,4.0,One Year,0,1,0,None,Persuadable,0
CUST00660,38,Male,East,High School,Lower-Mid,8,1,23.6,10.0,2,8,13,4.0,Month-to-Month,0,2,1,Loyalty Bonus,Persuadable,1
CUST02431,46,Male,West,Master,Upper-Mid,59,1,66.38,1.0,0,8,53,5.0,Month-to-Month,1,1,1,Loyalty Bonus,Sleeping Dog,1
CUST02121,68,Male,East,High School,Mid,14,2,29.4,0.0,2,6,54,5.0,Month-to-Month,0,1,1,Free Upgrade,Sure Thing,0
CUST01095,48,Female,South,High School,,43,1,29.71,3.0,1,11,1,4.0,One Year,0,1,0,None,Sleeping Dog,0
CUST03070,48,Female,Central,Bachelor,,8,1,60.93,3.0,1,8,3,1.0,One Year,1,0,1,Personal Outreach,Sleeping Dog,1
CUST02220,37,Male,South,PhD,Lower-Mid,46,1,61.57,15.0,3,9,19,2.0,Two Year,1,0,0,None,Sleeping Dog,0
CUST00643,36,Male,South,High School,Upper-Mid,2,2,93.77,,0,10,34,5.0,Month-to-Month,1,2,1,Personal Outreach,Lost Cause,1
CUST00169,37,Female,West,Bachelor,Upper-Mid,11,1,222.97,30.0,1,14,1,5.0,Month-to-Month,0,0,1,Loyalty Bonus,Lost Cause,0
CUST01518,47,Female,North,Diploma,Upper-Mid,26,4,54.01,3.0,2,9,35,5.0,Month-to-Month,0,2,0,None,Sleeping Dog,1
CUST01801,62,Female,West,Diploma,Mid,3,4,68.44,10.0,1,5,16,2.0,Two Year,1,0,1,Personal Outreach,Persuadable,0
CUST02519,37,Female,West,PhD,Lower-Mid,20,2,149.01,2.0,2,7,6,,Two Year,0,1,0,None,Persuadable,0
CUST01918,32,Female,East,Bachelor,High,25,4,38.74,1.0,2,5,6,2.0,One Year,1,2,0,None,Sure Thing,0
CUST00273,53,Female,South,Bachelor,Low,95,2,32.6,0.0,0,9,118,4.0,One Year,1,1,1,Personal Outreach,Sure Thing,0
CUST01216,54,Female,East,High School,Mid,18,2,45.05,0.0,3,12,2,1.0,One Year,1,0,1,Free Upgrade,Lost Cause,0
CUST02469,48,Male,Central,Bachelor,Upper-Mid,55,3,92.56,7.0,2,7,16,5.0,Two Year,1,1,1,Free Upgrade,Persuadable,0
CUST01119,42,Female,East,Bachelor,Upper-Mid,75,1,46.99,1.0,2,4,28,4.0,Month-to-Month,1,0,1,Discount,Sleeping Dog,1
CUST02902,34,Male,Central,PhD,Mid,1,3,66.65,0.0,0,4,34,5.0,Two Year,1,0,1,Loyalty Bonus,Sure Thing,0
CUST03138,27,Female,North,Master,Upper-Mid,1,1,40.47,7.0,1,6,8,4.0,One Year,1,0,0,None,Persuadable,0
CUST01067,24,Male,West,High School,Mid,27,1,127.14,2.0,2,8,4,5.0,Month-to-Month,0,0,0,None,Sleeping Dog,1
CUST02105,25,Male,Central,Bachelor,Mid,28,2,19.87,3.0,2,8,21,5.0,One Year,1,2,0,None,Lost Cause,0
CUST02621,48,Female,North,Bachelor,Mid,90,1,22.7,0.0,2,9,13,1.0,Month-to-Month,1,0,0,None,Persuadable,1
CUST02702,53,Female,West,High School,Lower-Mid,26,2,29.33,1.0,1,10,40,4.0,One Year,0,0,1,Loyalty Bonus,Persuadable,0
CUST01913,47,Female,East,Bachelor,Lower-Mid,82,3,37.95,10.0,0,10,6,5.0,Month-to-Month,0,0,1,Free Upgrade,Sure Thing,0
CUST00039,24,Female,East,,Low,66,2,195.75,2.0,0,5,18,3.0,One Year,1,1,1,Free Upgrade,Sleeping Dog,0
CUST00307,55,Male,North,Diploma,Mid,30,3,80.02,10.0,3,8,3,4.0,One Year,0,0,1,Loyalty Bonus,Lost Cause,0
CUST00007,58,Male,Central,Diploma,Low,104,3,27.98,30.0,1,9,16,3.0,Month-to-Month,1,0,0,None,Sure Thing,0
CUST02457,33,Female,West,Diploma,,5,2,97.71,7.0,0,4,1,4.0,Two Year,1,1,0,None,Sleeping Dog,0
CUST00782,23,M,West,Bachelor,Upper-Mid,12,1,54.7,3.0,0,16,6,1.0,One Year,1,1,0,None,Lost Cause,1
CUST01191,41,Male,South,Bachelor,Upper-Mid,5,1,106.92,0.0,2,10,18,5.0,Two Year,0,1,0,None,Sleeping Dog,0
CUST00535,32,Male,South,High School,Low,19,2,61.2,3.0,3,5,4,5.0,One Year,0,1,0,None,Persuadable,0
CUST00584,67,Female,Central,High School,Mid,3,3,37.76,5.0,2,6,2,1.0,Month-to-Month,1,0,0,None,Sure Thing,1
CUST03292,18,Male,Central,Bachelor,Upper-Mid,67,3,75.82,30.0,1,6,1,4.0,Two Year,1,1,1,Discount,Sleeping Dog,0
CUST03442,32,Male,East,Master,Mid,43,3,90.75,7.0,1,12,13,1.0,Month-to-Month,1,1,0,None,Sure Thing,1
CUST02970,43,Male,South,High School,High,100,3,28.84,7.0,0,3,7,5.0,Month-to-Month,0,4,1,Free Upgrade,Sure Thing,0
CUST03223,56,Male,West,Diploma,Lower-Mid,97,3,23.12,3.0,4,15,1,4.0,Month-to-Month,1,1,0,None,Persuadable,0
CUST02583,39,Male,West,PhD,High,3,3,41.82,0.0,2,5,11,1.0,Month-to-Month,1,1,1,Discount,Persuadable,1
CUST00317,48,F,North,Bachelor,Lower-Mid,9,2,221.85,,0,8,12,4.0,Two Year,1,1,1,Free Upgrade,Lost Cause,0
CUST02198,40,Female,East,Bachelor,Lower-Mid,25,2,40.71,10.0,1,4,4,3.0,One Year,1,0,0,None,Lost Cause,0
CUST02415,52,Male,East,High School,Upper-Mid,8,1,160.07,5.0,3,5,4,3.0,Month-to-Month,1,0,1,Loyalty Bonus,Persuadable,1
CUST01795,42,Female,North,High School,Mid,37,3,91.33,0.0,1,7,2,5.0,Month-to-Month,1,0,1,Loyalty Bonus,Lost Cause,0
CUST02544,36,Male,South,Diploma,,8,1,139.47,0.0,1,3,7,5.0,Month-to-Month,1,0,1,Loyalty Bonus,Sure Thing,0
CUST00272,22,Male,North,PhD,Upper-Mid,47,1,136.61,0.0,2,9,1,5.0,One Year,0,3,1,Free Upgrade,Sleeping Dog,0
CUST00549,44,Female,West,Bachelor,Upper-Mid,30,2,66.81,10.0,5,8,38,,One Year,0,0,0,None,Lost Cause,1
CUST01693,50,Male,North,Bachelor,Mid,9,2,91.08,15.0,3,8,8,1.0,Month-to-Month,0,0,1,Discount,Sure Thing,1
CUST01720,34,Male,East,High School,Mid,5,3,122.45,30.0,3,10,1,3.0,One Year,1,2,0,None,Sure Thing,1
CUST03234,62,Male,North,Bachelor,Lower-Mid,12,1,61.7,1.0,3,9,1,,Two Year,1,2,0,None,Sure Thing,0
CUST03246,49,Female,Central,High School,Low,47,2,114.97,2.0,1,7,43,2.0,Month-to-Month,1,1,1,Loyalty Bonus,Sleeping Dog,1
CUST02391,18,Male,South,Bachelor,Mid,95,2,85.91,7.0,1,7,7,2.0,Month-to-Month,1,1,1,Discount,Sure Thing,0
CUST00599,34,Male,East,Master,Lower-Mid,11,2,134.74,7.0,0,9,46,5.0,One Year,0,0,0,None,Sleeping Dog,0
CUST01690,36,Female,South,High School,Mid,5,2,36.04,30.0,1,8,1,,Month-to-Month,0,1,0,None,Persuadable,1
CUST00895,56,Male,South,Bachelor,Upper-Mid,2,3,84.59,5.0,1,9,16,2.0,Month-to-Month,1,2,1,Loyalty Bonus,Sure Thing,1
CUST03057,33,Male,Central,Diploma,Low,36,3,140.07,0.0,3,10,5,4.0,Month-to-Month,0,0,0,None,Lost Cause,1
CUST01776,24,Male,Central,High School,Lower-Mid,1,4,38.32,,0,11,41,3.0,Month-to-Month,1,0,0,None,Lost Cause,1
CUST00571,40,Female,North,Bachelor,Upper-Mid,36,2,66.92,0.0,2,7,52,3.0,Month-to-Month,1,1,0,None,Persuadable,1
CUST02000,31,Female,North,PhD,Mid,26,1,163.83,3.0,0,7,5,2.0,Two Year,0,3,1,Discount,Lost Cause,0
CUST02123,39,Female,East,High School,Upper-Mid,2,2,67.82,5.0,2,8,2,5.0,Month-to-Month,0,0,1,Discount,Sleeping Dog,1
CUST00062,37,Male,East,Bachelor,Low,3,2,90.78,15.0,2,6,2,3.0,One Year,1,0,0,None,Persuadable,1
CUST01248,30,Male,West,Diploma,Lower-Mid,71,1,84.59,30.0,0,6,1,2.0,One Year,1,1,0,None,Sleeping Dog,0
CUST01882,59,Female,East,Bachelor,Low,33,1,40.54,0.0,1,4,21,4.0,Two Year,0,0,0,None,Persuadable,0
CUST01260,39,Male,North,Bachelor,Mid,6,1,31.65,5.0,1,11,16,5.0,Month-to-Month,1,2,0,None,Sure Thing,0
CUST00810,29,male,East,High School,Upper-Mid,120,2,45.15,2.0,2,11,3,1.0,One Year,1,0,1,Free Upgrade,Lost Cause,0
CUST02293,41,Female,North,High School,Mid,117,1,40.85,3.0,2,9,8,4.0,One Year,1,1,1,Free Upgrade,Lost Cause,0
CUST01050,56,Other,West,Diploma,Lower-Mid,9,3,95.13,0.0,1,4,35,3.0,Month-to-Month,1,2,1,Loyalty Bonus,Persuadable,0
CUST02859,54,Male,North,Master,High,46,2,39.45,0.0,2,7,9,5.0,One Year,0,3,0,None,Persuadable,0
CUST00108,42,Male,West,Bachelor,Mid,26,2,42.03,7.0,0,8,26,4.0,Month-to-Month,1,0,1,Free Upgrade,Sleeping Dog,1
CUST02154,42,Female,South,Diploma,High,20,2,37.54,0.0,2,7,24,4.0,Month-to-Month,0,0,0,None,Persuadable,1
CUST00674,35,Female,Central,,Mid,27,1,55.41,10.0,5,6,9,5.0,Two Year,0,0,1,Loyalty Bonus,Sleeping Dog,0
CUST02808,30,Female,East,Bachelor,Upper-Mid,12,3,77.28,3.0,2,4,4,3.0,Two Year,1,0,0,None,Sure Thing,0
CUST00666,41,Female,West,Diploma,High,4,4,46.77,2.0,2,5,23,2.0,One Year,1,0,1,Free Upgrade,Persuadable,0
CUST00510,30,Female,West,Master,Lower-Mid,118,1,64.44,2.0,3,7,5,5.0,Month-to-Month,0,0,0,None,Sleeping Dog,0
CUST02180,40,Female,North,Bachelor,Mid,3,1,77.27,1.0,4,10,19,1.0,One Year,0,0,0,None,Sure Thing,1
CUST01641,40,Male,West,Master,Upper-Mid,5,1,59.69,30.0,0,6,45,4.0,Month-to-Month,1,1,0,None,Lost Cause,1
CUST02493,34,Female,North,Master,High,1,2,90.0,0.0,1,6,16,4.0,Two Year,1,1,1,Loyalty Bonus,Sleeping Dog,0
CUST03096,55,Male,North,PhD,Mid,4,2,103.16,30.0,0,5,13,3.0,One Year,0,2,1,Loyalty Bonus,Lost Cause,0
CUST01533,43,Female,East,Bachelor,Upper-Mid,27,3,64.54,0.0,0,10,16,5.0,Two Year,0,2,1,Personal Outreach,Sleeping Dog,1
CUST00867,43,Female,East,,Mid,120,2,53.85,0.0,1,7,34,4.0,Month-to-Month,1,0,0,None,Sleeping Dog,0
CUST01856,31,Male,East,High School,Low,47,2,78.57,0.0,0,10,30,3.0,Month-to-Month,1,1,0,None,Persuadable,0
CUST01737,27,Male,South,Bachelor,High,1,2,37.69,30.0,0,8,15,1.0,Two Year,1,2,1,Free Upgrade,Sleeping Dog,1
CUST00798,48,Male,East,Diploma,Mid,23,1,150.15,1.0,2,6,24,3.0,One Year,1,1,0,None,Sure Thing,0
CUST01061,49,Female,North,Bachelor,Mid,61,3,138.28,5.0,1,9,38,1.0,Month-to-Month,1,0,0,None,Persuadable,1
CUST03313,65,Male,South,High School,Low,3,1,30.34,5.0,0,7,2,3.0,One Year,1,0,0,None,Persuadable,1
CUST02106,59,Female,North,Master,Mid,1,1,29.41,,2,2,27,5.0,One Year,0,0,1,Loyalty Bonus,Sure Thing,1
CUST03203,42,Male,West,Bachelor,Lower-Mid,59,1,84.01,15.0,1,10,27,5.0,One Year,1,1,1,Discount,Sleeping Dog,0
CUST01974,42,Female,North,Master,Low,15,2,70.23,30.0,0,5,3,2.0,Month-to-Month,1,1,0,None,Lost Cause,1
CUST00590,29,Female,North,High School,Low,31,1,85.61,0.0,1,2,3,3.0,Month-to-Month,1,0,0,None,Sleeping Dog,0
CUST02809,50,Male,East,,Mid,19,2,107.41,10.0,1,6,3,4.0,One Year,1,1,0,None,Persuadable,0
CUST03059,25,Female,Central,Bachelor,Upper-Mid,37,1,38.56,0.0,1,13,1,3.0,One Year,0,0,1,Discount,Sure Thing,0
CUST00087,50,Female,West,Diploma,Low,17,2,51.85,3.0,2,10,42,2.0,One Year,1,0,1,Discount,Sleeping Dog,1
CUST03389,50,Male,Central,Bachelor,Lower-Mid,9,2,49.76,0.0,3,7,16,5.0,Month-to-Month,0,1,0,None,Sleeping Dog,1
CUST00772,33,Male,East,Bachelor,Low,118,1,109.76,0.0,1,4,6,2.0,Month-to-Month,1,2,1,Discount,Sleeping Dog,0
CUST02772,31,Male,East,Master,Low,35,2,46.23,0.0,0,7,5,5.0,Month-to-Month,1,1,1,Discount,Persuadable,0
CUST01250,21,Female,West,Master,Upper-Mid,19,2,90.88,0.0,0,8,44,3.0,Month-to-Month,1,3,0,None,Persuadable,0
CUST00709,18,Male,East,Bachelor,Lower-Mid,3,2,14.6,7.0,1,7,12,4.0,Two Year,1,0,0,None,Sleeping Dog,0
CUST02473,30,Female,East,Master,Low,15,2,55.58,1.0,1,6,68,4.0,Month-to-Month,1,0,1,Discount,Sure Thing,1
CUST03116,43,Male,North,High School,Upper-Mid,12,2,45.14,2.0,1,5,48,4.0,Month-to-Month,0,1,0,None,Sleeping Dog,1
CUST03165,26,Female,South,High School,Low,87,1,71.53,2.0,1,4,19,2.0,One Year,1,1,0,None,Sleeping Dog,1
CUST01861,38,Male,Central,PhD,Low,34,1,131.88,5.0,0,6,35,5.0,Two Year,1,2,0,None,Sure Thing,0
CUST02129,48,Male,North,Bachelor,Upper-Mid,26,1,31.77,30.0,2,9,30,4.0,One Year,1,0,0,None,Lost Cause,0
CUST03098,47,Female,West,Bachelor,Lower-Mid,70,4,142.25,30.0,1,8,15,4.0,Two Year,0,2,0,None,Lost Cause,0
CUST00419,54,Female,North,Bachelor,Mid,13,2,22.67,15.0,1,7,27,4.0,Month-to-Month,1,0,1,Loyalty Bonus,Persuadable,0
CUST01462,25,Male,East,Master,High,27,2,95.65,2.0,1,7,27,4.0,Month-to-Month,1,2,1,Discount,Sure Thing,0
CUST01485,42,Male,Central,Master,Upper-Mid,11,2,35.54,10.0,2,17,4,2.0,One Year,1,2,0,None,Sleeping Dog,1
CUST03384,52,Female,Central,,Lower-Mid,80,2,100.81,5.0,0,11,66,2.0,Month-to-Month,1,1,0,None,Persuadable,0
CUST03247,45,Female,West,Bachelor,Low,30,3,86.86,2.0,4,8,9,2.0,One Year,0,0,0,None,Sure Thing,0
CUST03375,19,Male,North,Diploma,Mid,1,3,221.12,0.0,1,10,30,2.0,One Year,1,2,0,None,Lost Cause,0
CUST00852,33,Male,West,Diploma,Lower-Mid,7,4,73.3,0.0,1,8,8,4.0,Month-to-Month,0,1,1,Loyalty Bonus,Sleeping Dog,0
CUST01005,48,Male,East,Master,Mid,20,1,213.05,10.0,3,4,20,3.0,One Year,1,0,0,None,Sure Thing,1
CUST01997,39,M,South,Diploma,Lower-Mid,17,1,78.76,15.0,2,6,3,2.0,One Year,1,1,0,None,Sleeping Dog,1
CUST01835,32,Male,West,,Upper-Mid,14,1,65.86,15.0,1,5,15,1.0,Month-to-Month,1,0,1,Personal Outreach,Sleeping Dog,1
CUST02765,43,Male,North,Bachelor,Upper-Mid,1,3,120.84,0.0,0,6,10,2.0,Month-to-Month,1,0,1,Discount,Lost Cause,1
CUST00437,59,Male,South,Diploma,Upper-Mid,33,2,51.82,5.0,5,8,22,1.0,Month-to-Month,1,2,0,None,Persuadable,1
CUST01317,27,Male,South,High School,,1,3,61.51,7.0,1,5,16,4.0,One Year,1,0,1,Discount,Persuadable,0
CUST01624,31,Female,East,Diploma,Mid,30,1,46.17,0.0,0,9,3,4.0,Two Year,1,0,0,None,Sleeping Dog,0
CUST01481,48,Other,East,Bachelor,High,11,3,109.48,10.0,0,11,3,3.0,Month-to-Month,1,1,0,None,Lost Cause,0
CUST01649,54,Male,Central,Diploma,Mid,2,2,104.64,10.0,1,5,1,5.0,Month-to-Month,1,1,0,None,Sleeping Dog,1
CUST01004,32,Female,South,Diploma,Upper-Mid,60,2,33.24,15.0,0,6,13,3.0,Month-to-Month,1,0,1,Discount,Lost Cause,1
CUST01279,42,Female,North,High School,Lower-Mid,14,2,43.65,1.0,2,9,18,,Month-to-Month,1,0,0,None,Sleeping Dog,1
CUST01824,32,Male,East,High School,Mid,19,1,70.03,2.0,1,13,45,1.0,One Year,1,1,0,None,Sleeping Dog,0
CUST02839,66,Male,North,High School,High,29,1,57.09,1.0,2,8,20,4.0,Month-to-Month,0,0,1,Free Upgrade,Sleeping Dog,1
CUST03377,36,Male,East,Bachelor,Mid,11,2,42.15,30.0,5,5,83,4.0,Month-to-Month,0,0,1,Free Upgrade,Sleeping Dog,1
CUST01837,26,Male,North,High School,Mid,25,2,112.3,0.0,0,10,20,5.0,Month-to-Month,1,2,1,Personal Outreach,Persuadable,0
CUST03330,50,Female,Central,Bachelor,Upper-Mid,107,1,105.16,2.0,1,8,82,3.0,One Year,1,0,0,None,Lost Cause,0
CUST02353,48,Female,East,Bachelor,Upper-Mid,6,1,51.06,0.0,1,12,4,4.0,One Year,1,1,1,Free Upgrade,Sleeping Dog,1
CUST02283,54,Male,East,Diploma,Mid,45,3,46.12,15.0,1,6,13,4.0,Month-to-Month,1,0,0,None,Lost Cause,0
CUST01547,28,Female,East,High School,Low,53,2,39.74,0.0,1,9,1,1.0,Two Year,1,0,0,None,Sleeping Dog,0
CUST00336,38,Male,North,High School,Mid,42,2,19.29,15.0,2,8,2,3.0,Two Year,1,1,1,Free Upgrade,Sleeping Dog,0
CUST00089,33,Female,South,Bachelor,Low,10,1,80.79,30.0,2,9,18,3.0,Two Year,0,0,1,Personal Outreach,Persuadable,0
CUST00875,39,Male,North,Bachelor,Low,48,2,105.9,2.0,0,10,15,1.0,Month-to-Month,1,1,0,None,Lost Cause,0
CUST03119,52,Female,Central,Diploma,Low,16,4,127.71,3.0,2,10,3,3.0,Month-to-Month,1,2,1,Loyalty Bonus,Sleeping Dog,0
CUST00544,57,Male,Central,Diploma,Lower-Mid,1,1,90.01,30.0,1,15,14,4.0,Month-to-Month,0,1,1,Personal Outreach,Sleeping Dog,0
CUST01242,37,Male,West,Master,Mid,21,1,56.93,30.0,3,16,50,3.0,One Year,0,3,0,None,Sure Thing,0
CUST01881,51,Female,East,High School,Lower-Mid,42,1,87.35,10.0,6,12,7,4.0,Two Year,0,1,1,Loyalty Bonus,Sure Thing,0
CUST03386,33,Male,East,High School,Upper-Mid,44,1,117.0,0.0,0,4,73,4.0,One Year,1,1,0,None,Sleeping Dog,0
CUST02960,26,Male,North,Bachelor,Upper-Mid,4,2,14.71,3.0,2,8,7,4.0,One Year,1,2,0,None,Persuadable,0
CUST02270,39,Female,North,High School,Mid,111,2,63.85,,2,7,10,5.0,Month-to-Month,0,1,0,None,Persuadable,0
CUST00320,38,Female,Central,Bachelor,High,6,1,60.64,5.0,2,4,96,4.0,Month-to-Month,1,0,0,None,Sure Thing,1
CUST00520,49,Female,North,Master,Mid,64,2,58.57,7.0,2,7,8,3.0,One Year,1,0,0,None,Sleeping Dog,0
CUST03100,46,Female,Central,High School,High,56,2,26.35,5.0,1,5,6,4.0,One Year,1,0,0,None,Persuadable,1
CUST00879,39,Female,West,Bachelor,Mid,13,2,97.82,10.0,0,7,7,4.0,One Year,0,2,0,None,Sure Thing,0
CUST00826,57,Female,West,Bachelor,Lower-Mid,120,3,104.23,2.0,0,4,4,5.0,One Year,0,0,1,Personal Outreach,Lost Cause,0
CUST01291,44,Male,South,Master,Low,3,2,59.06,7.0,1,5,18,5.0,Two Year,0,1,0,None,Lost Cause,0
CUST03077,49,Male,Central,High School,Upper-Mid,5,2,62.1,1.0,1,5,13,4.0,Two Year,1,0,0,None,Sleeping Dog,0
CUST02985,20,Male,West,,Low,43,4,227.19,7.0,3,9,9,4.0,One Year,0,3,0,None,Lost Cause,0
CUST00139,49,Female,Central,Master,High,4,3,73.18,7.0,0,7,40,1.0,Month-to-Month,1,2,1,Free Upgrade,Sure Thing,1
CUST00164,30,Male,East,Bachelor,Low,9,1,26.64,0.0,6,8,41,5.0,Month-to-Month,1,2,0,None,Sure Thing,1
CUST01619,34,Female,West,High School,High,38,1,26.99,7.0,1,6,2,2.0,Month-to-Month,1,0,0,None,Sleeping Dog,1
CUST03316,44,Female,West,High School,Low,22,4,24.07,2.0,5,15,1,4.0,One Year,1,0,0,None,Persuadable,0
CUST01792,41,Other,North,Bachelor,Low,2,1,83.23,0.0,0,8,14,3.0,Month-to-Month,0,2,0,None,Lost Cause,1
CUST01046,50,Male,West,Master,Upper-Mid,3,3,43.15,0.0,1,7,44,2.0,Month-to-Month,1,0,0,None,Sleeping Dog,1
CUST00961,47,Male,South,Bachelor,Upper-Mid,43,2,117.96,0.0,1,4,16,3.0,One Year,1,1,1,Discount,Sleeping Dog,0
CUST01751,18,Female,South,Diploma,Lower-Mid,6,1,50.64,0.0,0,13,11,5.0,Two Year,1,1,0,None,Persuadable,0
CUST03010,34,Female,West,Bachelor,Lower-Mid,10,4,62.7,0.0,2,15,1,2.0,Month-to-Month,0,0,1,Loyalty Bonus,Sleeping Dog,1
CUST02659,42,Male,Central,Bachelor,Upper-Mid,67,1,149.23,1.0,1,13,29,5.0,Month-to-Month,1,1,0,None,Sure Thing,1
CUST01505,37,Male,North,Diploma,Mid,2,4,56.2,30.0,3,12,50,1.0,Month-to-Month,0,1,0,None,Persuadable,1
CUST02709,35,Female,North,Bachelor,High,25,1,102.65,2.0,3,9,14,4.0,Two Year,1,0,0,None,Persuadable,0
CUST03461,60,Female,West,Bachelor,Mid,2,2,56.44,3.0,0,8,32,1.0,Month-to-Month,1,0,0,None,Persuadable,1
CUST01060,35,Male,East,PhD,Low,7,1,107.05,30.0,2,7,49,5.0,Two Year,1,1,1,Free Upgrade,Sure Thing,0
CUST03193,67,Female,East,Bachelor,Mid,20,1,116.85,1.0,1,13,21,1.0,Month-to-Month,1,1,0,None,Sleeping Dog,1
CUST00656,40,Male,North,Diploma,Mid,44,4,31.4,1.0,1,9,91,5.0,Month-to-Month,1,1,1,Discount,Persuadable,0
CUST02065,43,Male,South,Diploma,Upper-Mid,15,2,135.39,10.0,4,10,1,3.0,Month-to-Month,1,1,0,None,Sure Thing,1
CUST02718,50,Female,East,High School,Upper-Mid,32,2,218.03,,0,9,46,1.0,Month-to-Month,1,0,1,Loyalty Bonus,Sleeping Dog,1
CUST00138,36,Female,West,,Low,36,1,104.31,2.0,2,9,37,2.0,Month-to-Month,1,1,1,Personal Outreach,Persuadable,1
CUST02764,32,Female,South,Bachelor,Upper-Mid,2,1,63.13,5.0,2,9,5,2.0,Two Year,0,0,1,Loyalty Bonus,Sleeping Dog,1
CUST01977,53,Female,North,High School,High,26,1,25.44,2.0,2,9,4,3.0,Month-to-Month,1,2,1,Free Upgrade,Sleeping Dog,1
CUST01582,53,Female,West,Bachelor,High,100,1,36.81,0.0,2,11,15,5.0,One Year,1,0,0,None,Sure Thing,0
CUST00698,24,Male,South,High School,Upper-Mid,27,4,87.74,2.0,2,8,70,5.0,One Year,1,0,0,None,Sure Thing,0
CUST01098,18,Female,Central,Diploma,Mid,58,2,76.45,,1,6,38,3.0,Month-to-Month,1,1,0,None,Lost Cause,0
CUST02893,49,Male,Central,Diploma,Mid,20,4,56.35,0.0,3,9,27,2.0,Two Year,1,1,0,None,Sure Thing,0
CUST03064,33,Female,East,Bachelor,Upper-Mid,65,4,129.22,2.0,3,7,11,4.0,One Year,0,2,1,Free Upgrade,Persuadable,1
CUST02454,31,Female,Central,Bachelor,Lower-Mid,14,4,82.47,2.0,0,10,41,4.0,Two Year,1,1,0,None,Sure Thing,0
CUST02497,36,Male,West,High School,Mid,28,1,30.41,0.0,0,7,5,5.0,Month-to-Month,0,0,1,Personal Outreach,Sure Thing,0
CUST01393,64,Male,South,Bachelor,Upper-Mid,75,2,194.4,15.0,2,11,52,3.0,Month-to-Month,0,1,0,None,Sleeping Dog,0
CUST03426,52,Male,East,Bachelor,Mid,26,2,168.06,5.0,0,4,63,5.0,Month-to-Month,0,1,0,None,Sure Thing,1
CUST01267,38,Female,East,Master,Lower-Mid,11,4,37.99,0.0,1,5,1,3.0,Two Year,1,1,0,None,Sleeping Dog,0
CUST02376,57,Male,South,High School,Mid,22,2,91.67,10.0,1,10,8,2.0,One Year,0,0,1,Discount,Sleeping Dog,1
CUST02366,58,Male,West,High School,Mid,61,2,69.79,5.0,1,11,17,4.0,Two Year,1,1,1,Free Upgrade,Sleeping Dog,0
CUST00136,58,Female,South,Bachelor,Lower-Mid,11,3,98.75,2.0,1,10,1,4.0,Month-to-Month,0,0,1,Loyalty Bonus,Sleeping Dog,0
CUST01170,50,Female,South,Bachelor,Lower-Mid,12,2,115.39,5.0,0,6,21,5.0,One Year,0,1,0,None,Sure Thing,0
CUST02575,71,Male,North,Master,Low,28,1,161.47,3.0,1,9,15,4.0,One Year,1,2,1,Loyalty Bonus,Lost Cause,0
CUST02136,33,Male,West,High School,Mid,4,1,55.7,0.0,5,7,12,2.0,One Year,0,0,0,None,Sure Thing,1
CUST01504,39,Male,West,Diploma,Mid,5,2,25.4,7.0,4,3,16,5.0,One Year,1,1,0,None,Sleeping Dog,1
CUST01363,41,Female,Central,Bachelor,Mid,55,1,143.48,3.0,1,10,11,4.0,One Year,1,0,0,None,Persuadable,0
CUST02811,38,Female,Central,,High,79,1,75.67,2.0,0,10,22,4.0,Month-to-Month,1,3,0,None,Persuadable,0
CUST00149,46,Female,West,Bachelor,Lower-Mid,40,1,187.36,15.0,2,5,34,4.0,Month-to-Month,0,0,1,Discount,Lost Cause,1
CUST00304,47,Female,North,Diploma,Low,13,1,126.37,30.0,1,7,13,1.0,Month-to-Month,1,0,1,Discount,Sure Thing,1
CUST01018,34,Male,East,Master,Lower-Mid,13,1,43.05,7.0,1,8,15,3.0,Month-to-Month,0,0,0,None,Lost Cause,1
CUST01925,64,Male,Central,Diploma,Mid,114,1,28.78,5.0,0,14,24,4.0,Two Year,1,2,1,Discount,Sure Thing,0
CUST01053,45,Female,West,Diploma,Upper-Mid,20,2,25.72,3.0,3,8,16,5.0,Two Year,0,0,1,Discount,Persuadable,0
CUST03207,30,Male,North,Master,Upper-Mid,7,2,149.19,0.0,1,4,11,4.0,Month-to-Month,1,0,1,Free Upgrade,Sleeping Dog,0
CUST02414,28,Male,East,High School,Low,7,2,80.85,7.0,0,4,61,1.0,Month-to-Month,0,2,0,None,Lost Cause,1
CUST02638,51,Male,South,Master,Low,2,2,69.74,10.0,1,10,5,1.0,Month-to-Month,1,0,1,Loyalty Bonus,Lost Cause,1
CUST02757,42,Female,Central,Bachelor,High,17,1,25.26,2.0,0,5,6,5.0,Month-to-Month,0,0,1,Discount,Lost Cause,1
CUST01905,38,Male,Central,Master,High,111,3,59.66,0.0,1,6,26,2.0,Month-to-Month,0,0,1,Personal Outreach,Lost Cause,1
CUST03051,23,Male,North,High School,Mid,26,2,68.0,15.0,0,5,6,5.0,Month-to-Month,0,0,0,None,Lost Cause,1
CUST00199,40,Male,West,Diploma,Upper-Mid,9,1,41.27,10.0,3,9,10,4.0,One Year,0,2,1,Free Upgrade,Sure Thing,1
CUST01769,41,Male,South,Bachelor,Upper-Mid,56,3,87.12,10.0,1,11,29,5.0,Month-to-Month,0,0,0,None,Sure Thing,0
CUST02241,41,Female,West,Bachelor,Mid,12,2,42.78,5.0,1,6,19,4.0,Two Year,0,1,1,Free Upgrade,Persuadable,0
CUST00405,34,Female,West,High School,Upper-Mid,79,1,87.39,7.0,2,13,43,4.0,One Year,0,0,0,None,Persuadable,1
CUST03120,59,Male,South,Bachelor,Upper-Mid,9,1,107.39,10.0,3,6,40,3.0,Month-to-Month,1,0,0,None,Persuadable,1
CUST02980,42,Female,North,Bachelor,Lower-Mid,12,2,30.16,0.0,0,3,37,5.0,Two Year,1,2,1,Free Upgrade,Persuadable,0
CUST00484,42,Male,North,Master,Mid,120,2,24.81,0.0,0,4,59,3.0,Month-to-Month,0,2,0,None,Lost Cause,0
CUST01183,51,Female,Central,High School,Lower-Mid,44,2,32.89,0.0,4,8,4,2.0,One Year,0,1,1,Free Upgrade,Lost Cause,1
CUST01340,42,Male,South,Bachelor,Lower-Mid,20,1,90.42,2.0,1,9,3,5.0,Month-to-Month,0,1,1,Discount,Lost Cause,1
CUST01281,41,Male,East,High School,Low,1,2,54.53,30.0,0,12,13,2.0,Month-to-Month,0,0,0,None,Lost Cause,1
CUST01032,19,Female,West,High School,Mid,14,2,81.09,0.0,1,8,8,3.0,Month-to-Month,0,1,1,Discount,Persuadable,1
CUST00792,42,Female,North,High School,Upper-Mid,19,1,35.95,10.0,3,12,51,5.0,Month-to-Month,1,1,0,None,Sleeping Dog,1
CUST00800,40,Male,Central,PhD,Mid,18,1,107.46,15.0,3,15,13,4.0,Two Year,0,0,1,Personal Outreach,Persuadable,0
CUST02433,39,Female,East,Bachelor,Upper-Mid,57,1,72.68,5.0,3,9,1,3.0,One Year,0,0,1,Discount,Sleeping Dog,1
CUST01202,34,Female,South,Master,Mid,3,3,75.14,30.0,1,11,10,2.0,Two Year,0,1,1,Loyalty Bonus,Persuadable,0
CUST00423,37,Female,North,Master,Mid,10,4,91.08,15.0,0,10,13,1.0,Two Year,0,2,1,Loyalty Bonus,Lost Cause,0
CUST02363,21,Male,North,Master,Mid,32,2,117.7,7.0,2,7,3,4.0,Two Year,1,1,1,Free Upgrade,Sure Thing,0
CUST03484,39,Male,East,Bachelor,High,16,3,32.9,10.0,2,13,15,2.0,Month-to-Month,1,0,1,Discount,Sure Thing,1
CUST01884,32,Male,South,Bachelor,Upper-Mid,117,3,122.38,7.0,0,9,5,3.0,Month-to-Month,0,0,0,None,Sure Thing,0
CUST03454,33,Male,South,Master,Upper-Mid,5,3,70.55,5.0,2,4,1,4.0,Month-to-Month,1,2,1,Discount,Sleeping Dog,1
CUST01480,34,Male,North,Bachelor,Mid,51,2,77.73,15.0,1,11,1,5.0,Month-to-Month,0,2,0,None,Sleeping Dog,1
CUST02592,34,Other,North,High School,High,24,1,96.4,0.0,2,7,10,4.0,One Year,0,1,0,None,Lost Cause,1
CUST01929,53,Male,West,Diploma,Mid,4,3,177.78,0.0,2,5,17,1.0,Month-to-Month,1,1,0,None,Sure Thing,1
CUST02950,20,Male,West,Master,Mid,13,1,31.33,0.0,1,8,45,4.0,One Year,1,1,1,Free Upgrade,Lost Cause,0
CUST01530,26,Female,Central,,Low,2,1,66.58,1.0,0,7,5,3.0,One Year,0,2,1,Loyalty Bonus,Sure Thing,0
CUST00903,40,Female,Central,Master,High,24,2,51.86,5.0,1,6,12,4.0,One Year,1,1,1,Personal Outreach,Lost Cause,0
CUST00686,48,Female,North,Bachelor,,1,4,72.6,0.0,3,8,9,5.0,Two Year,1,0,1,Free Upgrade,Persuadable,0
CUST01552,37,Female,North,High School,Mid,43,1,73.22,5.0,2,6,30,5.0,One Year,1,1,0,None,Sure Thing,0
CUST03221,27,Female,Central,Bachelor,Upper-Mid,18,2,88.9,2.0,1,7,16,4.0,Month-to-Month,0,2,1,Free Upgrade,Sure Thing,0
CUST00160,47,Female,Central,Master,Mid,72,2,118.49,2.0,1,5,14,1.0,One Year,0,0,1,Free Upgrade,Persuadable,0
CUST01000,46,Female,West,PhD,Low,41,3,100.16,15.0,0,10,38,,Two Year,0,0,0,None,Sure Thing,0
CUST02864,48,Female,North,Bachelor,Upper-Mid,14,3,109.72,7.0,1,8,53,3.0,Month-to-Month,0,0,0,None,Sleeping Dog,1
CUST03312,45,Female,South,Bachelor,,16,2,116.21,,1,6,162,,One Year,1,0,1,Loyalty Bonus,Persuadable,0
CUST02251,38,Male,Central,Bachelor,Mid,19,1,43.45,15.0,1,6,69,4.0,One Year,0,1,1,Loyalty Bonus,Sleeping Dog,1
CUST02690,47,Male,West,Bachelor,Mid,52,1,56.71,2.0,1,5,5,3.0,Month-to-Month,1,0,0,None,Sure Thing,1
CUST00113,40,Female,Central,Bachelor,Mid,54,3,59.37,10.0,3,3,12,3.0,Month-to-Month,1,2,1,Free Upgrade,Sure Thing,1
CUST03343,27,Female,West,Bachelor,Low,5,1,99.95,1.0,2,11,23,3.0,Two Year,0,1,0,None,Sure Thing,1
CUST01447,33,Male,East,Bachelor,Mid,36,3,69.1,15.0,2,12,1,1.0,One Year,1,1,1,Discount,Sure Thing,1
CUST01953,29,Male,North,Bachelor,Lower-Mid,70,2,59.99,0.0,0,9,10,5.0,Two Year,1,0,0,None,Sure Thing,0
CUST00923,41,Female,East,High School,Low,10,1,114.28,7.0,1,13,11,4.0,Month-to-Month,0,2,0,None,Sleeping Dog,1
CUST01625,62,Male,Central,Master,Low,16,4,90.2,3.0,0,9,3,4.0,One Year,0,0,1,Loyalty Bonus,Sleeping Dog,0
CUST03026,35,Male,East,Master,Low,30,2,70.84,30.0,0,7,1,1.0,Month-to-Month,1,0,1,Discount,Sleeping Dog,1
CUST01320,37,Male,South,Master,High,15,3,59.27,30.0,1,5,12,2.0,Month-to-Month,0,0,1,Discount,Persuadable,1
CUST01664,32,Female,South,Bachelor,Upper-Mid,6,1,43.92,2.0,2,6,38,5.0,One Year,0,0,1,Free Upgrade,Sleeping Dog,1
CUST00816,22,Female,North,Master,Upper-Mid,14,3,70.32,0.0,1,12,49,3.0,Month-to-Month,1,0,1,Personal Outreach,Sleeping Dog,0
CUST02899,36,Male,East,Diploma,Mid,19,2,103.69,5.0,2,5,2,3.0,One Year,1,0,1,Discount,Sleeping Dog,0
CUST02267,18,Male,South,Bachelor,Mid,14,4,33.4,1.0,1,14,12,5.0,Two Year,1,0,0,None,Sure Thing,0
CUST01474,40,Male,East,Master,High,43,2,42.08,0.0,0,10,4,5.0,One Year,0,0,0,None,Sleeping Dog,0
CUST01774,42,Male,East,Master,Mid,5,1,197.0,15.0,0,9,7,2.0,Month-to-Month,0,1,1,Discount,Lost Cause,1
CUST00680,55,Female,Central,High School,Lower-Mid,17,1,120.86,10.0,2,8,7,3.0,Month-to-Month,1,1,0,None,Sure Thing,1
CUST02999,44,Male,East,Master,Upper-Mid,11,1,122.31,7.0,0,5,46,4.0,One Year,1,2,0,None,Lost Cause,1
CUST01094,40,Male,East,High School,Upper-Mid,22,1,46.98,0.0,2,12,30,4.0,Two Year,1,1,1,Discount,Sure Thing,0
CUST00081,37,Female,East,Bachelor,Mid,35,3,579.23,10.0,0,15,25,4.0,Month-to-Month,1,0,1,Free Upgrade,Sure Thing,0
CUST01951,18,Female,Central,Bachelor,High,70,1,22.33,0.0,2,10,56,3.0,Month-to-Month,1,0,0,None,Persuadable,1
CUST03298,28,Female,East,Bachelor,Lower-Mid,97,2,51.68,,0,5,24,4.0,One Year,0,0,0,None,Lost Cause,0
CUST02880,37,Other,East,Bachelor,Low,39,3,39.59,30.0,2,6,15,4.0,Month-to-Month,0,1,0,None,Sure Thing,0
CUST01240,59,Male,North,Master,Lower-Mid,15,1,64.29,,0,7,16,4.0,One Year,0,1,1,Loyalty Bonus,Sleeping Dog,0
CUST00330,47,Other,North,Bachelor,Lower-Mid,43,2,69.39,0.0,1,6,22,4.0,Two Year,0,2,1,Loyalty Bonus,Sleeping Dog,0
CUST00243,46,Female,North,Bachelor,Mid,32,3,39.79,0.0,3,10,2,4.0,One Year,1,0,0,None,Sleeping Dog,0
CUST02879,43,Male,West,Master,Mid,26,3,47.75,0.0,3,9,3,4.0,Month-to-Month,1,0,0,None,Persuadable,1
CUST00642,60,Male,North,Bachelor,Upper-Mid,3,2,38.2,5.0,2,8,3,4.0,Month-to-Month,0,1,0,None,Lost Cause,1
CUST00697,43,Male,North,Diploma,High,13,4,115.03,5.0,4,3,18,1.0,One Year,0,1,1,Free Upgrade,Persuadable,1
CUST02258,34,Female,Central,High School,Mid,113,1,118.38,0.0,1,4,13,3.0,One Year,1,1,0,None,Sure Thing,0
CUST00416,31,Male,North,Master,Mid,1,3,18.47,2.0,3,10,2,4.0,Two Year,1,0,0,None,Sleeping Dog,1
CUST00754,52,Male,North,Bachelor,High,31,2,39.08,1.0,0,15,7,4.0,Month-to-Month,1,1,0,None,Lost Cause,1
CUST00436,40,Male,East,,Mid,11,3,40.87,0.0,3,13,6,4.0,One Year,0,1,0,None,Lost Cause,0
CUST01564,50,Male,North,High School,Upper-Mid,5,2,202.84,,2,9,35,2.0,One Year,1,0,0,None,Persuadable,1
CUST01935,71,Female,South,Master,Upper-Mid,3,1,78.46,0.0,4,5,8,4.0,Two Year,0,0,0,None,Persuadable,0
CUST00787,50,Male,South,High School,Upper-Mid,39,2,59.1,0.0,3,6,31,4.0,Month-to-Month,0,1,1,Free Upgrade,Sleeping Dog,1
CUST01713,18,Female,East,Bachelor,,19,2,187.66,,0,3,27,4.0,Month-to-Month,0,0,1,Loyalty Bonus,Persuadable,0
CUST00552,38,Female,East,High School,Low,4,2,183.21,1.0,0,3,7,5.0,One Year,1,2,0,None,Persuadable,0
CUST02930,51,Male,Central,Bachelor,Low,11,1,94.57,5.0,4,10,16,1.0,One Year,0,0,0,None,Lost Cause,1
CUST03237,52,Female,Central,High School,Lower-Mid,30,1,136.46,1.0,0,12,2,4.0,Month-to-Month,1,0,1,Discount,Sleeping Dog,0
CUST00602,28,Female,Central,Master,Upper-Mid,23,2,90.47,0.0,0,6,1,1.0,Month-to-Month,1,0,0,None,Sure Thing,1
CUST01965,46,Female,North,PhD,Lower-Mid,37,2,41.24,0.0,1,6,50,4.0,Two Year,0,2,1,Loyalty Bonus,Persuadable,0
CUST01014,31,Male,East,Diploma,Upper-Mid,8,3,33.46,3.0,1,5,2,1.0,One Year,1,1,1,Free Upgrade,Persuadable,0
CUST02884,45,Female,East,,Lower-Mid,11,2,90.36,0.0,5,6,19,5.0,Month-to-Month,1,0,0,None,Lost Cause,1
CUST01428,26,Male,North,Bachelor,Mid,120,4,60.54,30.0,1,3,24,3.0,Two Year,1,1,0,None,Persuadable,0
CUST02013,30,Male,East,Master,Low,19,2,53.26,0.0,2,6,48,3.0,Two Year,1,0,1,Free Upgrade,Lost Cause,0
CUST01387,55,Female,East,High School,High,78,1,39.78,2.0,0,10,1,4.0,Month-to-Month,1,0,0,None,Lost Cause,0
CUST01296,38,Male,North,Diploma,Low,17,1,151.25,1.0,0,6,52,3.0,One Year,1,1,1,Free Upgrade,Sleeping Dog,1
CUST00467,47,Male,East,Bachelor,Upper-Mid,71,2,117.43,3.0,2,11,60,3.0,Month-to-Month,0,2,0,None,Persuadable,1
CUST01500,47,Female,South,Bachelor,Upper-Mid,7,2,68.46,10.0,3,7,15,4.0,Month-to-Month,0,0,0,None,Sleeping Dog,1
CUST03016,52,Male,West,High School,Mid,36,4,44.22,0.0,0,5,18,2.0,Month-to-Month,0,2,0,None,Sleeping Dog,1
CUST03441,41,Female,West,High School,Upper-Mid,32,3,189.62,10.0,0,9,8,3.0,Month-to-Month,0,1,1,Discount,Persuadable,0
CUST00278,32,Female,East,Bachelor,Low,46,2,33.55,5.0,1,9,2,4.0,One Year,1,0,0,None,Sure Thing,0
CUST01070,44,Male,South,PhD,Lower-Mid,1,1,21.91,10.0,2,7,1,4.0,Month-to-Month,1,1,1,Discount,Sure Thing,1
CUST01549,49,Male,Central,Diploma,Mid,11,1,136.51,7.0,0,9,46,4.0,Month-to-Month,1,1,1,Discount,Sleeping Dog,0
CUST01025,60,Female,South,High School,Mid,11,1,37.0,7.0,1,9,25,4.0,Month-to-Month,1,0,1,Free Upgrade,Persuadable,0
CUST01466,47,Female,South,Diploma,Upper-Mid,3,2,65.2,7.0,0,11,36,4.0,One Year,1,1,0,None,Persuadable,0
CUST00941,24,Female,North,High School,Lower-Mid,42,1,86.87,15.0,1,7,26,1.0,One Year,1,1,0,None,Sleeping Dog,1
CUST03091,18,Female,North,Bachelor,Mid,25,2,93.2,0.0,2,6,10,2.0,One Year,0,0,0,None,Sleeping Dog,1
CUST01467,60,Male,East,High School,Mid,3,2,54.72,2.0,3,6,88,3.0,Month-to-Month,0,0,0,None,Sleeping Dog,1
CUST01324,45,Male,North,Diploma,Upper-Mid,10,2,218.68,10.0,1,9,59,2.0,Two Year,1,0,0,None,Sleeping Dog,0
CUST02676,18,Female,West,Bachelor,Mid,1,1,99.92,30.0,2,12,48,5.0,Month-to-Month,1,0,1,Free Upgrade,Sleeping Dog,1
CUST01400,32,Female,North,Bachelor,High,4,4,96.79,5.0,2,8,4,5.0,Month-to-Month,0,0,1,Loyalty Bonus,Sure Thing,0
CUST02968,33,Male,West,Master,Low,21,1,180.01,5.0,1,10,20,5.0,Month-to-Month,0,0,1,Free Upgrade,Sleeping Dog,1
CUST01450,40,Male,Central,High School,Lower-Mid,21,1,42.15,0.0,2,8,15,3.0,One Year,1,1,1,Discount,Sleeping Dog,1
CUST00907,23,Male,South,Diploma,Lower-Mid,45,2,42.45,15.0,4,7,7,4.0,One Year,1,1,1,Discount,Sure Thing,0
CUST03139,45,Male,South,Diploma,Low,109,3,98.85,10.0,0,4,4,3.0,One Year,0,1,0,None,Persuadable,0
CUST02612,26,Male,Central,High School,Mid,39,2,90.23,1.0,2,10,20,5.0,Month-to-Month,0,0,0,None,Sleeping Dog,1
CUST01896,35,Female,Central,Diploma,Low,29,1,139.63,3.0,3,8,6,4.0,One Year,0,0,0,None,Persuadable,0
CUST00389,51,Female,North,Master,Lower-Mid,31,2,76.08,,3,13,2,4.0,One Year,0,0,1,Discount,Persuadable,0
CUST02071,51,Female,North,Bachelor,Mid,29,2,26.89,15.0,2,9,31,3.0,Month-to-Month,1,0,1,Free Upgrade,Sure Thing,1
CUST02763,50,Female,West,Bachelor,Mid,35,3,52.58,,1,10,20,4.0,Two Year,1,1,1,Personal Outreach,Sleeping Dog,0
CUST02173,36,Female,South,,,49,1,64.68,30.0,2,9,72,4.0,Month-to-Month,1,0,0,None,Sleeping Dog,1
CUST00881,70,Male,East,Bachelor,Upper-Mid,1,2,43.08,7.0,3,12,30,3.0,Two Year,1,1,0,None,Sleeping Dog,0
CUST03209,50,Male,North,Master,Low,6,1,90.22,10.0,2,9,26,5.0,One Year,1,0,1,Free Upgrade,Lost Cause,0
CUST00051,43,Male,West,Diploma,Upper-Mid,5,3,37.3,5.0,0,6,6,3.0,One Year,1,0,0,None,Sure Thing,0
CUST01888,45,Male,North,Bachelor,,64,3,101.92,15.0,1,6,5,5.0,Month-to-Month,1,2,1,Loyalty Bonus,Sleeping Dog,0
CUST01703,47,Female,East,Master,Lower-Mid,41,1,144.62,30.0,0,8,26,3.0,Month-to-Month,1,1,0,None,Sure Thing,1
CUST03490,20,Male,South,Diploma,,9,1,41.04,0.0,1,9,19,5.0,Two Year,1,0,1,Loyalty Bonus,Lost Cause,0
CUST00134,45,Female,East,Master,High,19,1,37.5,7.0,5,6,9,2.0,Two Year,0,0,1,Discount,Sure Thing,0
CUST01106,27,Female,South,Bachelor,Upper-Mid,23,1,148.86,30.0,1,9,12,3.0,Month-to-Month,0,0,0,None,Persuadable,1
CUST00704,23,Female,East,,Upper-Mid,60,1,1775.136862550936,,1,6,51,3.0,Month-to-Month,1,0,1,Discount,Lost Cause,1
CUST00483,20,Female,West,Diploma,Mid,19,2,72.58,7.0,1,9,19,5.0,Month-to-Month,1,1,0,None,Sure Thing,1
CUST01146,40,Male,East,Master,Lower-Mid,18,3,68.25,,4,5,3,3.0,Month-to-Month,1,0,1,Personal Outreach,Sure Thing,1
CUST02039,39,Female,East,Bachelor,Lower-Mid,16,1,55.52,2.0,2,7,28,3.0,Month-to-Month,1,0,0,None,Lost Cause,1
CUST03444,59,Male,North,High School,Mid,4,1,94.62,5.0,2,8,31,3.0,Month-to-Month,0,1,1,Discount,Sure Thing,1
CUST00067,39,Male,North,Bachelor,Mid,37,2,50.68,5.0,3,14,17,2.0,One Year,0,1,0,None,Sure Thing,1
CUST02314,45,Male,North,Diploma,High,17,2,133.49,15.0,2,11,19,3.0,Two Year,0,1,1,Discount,Sure Thing,0
CUST03092,49,Female,East,Bachelor,Upper-Mid,53,3,17.55,0.0,2,10,15,4.0,Month-to-Month,1,1,1,Discount,Persuadable,0
CUST00908,48,Male,Central,Bachelor,Mid,43,3,108.45,3.0,0,6,3,3.0,Month-to-Month,0,0,1,Free Upgrade,Lost Cause,1
CUST00032,62,Male,North,Bachelor,Lower-Mid,3,3,54.82,0.0,1,15,25,5.0,Month-to-Month,0,0,1,Discount,Sure Thing,1
CUST02466,50,Male,South,Master,Upper-Mid,4,1,387.67,0.0,1,6,4,,Month-to-Month,0,1,1,Personal Outreach,Sleeping Dog,1
CUST02681,48,Female,Central,Bachelor,Mid,15,1,104.4,3.0,2,11,20,4.0,Two Year,1,0,1,Loyalty Bonus,Sleeping Dog,0
CUST03327,39,Male,East,High School,Low,20,1,99.2,7.0,0,11,14,5.0,Two Year,0,0,0,None,Persuadable,0
CUST00011,34,Male,East,Master,Low,11,4,107.05,1.0,2,3,1,5.0,Month-to-Month,1,1,1,Personal Outreach,Sleeping Dog,1
CUST00065,49,Female,West,Diploma,Mid,32,3,25.35,5.0,1,12,34,3.0,Two Year,0,0,0,None,Sure Thing,0
CUST00777,31,Male,West,PhD,Low,28,3,39.6,1.0,1,15,46,5.0,Month-to-Month,0,1,1,Free Upgrade,Sure Thing,0
CUST00078,36,Female,South,Bachelor,Mid,66,1,106.79,5.0,1,9,5,5.0,Two Year,0,0,0,None,Lost Cause,0
CUST00492,57,Male,Central,High School,Low,19,2,47.23,0.0,1,11,6,3.0,Month-to-Month,1,0,0,None,Persuadable,0
CUST02948,18,Female,East,High School,Upper-Mid,23,1,92.45,0.0,0,7,19,4.0,Month-to-Month,0,1,0,None,Sure Thing,0
CUST03068,40,Male,South,,Upper-Mid,1,4,46.22,0.0,2,10,11,3.0,Month-to-Month,1,0,0,None,Sure Thing,1
CUST02581,44,Male,East,Master,Upper-Mid,27,2,55.57,0.0,1,7,7,4.0,One Year,0,1,0,None,Persuadable,1
CUST02114,27,Male,Central,High School,Low,70,1,62.08,15.0,0,8,98,3.0,Month-to-Month,1,1,1,Discount,Sure Thing,1
CUST03236,42,Female,West,Master,High,25,1,57.68,10.0,3,6,39,1.0,One Year,1,0,1,Loyalty Bonus,Persuadable,1
CUST02345,18,Male,South,PhD,Mid,62,1,54.61,1.0,2,10,33,5.0,Month-to-Month,0,0,1,Discount,Persuadable,1
CUST00592,34,Male,West,Bachelor,Upper-Mid,26,2,182.36,3.0,2,4,10,4.0,Month-to-Month,0,0,1,Loyalty Bonus,Sleeping Dog,1
CUST01286,24,Male,East,High School,Mid,9,1,55.38,3.0,2,8,48,2.0,Month-to-Month,0,0,1,Discount,Sleeping Dog,1
CUST02947,41,Other,South,Diploma,Mid,2,1,49.8,2.0,1,8,14,3.0,One Year,1,2,1,Discount,Persuadable,0
CUST00725,42,Female,East,Bachelor,Lower-Mid,28,4,152.43,0.0,2,9,10,4.0,Month-to-Month,1,1,0,None,Sure Thing,0
CUST02675,27,Female,East,,Low,68,2,89.32,30.0,3,6,24,3.0,Month-to-Month,0,1,0,None,Sure Thing,1
CUST03046,18,Male,East,Bachelor,Low,6,1,117.47,15.0,1,9,2,1.0,One Year,0,0,0,None,Persuadable,1
CUST03477,51,Female,North,Bachelor,High,47,3,29.13,30.0,0,6,46,4.0,Two Year,1,1,1,Loyalty Bonus,Sleeping Dog,0
CUST01213,31,Female,South,Bachelor,Mid,24,4,57.14,0.0,2,7,10,4.0,Month-to-Month,1,0,0,None,Persuadable,0
CUST03416,38,Female,North,Bachelor,Upper-Mid,1,3,53.24,3.0,2,7,21,4.0,One Year,1,0,0,None,Sure Thing,1
CUST02300,21,Female,East,High School,Upper-Mid,21,4,181.71,1.0,0,8,14,4.0,One Year,0,1,0,None,Persuadable,0
CUST03021,54,Female,South,High School,Lower-Mid,4,2,75.75,5.0,4,8,3,3.0,Month-to-Month,1,0,0,None,Sure Thing,1
CUST01638,45,Male,North,Bachelor,Upper-Mid,32,2,30.21,1.0,2,5,10,2.0,Month-to-Month,0,1,0,None,Sleeping Dog,1
CUST03356,38,Male,South,Bachelor,Mid,3,1,45.23,2.0,2,10,1,2.0,Two Year,0,0,1,Discount,Sleeping Dog,1
CUST03349,48,Female,Central,Bachelor,Upper-Mid,36,1,42.47,5.0,0,10,3,1.0,One Year,1,1,1,Discount,Sure Thing,1
CUST03436,50,Male,South,Bachelor,Upper-Mid,33,3,101.16,2.0,1,9,3,4.0,Two Year,0,0,0,None,Sleeping Dog,0
CUST00983,28,Male,East,Master,Upper-Mid,5,2,48.1,15.0,1,8,26,3.0,Month-to-Month,0,1,1,Free Upgrade,Sure Thing,1
CUST00707,24,Female,South,Bachelor,Upper-Mid,32,1,43.99,7.0,2,3,21,3.0,Month-to-Month,0,1,1,Free Upgrade,Sleeping Dog,1
CUST02536,36,Female,Central,Bachelor,Lower-Mid,32,3,153.95,,3,8,37,4.0,Two Year,1,1,1,Free Upgrade,Lost Cause,0
CUST01688,42,Other,West,Bachelor,High,22,1,89.13,5.0,1,7,7,4.0,Month-to-Month,1,0,0,None,Sleeping Dog,1
CUST03065,21,Female,East,Bachelor,Mid,10,1,103.81,5.0,1,7,59,5.0,Month-to-Month,1,1,0,None,Lost Cause,1
CUST00274,40,Female,North,Bachelor,Low,17,2,161.77,3.0,1,7,11,3.0,Month-to-Month,0,1,0,None,Sure Thing,1
CUST01710,28,Male,West,Bachelor,High,25,2,45.5,1.0,1,7,1,4.0,Month-to-Month,0,0,1,Free Upgrade,Sure Thing,1
CUST03212,25,Male,South,Bachelor,Lower-Mid,1,4,37.63,0.0,0,10,47,2.0,Month-to-Month,0,1,1,Free Upgrade,Sure Thing,1
CUST00964,48,Female,Central,Diploma,Low,13,2,225.5,0.0,0,9,4,4.0,Month-to-Month,0,1,0,None,Sleeping Dog,0
CUST03286,58,Female,South,High School,Upper-Mid,11,4,53.4,0.0,4,6,31,4.0,Month-to-Month,1,1,1,Personal Outreach,Sleeping Dog,1
CUST03348,59,Male,North,Bachelor,Mid,81,1,63.1,10.0,0,5,25,5.0,Month-to-Month,0,1,0,None,Sure Thing,1
CUST03475,31,Female,North,Diploma,Mid,24,1,112.59,2.0,2,7,16,2.0,Month-to-Month,0,0,0,None,Sure Thing,1
CUST02460,45,Female,West,Bachelor,High,7,1,144.33,1.0,2,12,10,2.0,Month-to-Month,1,5,1,Personal Outreach,Persuadable,0
CUST03119,52,Female,Central,Diploma,Low,16,4,127.71,3.0,2,10,3,3.0,Month-to-Month,1,2,1,Loyalty Bonus,Sleeping Dog,0
CUST02994,37,Female,Central,High School,Upper-Mid,14,1,51.65,2.0,0,14,2,2.0,One Year,1,3,1,Free Upgrade,Sleeping Dog,0
CUST01453,42,Female,East,PhD,Lower-Mid,24,2,118.76,0.0,6,8,16,5.0,One Year,0,1,1,Discount,Persuadable,0
CUST02716,18,Male,West,Master,Lower-Mid,73,1,36.17,2.0,3,16,17,1.0,Month-to-Month,1,0,0,None,Lost Cause,1
CUST00150,43,Female,West,Bachelor,Low,5,2,56.58,0.0,0,20,26,4.0,Month-to-Month,1,1,0,None,Persuadable,0
CUST02693,39,Male,North,Bachelor,Mid,6,4,67.19,0.0,3,13,4,2.0,Month-to-Month,1,1,0,None,Sleeping Dog,1
CUST02768,45,Male,Central,Master,Upper-Mid,24,3,17.25,1.0,3,10,15,2.0,Month-to-Month,0,2,1,Loyalty Bonus,Persuadable,0
CUST01758,51,Female,Central,Bachelor,Lower-Mid,30,4,123.38,30.0,0,8,3,5.0,Month-to-Month,1,1,0,None,Persuadable,0
CUST00219,34,Male,West,Master,Mid,43,4,35.43,2.0,1,9,92,3.0,Month-to-Month,1,0,0,None,Lost Cause,0
CUST00240,50,Female,South,Diploma,Upper-Mid,19,2,63.76,,1,3,9,1.0,Month-to-Month,1,1,1,Personal Outreach,Sure Thing,1
CUST01132,45,Female,East,High School,Lower-Mid,36,1,81.2,7.0,0,11,10,5.0,One Year,1,1,1,Discount,Sure Thing,0
CUST03174,49,Male,West,Bachelor,Lower-Mid,14,1,26.18,7.0,0,12,4,1.0,One Year,1,1,0,None,Sure Thing,1
CUST02240,48,Female,North,Bachelor,,4,4,95.54,2.0,3,3,7,4.0,Two Year,1,1,1,Discount,Sleeping Dog,0
CUST02382,28,Female,South,Bachelor,Mid,10,1,83.35,3.0,0,8,8,1.0,Month-to-Month,0,1,0,None,Sleeping Dog,1
CUST01254,44,Female,West,Bachelor,Mid,13,2,55.66,0.0,2,13,4,4.0,One Year,1,0,0,None,Lost Cause,0
CUST01054,43,Female,East,Master,Mid,7,3,241.09,1.0,3,7,27,4.0,Month-to-Month,1,1,0,None,Sure Thing,0
CUST01669,50,Male,West,Bachelor,Lower-Mid,27,1,48.23,2.0,0,8,1,,Two Year,0,0,1,Discount,Persuadable,0
CUST02980,42,Female,North,Bachelor,Lower-Mid,12,2,30.16,0.0,0,3,37,5.0,Two Year,1,2,1,Free Upgrade,Persuadable,0
CUST03480,56,Male,South,High School,High,16,1,95.42,7.0,1,8,16,2.0,Two Year,1,0,0,None,Sure Thing,1
CUST01358,44,Female,East,,Upper-Mid,1,3,121.32,2.0,1,9,11,3.0,One Year,1,3,1,Discount,Persuadable,0
CUST00776,21,Male,South,Bachelor,High,38,2,69.41,30.0,0,7,1,1.0,Month-to-Month,0,0,0,None,Sure Thing,1
CUST02631,43,Male,Central,PhD,Upper-Mid,28,1,69.44,5.0,4,9,4,4.0,Month-to-Month,0,0,0,None,Sleeping Dog,1
CUST02833,58,Male,East,Master,Mid,100,1,35.35,0.0,1,9,8,3.0,Month-to-Month,0,0,0,None,Sleeping Dog,0
CUST03069,42,Female,North,High School,Upper-Mid,49,2,68.77,10.0,3,6,3,1.0,Two Year,1,0,1,Free Upgrade,Sure Thing,0
CUST00840,37,Male,North,Bachelor,Mid,16,3,89.0,15.0,1,7,27,4.0,Month-to-Month,1,1,0,None,Sleeping Dog,0
CUST00628,38,Male,Central,Bachelor,Lower-Mid,16,2,151.06,15.0,0,10,23,3.0,Month-to-Month,0,0,1,Personal Outreach,Sleeping Dog,1
CUST00324,65,Other,West,Bachelor,Mid,30,3,135.42,0.0,1,5,35,5.0,One Year,1,0,0,None,Sleeping Dog,0
CUST03186,55,Female,North,,High,6,3,39.85,0.0,1,9,6,5.0,One Year,0,1,0,None,Lost Cause,0
CUST03445,48,Male,East,Master,Low,21,1,65.21,15.0,0,9,1,3.0,One Year,0,1,0,None,Sleeping Dog,0
CUST01868,53,Female,West,Master,Upper-Mid,1,2,89.35,10.0,2,10,16,1.0,Month-to-Month,0,0,1,Loyalty Bonus,Persuadable,1
CUST01161,18,Male,South,Bachelor,Mid,120,2,51.78,15.0,0,11,6,3.0,Two Year,1,0,0,None,Persuadable,0
CUST02827,54,Female,West,Bachelor,Lower-Mid,75,1,89.32,3.0,0,9,11,2.0,Month-to-Month,0,0,0,None,Sleeping Dog,1
CUST01077,21,Female,North,High School,Mid,120,1,50.0,7.0,1,2,39,2.0,Two Year,0,2,0,None,Sleeping Dog,1
CUST00438,23,Male,West,Bachelor,Mid,2,3,121.45,15.0,1,7,18,1.0,Month-to-Month,1,0,1,Discount,Lost Cause,1
CUST00120,49,Female,South,Bachelor,,120,1,43.5,0.0,3,8,35,1.0,Month-to-Month,1,1,1,Personal Outreach,Sleeping Dog,1
CUST03099,38,Female,West,Master,,3,3,87.33,10.0,1,13,25,4.0,Month-to-Month,0,2,0,None,Persuadable,1
CUST02894,42,Female,East,High School,Upper-Mid,66,2,15.21,0.0,1,13,9,4.0,Month-to-Month,1,2,0,None,Lost Cause,0
CUST03107,24,Female,Central,High School,Mid,55,2,37.87,10.0,1,8,23,4.0,Two Year,1,2,0,None,Sleeping Dog,0
CUST01815,36,Male,South,Bachelor,Upper-Mid,50,3,104.26,0.0,0,4,14,2.0,Month-to-Month,1,0,0,None,Sure Thing,0
CUST01840,37,Female,East,Diploma,,8,1,92.51,3.0,1,7,20,3.0,Month-to-Month,1,0,0,None,Sleeping Dog,1
CUST01027,40,Male,East,PhD,Mid,35,2,151.06,0.0,2,12,6,2.0,Month-to-Month,1,0,1,Loyalty Bonus,Sure Thing,1
CUST00077,41,Male,West,Master,High,64,2,189.63,10.0,3,5,5,3.0,Month-to-Month,0,1,0,None,Persuadable,1
CUST00901,44,Male,East,High School,High,19,1,150.95,0.0,0,8,16,3.0,Two Year,1,2,1,Discount,Sleeping Dog,1
CUST00372,45,Female,South,High School,High,8,1,95.77,7.0,2,6,34,4.0,Two Year,1,2,0,None,Persuadable,0
CUST01205,40,Female,South,Bachelor,Mid,7,1,100.08,1.0,1,7,14,1.0,Month-to-Month,1,2,0,None,Lost Cause,1
CUST02988,41,Male,North,High School,Upper-Mid,26,4,83.86,15.0,0,3,28,2.0,One Year,0,1,1,Discount,Persuadable,1
CUST00942,50,Male,South,Bachelor,Low,24,2,164.09,,5,6,1,3.0,One Year,0,0,0,None,Persuadable,1
CUST02626,29,Female,Central,PhD,Mid,17,3,24.98,3.0,2,8,17,4.0,Month-to-Month,0,0,0,None,Sure Thing,1
CUST02868,29,Female,Central,High School,Lower-Mid,44,4,15.56,0.0,1,7,27,2.0,One Year,0,1,0,None,Sleeping Dog,0
CUST00553,54,Female,South,Master,Lower-Mid,15,3,58.21,5.0,1,10,40,4.0,Two Year,1,0,1,Discount,Sleeping Dog,0
CUST00407,27,Male,North,Master,Lower-Mid,59,2,64.12,30.0,2,8,4,1.0,Month-to-Month,0,1,1,Discount,Persuadable,1
CUST02118,28,Male,South,Diploma,Low,23,1,57.5,0.0,1,3,38,5.0,Month-to-Month,1,0,1,Free Upgrade,Persuadable,0
CUST01614,39,Female,Central,Bachelor,Low,67,2,63.86,15.0,1,14,15,5.0,One Year,0,0,0,None,Lost Cause,0
CUST00969,39,Male,East,PhD,Lower-Mid,42,1,123.79,2.0,0,7,8,4.0,One Year,1,1,1,Free Upgrade,Persuadable,0
CUST02834,36,Male,East,Diploma,Upper-Mid,21,4,48.12,0.0,1,7,7,3.0,One Year,1,1,0,None,Persuadable,0
CUST03087,39,Female,Central,Master,Upper-Mid,6,2,20.3,10.0,1,5,1,5.0,Month-to-Month,1,0,1,Loyalty Bonus,Lost Cause,1
CUST02350,35,Female,North,Diploma,Mid,4,2,24.41,15.0,1,9,35,5.0,One Year,1,0,0,None,Sure Thing,1
CUST01747,51,Male,South,High School,Low,68,2,55.51,7.0,3,6,7,3.0,One Year,1,1,1,Loyalty Bonus,Sleeping Dog,0
CUST00690,45,Female,East,Master,Lower-Mid,25,2,59.54,2.0,0,8,7,4.0,Month-to-Month,1,0,0,None,Persuadable,1
CUST02861,33,Male,South,Master,Mid,11,3,236.66,1.0,1,8,1,4.0,One Year,0,0,0,None,Persuadable,0
CUST01739,51,Female,South,,Mid,13,2,100.55,10.0,1,10,17,5.0,Month-to-Month,1,1,0,None,Sleeping Dog,0
CUST00237,18,Female,East,Diploma,Upper-Mid,17,1,77.87,2.0,0,8,65,3.0,Month-to-Month,0,0,0,None,Sleeping Dog,0
CUST03367,33,Other,East,Master,Lower-Mid,17,3,40.0,30.0,2,7,1,3.0,Month-to-Month,1,0,0,None,Sure Thing,1
CUST01987,48,Male,East,Master,Upper-Mid,25,1,84.84,1.0,1,8,29,3.0,One Year,0,0,0,None,Sleeping Dog,0
CUST01984,50,Female,East,Master,Upper-Mid,10,2,61.98,7.0,0,10,11,3.0,Month-to-Month,0,1,1,Loyalty Bonus,Persuadable,0
CUST02843,57,Female,West,,Mid,6,2,33.47,3.0,4,17,1,4.0,One Year,1,1,0,None,Sure Thing,0
CUST00500,23,Male,South,High School,Low,40,3,78.25,0.0,1,16,50,3.0,Month-to-Month,1,0,1,Personal Outreach,Sure Thing,0
CUST00823,67,Male,North,Bachelor,Low,4,1,107.53,1.0,0,7,47,5.0,One Year,1,0,0,None,Sleeping Dog,0
CUST00795,27,Female,North,Bachelor,Upper-Mid,12,2,78.47,10.0,2,6,4,5.0,Month-to-Month,1,1,0,None,Lost Cause,1
CUST03073,42,Female,West,Master,Mid,30,1,38.13,15.0,0,5,5,2.0,Month-to-Month,1,0,1,Free Upgrade,Sleeping Dog,1
CUST00991,42,Other,East,Bachelor,Lower-Mid,1,1,153.53,7.0,2,8,7,4.0,Month-to-Month,0,1,1,Loyalty Bonus,Sure Thing,1
CUST00568,27,Male,Central,Master,High,2,3,50.02,7.0,1,5,80,5.0,Month-to-Month,0,3,0,None,Persuadable,1
CUST02436,35,Male,Central,Diploma,Lower-Mid,23,1,100.54,30.0,2,4,5,3.0,One Year,0,1,1,Discount,Sleeping Dog,1
CUST00391,29,Female,North,Diploma,Mid,34,2,1815.117018292517,0.0,2,4,1,3.0,Two Year,0,1,0,None,Persuadable,0
CUST00744,40,Female,North,High School,Lower-Mid,21,3,58.45,1.0,1,7,23,4.0,Month-to-Month,0,3,0,None,Sure Thing,1
CUST02401,31,Male,South,PhD,Low,11,1,44.49,10.0,1,6,30,2.0,Month-to-Month,0,0,1,Discount,Persuadable,1
CUST01218,43,Male,East,Bachelor,Lower-Mid,7,2,33.75,5.0,1,6,20,5.0,Two Year,1,1,1,Personal Outreach,Persuadable,0
CUST00236,47,Female,West,High School,Low,120,2,48.64,1.0,3,6,16,4.0,One Year,0,0,1,Free Upgrade,Sleeping Dog,1
CUST03249,42,Male,West,Master,Lower-Mid,5,1,60.29,5.0,4,5,9,3.0,Two Year,0,1,1,Personal Outreach,Persuadable,0
CUST00481,38,male,West,Master,Lower-Mid,12,4,270.13,1.0,2,4,1,,Two Year,1,1,0,None,Sure Thing,0
CUST02043,33,Female,Central,Bachelor,Low,6,2,100.56,5.0,1,10,11,3.0,Month-to-Month,1,1,1,Free Upgrade,Persuadable,0
CUST02616,48,Female,South,Bachelor,Low,6,3,16.74,2.0,3,13,5,1.0,Month-to-Month,1,1,1,Free Upgrade,Sure Thing,0
CUST01678,58,Female,North,Bachelor,Low,33,1,80.47,,1,3,36,4.0,Month-to-Month,0,0,0,None,Sleeping Dog,1
CUST03225,43,Male,South,Master,Upper-Mid,4,2,53.85,7.0,6,8,17,2.0,Month-to-Month,1,0,0,None,Lost Cause,1
CUST03400,35,Male,East,Bachelor,High,103,2,72.1,7.0,1,8,17,5.0,One Year,1,0,1,Free Upgrade,Lost Cause,0
CUST03038,42,Female,West,Master,Upper-Mid,93,1,119.74,0.0,2,11,5,3.0,Two Year,0,1,0,None,Sleeping Dog,0
CUST03111,26,Female,North,Bachelor,Upper-Mid,34,1,87.11,0.0,1,5,20,4.0,One Year,1,0,0,None,Persuadable,0
CUST00121,49,Female,South,Master,Low,3,1,59.68,5.0,0,10,7,2.0,Two Year,0,1,0,None,Persuadable,1
CUST03268,35,Male,West,Bachelor,Upper-Mid,12,1,30.02,1.0,4,10,25,4.0,Month-to-Month,0,1,0,None,Sleeping Dog,1
CUST01273,26,Female,West,Bachelor,Upper-Mid,2,2,62.77,2.0,0,10,3,2.0,Two Year,1,0,1,Personal Outreach,Sleeping Dog,0
CUST00927,33,Female,Central,Bachelor,Mid,36,1,58.29,3.0,3,7,2,3.0,Month-to-Month,0,1,0,None,Lost Cause,1
CUST02564,43,Female,North,Master,High,15,2,124.08,30.0,3,11,3,4.0,Month-to-Month,0,0,0,None,Persuadable,1
CUST01595,18,Female,North,Diploma,Upper-Mid,43,1,131.5,3.0,0,7,3,5.0,Two Year,1,0,1,Discount,Sleeping Dog,0
CUST00224,20,Female,West,Diploma,Lower-Mid,90,2,57.19,2.0,0,9,37,5.0,Two Year,1,1,0,None,Sure Thing,0
CUST00767,39,Female,South,,Mid,56,2,12.07,1.0,2,10,13,,Month-to-Month,1,0,0,None,Sure Thing,1
CUST00614,26,Female,North,High School,Upper-Mid,10,1,237.16,7.0,0,10,9,4.0,One Year,1,0,0,None,Lost Cause,0
CUST02892,18,Female,Central,Bachelor,Lower-Mid,65,1,56.46,15.0,0,5,3,5.0,Month-to-Month,0,1,1,Free Upgrade,Sure Thing,1
CUST01246,25,Male,South,Bachelor,High,8,2,67.69,1.0,0,6,1,5.0,One Year,0,0,0,None,Lost Cause,0
CUST01541,39,Male,Central,High School,Low,1,1,82.65,1.0,0,5,64,3.0,Month-to-Month,0,3,0,None,Sleeping Dog,1
CUST00053,31,Female,West,Master,Upper-Mid,41,2,23.42,3.0,0,9,19,2.0,One Year,1,1,0,None,Sleeping Dog,0
CUST00530,29,Male,South,Bachelor,Mid,5,1,72.17,,2,5,2,3.0,Month-to-Month,0,1,0,None,Lost Cause,1
CUST02534,28,Male,East,Bachelor,Mid,19,2,62.52,0.0,2,6,3,4.0,Month-to-Month,0,0,0,None,Persuadable,1
CUST01900,36,Female,North,Bachelor,Low,12,2,22.82,5.0,2,7,38,4.0,Month-to-Month,0,3,0,None,Persuadable,1
CUST03485,27,Female,West,Bachelor,,4,3,29.87,1.0,1,8,46,4.0,Two Year,0,1,0,None,Sure Thing,0
CUST00819,40,Female,Central,Master,High,4,4,42.59,2.0,1,6,15,4.0,Month-to-Month,0,2,1,Free Upgrade,Sure Thing,0
CUST00156,31,Male,East,Master,Mid,7,3,54.5,3.0,2,8,35,4.0,Two Year,0,3,0,None,Sleeping Dog,0
CUST02649,40,Female,East,High School,Lower-Mid,11,1,67.85,5.0,2,10,18,4.0,Two Year,0,1,1,Discount,Sleeping Dog,0
CUST03387,30,Male,South,Diploma,Upper-Mid,12,2,92.1,7.0,5,6,7,3.0,Month-to-Month,1,0,1,Discount,Lost Cause,0
CUST00249,61,Female,South,Master,Low,3,3,58.21,3.0,2,9,3,2.0,One Year,0,2,1,Loyalty Bonus,Sure Thing,0
CUST00762,41,Male,East,High School,Upper-Mid,11,3,18.7,0.0,3,5,20,3.0,One Year,0,0,1,Personal Outreach,Persuadable,0
CUST01895,38,Male,South,,Mid,6,2,88.14,0.0,0,11,4,4.0,One Year,1,1,1,Discount,Lost Cause,0
CUST02030,34,Male,East,Bachelor,,3,2,76.0,15.0,1,9,14,1.0,Month-to-Month,1,1,1,Discount,Sleeping Dog,1
CUST03364,23,Male,North,Bachelor,Upper-Mid,14,2,98.97,30.0,2,6,22,,Two Year,1,3,1,Loyalty Bonus,Lost Cause,0
CUST01131,43,Female,South,Bachelor,Low,12,2,140.02,1.0,1,8,15,3.0,Two Year,1,1,1,Discount,Sure Thing,0
CUST00543,46,Male,West,Bachelor,High,9,2,140.84,2.0,1,5,59,5.0,Two Year,1,1,0,None,Persuadable,0
CUST00794,24,Female,South,Diploma,Lower-Mid,36,1,59.32,15.0,1,5,19,5.0,One Year,0,1,0,None,Persuadable,1
CUST01726,53,Male,South,Bachelor,Low,81,1,60.9,30.0,3,9,2,4.0,Month-to-Month,1,1,0,None,Sleeping Dog,0
CUST03000,38,Female,North,Bachelor,Upper-Mid,8,3,96.6,0.0,0,6,17,3.0,Month-to-Month,1,0,0,None,Sure Thing,1
CUST00629,40,Female,East,Master,,1,2,140.82,0.0,2,7,7,3.0,Month-to-Month,1,0,1,Discount,Persuadable,1
CUST02199,32,Female,North,Bachelor,High,4,1,93.82,0.0,3,11,17,3.0,One Year,0,0,1,Free Upgrade,Sure Thing,1
CUST01971,47,Male,Central,Bachelor,Mid,70,2,79.58,,3,4,15,4.0,One Year,1,1,1,Personal Outreach,Persuadable,0
CUST02340,32,Male,East,Master,Mid,120,2,34.86,3.0,2,7,25,5.0,Two Year,1,1,0,None,Sure Thing,1
CUST02430,35,Male,South,Bachelor,High,2,1,41.99,2.0,0,8,6,3.0,Month-to-Month,1,0,0,None,Persuadable,1
CUST03354,40,Female,West,Master,Low,15,2,30.51,10.0,1,12,15,4.0,One Year,0,0,1,Discount,Persuadable,0
CUST02735,63,Male,Central,Master,Low,80,1,214.59,15.0,1,7,6,5.0,Month-to-Month,0,1,1,Loyalty Bonus,Sleeping Dog,0
CUST01368,28,Female,East,High School,Lower-Mid,25,4,35.7,0.0,2,12,10,4.0,Two Year,1,4,0,None,Persuadable,0
CUST01621,41,Male,North,Diploma,Mid,7,2,94.94,0.0,2,12,4,4.0,Month-to-Month,1,0,0,None,Persuadable,0
CUST02946,26,Male,North,Bachelor,Upper-Mid,38,1,117.14,7.0,0,11,1,2.0,One Year,1,2,1,Free Upgrade,Sleeping Dog,0
CUST03280,46,Female,South,High School,Lower-Mid,6,1,113.22,0.0,0,9,13,4.0,Month-to-Month,1,0,1,Discount,Persuadable,0
CUST02903,33,Female,West,Bachelor,Upper-Mid,1,2,25.94,1.0,0,8,63,4.0,Two Year,0,1,1,Loyalty Bonus,Persuadable,0
CUST01072,45,Male,East,PhD,Low,61,3,290.11,0.0,3,5,104,4.0,Two Year,1,1,0,None,Sleeping Dog,0
CUST00555,44,Other,West,High School,Mid,13,2,26.97,2.0,1,10,9,3.0,Month-to-Month,1,1,1,Free Upgrade,Persuadable,1
CUST01829,38,Female,Central,Bachelor,Upper-Mid,1,1,37.89,10.0,1,10,6,4.0,Month-to-Month,1,1,0,None,Sleeping Dog,1
CUST00827,58,Female,East,Master,Mid,5,3,97.84,5.0,2,5,28,2.0,One Year,1,1,1,Discount,Sleeping Dog,1
CUST01558,30,Male,North,High School,Lower-Mid,19,2,50.63,5.0,2,6,21,3.0,Two Year,0,0,0,None,Persuadable,0
CUST01985,51,Other,South,Master,Upper-Mid,14,2,23.66,10.0,0,8,46,3.0,Month-to-Month,1,2,1,Free Upgrade,Sure Thing,1
CUST03275,29,Male,North,Bachelor,,42,1,145.31,10.0,1,7,31,3.0,One Year,1,2,1,Discount,Lost Cause,0
CUST01838,41,Female,East,Bachelor,Upper-Mid,120,1,75.36,30.0,0,8,22,4.0,One Year,1,1,0,None,Sure Thing,0
CUST02940,35,Male,South,Master,Mid,28,1,43.53,3.0,1,2,10,2.0,Month-to-Month,1,1,0,None,Persuadable,1
CUST00536,40,Female,South,,Upper-Mid,7,3,35.64,,0,10,5,3.0,Month-to-Month,0,1,0,None,Sleeping Dog,1
CUST03147,31,Male,South,Bachelor,Upper-Mid,5,2,104.35,,0,11,34,5.0,One Year,0,1,0,None,Lost Cause,0
CUST02664,28,Female,East,Master,Upper-Mid,28,1,46.34,0.0,1,2,26,5.0,Month-to-Month,0,1,1,Loyalty Bonus,Sure Thing,0
CUST00155,43,Female,Central,Bachelor,Lower-Mid,4,2,52.86,1.0,1,6,36,4.0,One Year,1,0,0,None,Sure Thing,1
CUST03146,45,Male,South,High School,Mid,27,4,37.73,3.0,1,9,35,1.0,One Year,1,0,1,Discount,Sleeping Dog,0
CUST02953,45,Male,West,Bachelor,Upper-Mid,20,4,62.99,1.0,0,10,31,3.0,Month-to-Month,1,1,1,Loyalty Bonus,Sure Thing,0
CUST03315,35,Male,East,Diploma,Lower-Mid,1,3,82.77,2.0,2,13,11,1.0,Month-to-Month,1,0,1,Discount,Persuadable,0
CUST00323,30,Male,East,Master,Upper-Mid,24,1,36.28,3.0,2,9,4,4.0,Month-to-Month,0,0,0,None,Sure Thing,1
CUST01711,53,Female,West,Master,High,72,3,62.17,1.0,0,8,3,4.0,Month-to-Month,1,1,0,None,Lost Cause,0
CUST00015,19,Male,Central,High School,Mid,4,2,87.38,30.0,2,9,23,5.0,Month-to-Month,0,2,1,Loyalty Bonus,Sure Thing,0
CUST01799,52,Male,West,Bachelor,Upper-Mid,9,3,72.85,1.0,0,4,21,1.0,Month-to-Month,0,0,0,None,Sure Thing,1
CUST03318,28,Male,Central,Bachelor,Mid,6,2,18.52,,2,15,11,3.0,Two Year,0,1,1,Discount,Persuadable,0
CUST00083,57,Male,East,Bachelor,Lower-Mid,7,4,156.37,1.0,3,5,33,3.0,One Year,0,3,1,Free Upgrade,Sure Thing,1
CUST02561,27,Female,East,Master,Mid,48,1,82.67,2.0,4,10,23,5.0,Month-to-Month,1,1,0,None,Sleeping Dog,1
CUST01944,35,Female,East,Master,Lower-Mid,48,2,105.23,10.0,1,6,47,2.0,One Year,1,2,1,Discount,Persuadable,0
CUST01989,32,Male,East,Master,Mid,73,2,161.51,5.0,1,10,42,5.0,Month-to-Month,1,1,0,None,Sleeping Dog,0
CUST02673,43,Female,West,Master,Mid,4,2,43.23,5.0,2,10,64,3.0,Two Year,1,1,0,None,Persuadable,0
CUST01384,32,Male,West,Bachelor,Mid,45,1,58.04,30.0,1,7,13,3.0,Month-to-Month,0,1,1,Free Upgrade,Sleeping Dog,1
CUST01575,45,Female,East,Bachelor,Upper-Mid,14,1,582.2,2.0,0,11,35,2.0,Month-to-Month,1,0,1,Loyalty Bonus,Sleeping Dog,1
CUST02978,29,Female,Central,Diploma,High,37,1,77.5,5.0,2,4,7,5.0,One Year,0,0,0,None,Sure Thing,1
CUST03176,30,Male,North,Master,Low,69,2,71.14,0.0,2,10,23,2.0,Month-to-Month,0,0,1,Personal Outreach,Sleeping Dog,1
CUST02059,43,Female,North,Bachelor,Mid,35,1,60.75,10.0,0,9,47,4.0,Two Year,0,0,1,Discount,Persuadable,0
CUST03391,21,Female,East,Bachelor,Mid,20,1,77.5,3.0,2,11,11,2.0,One Year,0,0,1,Discount,Sure Thing,1
CUST01495,58,Male,West,Bachelor,Lower-Mid,8,3,73.86,,0,5,11,3.0,One Year,1,0,1,Personal Outreach,Sleeping Dog,1
CUST00832,28,Male,North,,Mid,39,1,52.46,0.0,0,9,4,4.0,Two Year,0,0,1,Free Upgrade,Sleeping Dog,1
CUST02081,40,Female,North,Bachelor,Lower-Mid,10,1,73.09,,4,7,25,5.0,Month-to-Month,0,1,0,None,Persuadable,1
CUST01175,30,Male,Central,Diploma,Mid,1,1,95.15,15.0,1,5,58,5.0,One Year,1,1,0,None,Lost Cause,1
CUST00414,55,Male,West,PhD,Mid,32,3,39.64,3.0,2,9,14,3.0,Month-to-Month,0,0,0,None,Sure Thing,1
CUST02629,34,Male,North,Master,Upper-Mid,25,3,46.06,0.0,3,3,5,1.0,Month-to-Month,1,1,1,Free Upgrade,Sleeping Dog,1
CUST01818,31,Male,West,Diploma,Mid,11,2,34.62,0.0,0,12,24,2.0,Two Year,0,2,0,None,Sure Thing,0
CUST00166,44,Female,Central,,Low,22,3,67.97,0.0,3,8,24,5.0,Month-to-Month,0,1,1,Discount,Sleeping Dog,0
CUST03034,28,Male,North,Diploma,Low,15,1,66.8,2.0,0,9,37,3.0,One Year,1,1,1,Discount,Sure Thing,0
CUST03438,24,Female,East,Bachelor,High,2,2,130.2,1.0,0,5,31,3.0,Two Year,1,2,0,None,Lost Cause,0
CUST00615,69,Male,Central,Diploma,Mid,4,1,134.73,15.0,2,5,9,4.0,Month-to-Month,1,0,1,Loyalty Bonus,Sleeping Dog,1
CUST01015,60,Male,South,Master,High,13,1,199.48,3.0,0,11,15,4.0,Two Year,1,2,1,Free Upgrade,Persuadable,0
CUST02138,58,Female,South,Bachelor,Lower-Mid,25,1,80.69,0.0,3,8,35,3.0,Month-to-Month,1,1,1,Discount,Persuadable,1
CUST03235,24,Female,Central,Bachelor,Upper-Mid,18,1,17.34,1.0,1,8,12,4.0,Month-to-Month,0,1,1,Personal Outreach,Lost Cause,1
CUST02650,50,Male,South,Bachelor,Lower-Mid,2,2,280.02,3.0,2,5,17,4.0,Two Year,1,1,0,None,Lost Cause,0
CUST01238,33,Male,North,,High,25,3,34.94,0.0,2,6,28,3.0,Month-to-Month,1,1,0,None,Sleeping Dog,0
CUST02182,35,Male,East,Bachelor,Lower-Mid,107,2,15.58,3.0,1,2,6,4.0,Month-to-Month,1,0,0,None,Sure Thing,1
CUST00556,35,Female,North,High School,,1,1,52.01,0.0,1,9,9,3.0,One Year,1,0,1,Discount,Lost Cause,0
CUST02369,26,Male,South,Master,Upper-Mid,21,2,197.81,2.0,1,5,27,2.0,One Year,1,1,1,Free Upgrade,Persuadable,0
CUST03307,46,Female,North,Master,Low,14,1,145.08,0.0,4,9,71,2.0,One Year,0,0,0,None,Persuadable,1
CUST01212,31,Female,South,Diploma,Upper-Mid,50,2,87.3,15.0,1,8,98,1.0,Month-to-Month,0,3,1,Discount,Persuadable,1
CUST03279,40,Male,Central,,Upper-Mid,42,1,33.3,7.0,3,5,2,1.0,One Year,0,1,0,None,Sure Thing,1
CUST00635,27,Female,South,Bachelor,Upper-Mid,5,1,49.15,1.0,0,10,24,3.0,Two Year,0,0,0,None,Persuadable,0
CUST02601,18,Male,South,,Low,19,2,24.05,1.0,1,3,59,2.0,Month-to-Month,1,1,1,Discount,Sure Thing,1
CUST01056,31,Female,North,Diploma,Mid,111,2,56.98,15.0,1,4,57,4.0,One Year,1,0,1,Discount,Lost Cause,0
CUST02341,48,Female,East,Bachelor,Mid,12,2,23.05,2.0,0,7,4,1.0,One Year,0,1,1,Loyalty Bonus,Sleeping Dog,1
CUST01709,38,Female,South,High School,Mid,29,4,179.84,30.0,2,11,16,3.0,One Year,1,1,0,None,Sleeping Dog,1
CUST00797,39,Female,South,High School,High,11,2,70.49,30.0,3,6,31,4.0,Two Year,1,1,0,None,Sure Thing,0
CUST02991,58,Male,Central,Bachelor,Lower-Mid,9,1,154.81,15.0,4,12,37,5.0,Two Year,1,3,0,None,Lost Cause,0
CUST03399,67,Male,North,Bachelor,Mid,42,2,238.94,15.0,0,4,14,5.0,One Year,0,0,1,Discount,Persuadable,0
CUST00175,43,Male,East,Master,Upper-Mid,71,1,160.38,30.0,1,8,1,4.0,One Year,1,2,1,Loyalty Bonus,Lost Cause,0
CUST02815,61,male,East,High School,Upper-Mid,43,2,86.41,,1,8,46,4.0,Month-to-Month,0,1,1,Personal Outreach,Sure Thing,1
CUST00246,35,Male,North,Diploma,Lower-Mid,35,2,85.57,5.0,2,4,15,3.0,Two Year,1,0,0,None,Sleeping Dog,0
CUST01081,35,Female,North,Bachelor,High,52,3,73.36,1.0,1,11,34,5.0,Month-to-Month,1,1,1,Loyalty Bonus,Persuadable,0
CUST01655,44,Male,East,High School,Mid,34,2,47.85,7.0,1,6,3,4.0,Two Year,0,1,1,Discount,Sleeping Dog,0
CUST03479,53,Male,South,Bachelor,Upper-Mid,33,2,85.46,1.0,1,12,17,4.0,Month-to-Month,1,1,0,None,Persuadable,0
CUST00145,43,Female,South,,Upper-Mid,10,3,52.82,15.0,1,8,56,4.0,Two Year,0,1,1,Personal Outreach,Persuadable,0
CUST00146,49,Male,North,Diploma,Mid,33,2,65.99,5.0,2,9,9,1.0,One Year,1,0,1,Loyalty Bonus,Persuadable,0
CUST00091,41,Female,West,High School,Lower-Mid,7,2,80.73,0.0,1,10,60,4.0,Two Year,1,0,1,Personal Outreach,Sleeping Dog,0
CUST00683,33,Female,North,Master,High,22,2,226.6,15.0,1,8,11,5.0,Two Year,1,0,1,Free Upgrade,Persuadable,1
CUST00311,37,Male,North,High School,Upper-Mid,1,2,98.31,0.0,3,5,27,1.0,Month-to-Month,1,1,1,Discount,Sleeping Dog,1
CUST00094,36,Male,West,Bachelor,Mid,31,4,55.54,15.0,3,9,12,,One Year,1,2,1,Loyalty Bonus,Sure Thing,1
CUST03326,45,Male,South,Master,Lower-Mid,13,1,54.01,0.0,4,9,75,3.0,Month-to-Month,1,2,1,Loyalty Bonus,Sleeping Dog,0
CUST01957,18,Female,West,Diploma,Low,8,2,133.25,0.0,2,8,30,5.0,Two Year,1,1,0,None,Sleeping Dog,0
CUST00925,54,Female,East,Master,Low,1,2,13.27,7.0,0,11,4,3.0,Month-to-Month,1,1,0,None,Lost Cause,1
CUST03231,34,Female,North,High School,High,79,2,52.88,30.0,1,5,3,4.0,Two Year,1,1,1,Personal Outreach,Sleeping Dog,1
CUST01910,41,Male,South,Bachelor,Upper-Mid,23,1,31.76,10.0,3,9,13,2.0,Two Year,0,0,1,Loyalty Bonus,Persuadable,0
CUST01036,58,Male,East,Bachelor,Low,103,3,58.26,30.0,1,11,56,1.0,One Year,0,2,0,None,Sure Thing,0
CUST01401,27,Female,West,Master,Lower-Mid,20,2,159.12,30.0,2,10,13,5.0,Month-to-Month,1,0,1,Free Upgrade,Persuadable,1
CUST02292,51,Male,West,Master,Upper-Mid,7,2,69.28,1.0,1,10,8,2.0,Two Year,1,0,0,None,Lost Cause,0
CUST01501,49,Female,West,Bachelor,Upper-Mid,35,1,159.24,,0,11,19,4.0,Month-to-Month,1,1,0,None,Persuadable,0
CUST02263,54,Female,North,Diploma,Low,110,1,52.02,2.0,1,7,24,2.0,Two Year,0,0,1,Loyalty Bonus,Sure Thing,0
CUST01469,25,Male,North,Master,Upper-Mid,2,2,35.0,7.0,0,7,1,5.0,One Year,1,0,0,None,Sleeping Dog,0
CUST00999,33,Female,East,Diploma,Mid,17,2,33.05,,1,4,1,3.0,Month-to-Month,1,1,1,Discount,Persuadable,0
CUST00854,54,Female,West,High School,High,36,3,29.45,0.0,1,8,29,4.0,Two Year,0,0,1,Personal Outreach,Lost Cause,0
CUST02474,23,Male,North,Diploma,Mid,3,1,134.77,10.0,2,6,7,4.0,Month-to-Month,1,0,1,Loyalty Bonus,Sure Thing,1
CUST02205,28,Female,North,Bachelor,Upper-Mid,11,2,75.28,0.0,2,7,16,3.0,Month-to-Month,0,0,0,None,Sure Thing,1
CUST01143,38,Female,West,Bachelor,Upper-Mid,11,3,53.77,0.0,1,11,18,3.0,One Year,1,0,1,Discount,Persuadable,0
CUST01144,41,Male,North,High School,Low,7,2,49.4,3.0,3,12,5,4.0,One Year,1,1,1,Free Upgrade,Sleeping Dog,0
CUST02275,26,Male,Central,Bachelor,Upper-Mid,22,2,23.01,3.0,1,12,83,3.0,Two Year,0,1,1,Loyalty Bonus,Lost Cause,0
CUST02945,43,Male,South,Master,,5,2,86.63,7.0,1,9,2,3.0,Month-to-Month,0,1,0,None,Sleeping Dog,1
CUST02049,36,Male,Central,Master,Lower-Mid,50,1,145.32,3.0,1,13,58,2.0,One Year,1,1,0,None,Lost Cause,1
CUST00402,32,Male,East,Master,Lower-Mid,14,1,20.06,7.0,2,6,3,3.0,One Year,0,1,0,None,Persuadable,1
CUST01104,38,Male,North,High School,Mid,6,3,29.51,0.0,1,10,28,3.0,One Year,0,0,0,None,Sleeping Dog,0
CUST00085,30,Female,East,Bachelor,Lower-Mid,2,2,121.22,0.0,0,10,28,3.0,Month-to-Month,1,3,0,None,Persuadable,1
CUST02211,24,Female,West,Bachelor,Upper-Mid,1,2,46.12,0.0,1,9,9,5.0,Month-to-Month,1,2,0,None,Persuadable,1
CUST03394,39,Male,North,Master,Upper-Mid,7,2,32.91,2.0,1,6,12,2.0,Two Year,1,2,1,Loyalty Bonus,Persuadable,0
CUST00115,37,Female,North,,Upper-Mid,59,3,82.08,2.0,1,8,6,2.0,Month-to-Month,0,1,1,Discount,Sleeping Dog,1
CUST02719,32,Male,South,Master,Lower-Mid,7,2,24.63,30.0,0,3,1,4.0,Month-to-Month,1,3,0,None,Sleeping Dog,1
CUST03071,24,Male,West,Master,Lower-Mid,60,1,61.44,30.0,2,13,10,1.0,Two Year,0,0,1,Discount,Sure Thing,0
CUST01586,48,Female,East,Master,Upper-Mid,10,3,42.01,7.0,1,9,5,4.0,Two Year,0,1,1,Loyalty Bonus,Sure Thing,0
CUST01568,46,Female,Central,Bachelor,Mid,30,3,93.93,0.0,2,6,1,3.0,Month-to-Month,0,0,0,None,Lost Cause,0
CUST02938,37,Female,South,,Lower-Mid,2,1,112.59,0.0,1,8,13,2.0,One Year,1,1,1,Discount,Sleeping Dog,1
CUST01502,33,Male,South,High School,Upper-Mid,46,1,105.58,1.0,0,9,44,5.0,One Year,1,1,1,Personal Outreach,Sleeping Dog,1
CUST01661,55,Male,East,High School,Lower-Mid,15,1,125.82,0.0,3,12,13,,One Year,0,0,1,Personal Outreach,Sleeping Dog,1
CUST01557,50,Male,South,,Mid,2,3,60.15,,2,4,9,,Month-to-Month,0,0,0,None,Sleeping Dog,1
CUST02008,30,Male,West,Master,Mid,31,1,59.77,5.0,1,10,5,4.0,Month-to-Month,0,0,0,None,Lost Cause,1
CUST00626,33,Female,Central,Master,Lower-Mid,51,2,66.21,3.0,0,9,75,4.0,Month-to-Month,1,2,1,Discount,Sleeping Dog,0
CUST01886,43,Female,West,Diploma,Mid,19,2,251.08,1.0,0,7,6,4.0,One Year,1,0,1,Discount,Persuadable,0
CUST01867,52,Male,North,Bachelor,,29,1,135.26,3.0,2,12,28,5.0,Month-to-Month,1,2,1,Loyalty Bonus,Sleeping Dog,1
CUST00953,24,Female,South,PhD,Mid,15,2,75.57,1.0,1,4,14,3.0,Two Year,0,2,0,None,Sleeping Dog,0
CUST02856,33,Male,South,High School,,10,1,105.11,2.0,1,6,16,4.0,Two Year,0,0,1,Personal Outreach,Persuadable,0
CUST02307,47,Female,East,Bachelor,Lower-Mid,40,2,50.9,15.0,0,5,28,5.0,Month-to-Month,1,1,1,Loyalty Bonus,Persuadable,0
CUST00625,59,Female,North,PhD,Mid,27,3,208.69,0.0,2,11,34,2.0,One Year,1,0,1,Discount,Persuadable,0
CUST02875,39,Female,West,Diploma,Upper-Mid,22,1,32.93,1.0,2,6,24,3.0,One Year,1,0,1,Free Upgrade,Sleeping Dog,1
CUST00235,65,Male,West,Diploma,Lower-Mid,11,1,42.09,1.0,3,5,1,3.0,Month-to-Month,1,1,0,None,Persuadable,1
CUST02184,56,Female,West,High School,Lower-Mid,17,2,47.11,3.0,1,11,5,4.0,Two Year,0,2,0,None,Sure Thing,0
CUST02665,45,Male,North,Bachelor,Lower-Mid,32,2,21.47,7.0,1,4,22,4.0,Month-to-Month,1,0,0,None,Lost Cause,1
CUST02885,18,Male,East,High School,Upper-Mid,4,1,50.81,1.0,1,7,1,4.0,Month-to-Month,0,0,1,Personal Outreach,Sleeping Dog,1
CUST02891,41,Male,North,Bachelor,Lower-Mid,97,2,29.43,0.0,2,4,33,4.0,Month-to-Month,1,0,1,Free Upgrade,Persuadable,0
CUST02035,52,Female,North,High School,Lower-Mid,13,4,57.63,3.0,1,8,4,4.0,Month-to-Month,0,1,1,Free Upgrade,Sleeping Dog,1
CUST03008,21,Female,South,Master,Mid,20,4,63.54,10.0,1,5,10,5.0,Month-to-Month,1,1,1,Discount,Sleeping Dog,1
CUST01827,26,Male,Central,Bachelor,Lower-Mid,20,4,40.03,15.0,1,10,1,3.0,One Year,0,1,0,None,Sure Thing,1
CUST03346,59,Male,South,PhD,Lower-Mid,70,1,31.25,,1,5,6,1.0,Two Year,0,1,0,None,Sleeping Dog,0
CUST02641,61,Female,Central,Bachelor,Low,7,1,101.18,0.0,5,11,5,3.0,Month-to-Month,0,1,1,Personal Outreach,Sure Thing,1
CUST01315,40,Male,North,High School,Lower-Mid,92,4,21.96,3.0,3,13,2,2.0,Month-to-Month,1,0,1,Loyalty Bonus,Lost Cause,0
CUST01526,53,Female,North,High School,Upper-Mid,6,1,114.18,1.0,1,9,23,5.0,Two Year,0,1,1,Loyalty Bonus,Sure Thing,0
CUST01563,18,Male,Central,Bachelor,Lower-Mid,16,3,73.92,30.0,3,6,35,4.0,One Year,0,1,1,Discount,Lost Cause,1
CUST01753,32,Male,South,PhD,Mid,34,1,106.97,15.0,2,7,61,4.0,Two Year,1,1,1,Discount,Lost Cause,0
CUST01606,28,Male,South,Bachelor,Mid,39,2,2488.88583190785,30.0,0,7,9,4.0,Month-to-Month,0,1,1,Discount,Sleeping Dog,0
CUST00344,33,Male,North,Bachelor,,48,2,70.61,3.0,2,7,16,2.0,One Year,0,0,1,Loyalty Bonus,Lost Cause,1
CUST03493,45,Female,North,High School,Mid,18,1,42.98,3.0,1,8,45,,One Year,1,1,0,None,Sleeping Dog,1
CUST02342,45,Male,Central,Bachelor,,16,1,43.31,,3,4,3,4.0,One Year,1,0,1,Loyalty Bonus,Sleeping Dog,1
CUST02413,26,Female,East,Bachelor,Mid,21,2,41.98,30.0,0,12,1,4.0,One Year,0,1,1,Discount,Sleeping Dog,0
CUST02227,57,Male,East,Bachelor,Mid,6,3,49.04,0.0,2,6,83,3.0,Month-to-Month,1,0,1,Discount,Lost Cause,1
CUST02708,40,Male,Central,Bachelor,Low,23,2,104.88,10.0,1,4,8,5.0,Month-to-Month,1,1,0,None,Persuadable,1
CUST00997,61,Female,North,Master,Upper-Mid,11,3,47.84,15.0,1,9,7,2.0,Month-to-Month,1,1,1,Loyalty Bonus,Lost Cause,1
CUST02063,44,Male,South,Bachelor,Upper-Mid,25,1,38.12,0.0,1,9,7,3.0,Month-to-Month,0,0,0,None,Sleeping Dog,1
CUST01111,37,Male,South,Bachelor,High,26,2,45.61,3.0,0,6,12,3.0,One Year,0,0,1,Free Upgrade,Sure Thing,0
CUST02214,34,Female,South,Bachelor,Low,33,1,33.68,30.0,1,11,9,3.0,Month-to-Month,0,2,0,None,Sure Thing,1
CUST01360,42,Female,Central,PhD,Lower-Mid,46,2,74.59,0.0,0,8,5,2.0,Month-to-Month,1,2,1,Discount,Sleeping Dog,0
CUST02108,47,Male,East,Master,Upper-Mid,1,2,114.32,10.0,2,11,9,4.0,One Year,0,1,1,Discount,Persuadable,0
CUST00710,60,Female,East,Bachelor,High,5,1,93.66,2.0,2,7,7,5.0,One Year,0,1,0,None,Sure Thing,0
CUST01879,19,Male,Central,Bachelor,Mid,12,1,149.86,2.0,0,4,22,4.0,One Year,1,1,1,Loyalty Bonus,Sure Thing,0
CUST02725,63,Female,East,High School,,1,2,165.01,30.0,3,9,10,4.0,One Year,0,0,0,None,Sure Thing,1
CUST01379,32,Male,East,High School,Lower-Mid,21,1,65.1,0.0,0,7,52,3.0,Month-to-Month,0,2,1,Personal Outreach,Persuadable,1
CUST02829,51,Female,West,Bachelor,Lower-Mid,14,2,123.41,2.0,0,11,32,3.0,Two Year,1,1,0,None,Sleeping Dog,0
CUST00425,47,Female,West,,Upper-Mid,8,2,142.43,7.0,0,8,25,5.0,Two Year,0,0,0,None,Sure Thing,0
CUST00293,32,Female,East,High School,Upper-Mid,6,2,209.52,10.0,0,3,114,3.0,Two Year,0,0,1,Loyalty Bonus,Sure Thing,0
CUST01066,26,Male,East,High School,Low,15,1,33.24,15.0,2,9,1,5.0,Month-to-Month,1,3,0,None,Lost Cause,1
CUST02922,48,Female,North,Diploma,Upper-Mid,14,1,29.46,7.0,1,8,1,3.0,Month-to-Month,0,0,1,Loyalty Bonus,Persuadable,1
CUST02378,24,Female,North,High School,Mid,12,1,64.13,1.0,4,5,15,3.0,Month-to-Month,0,4,0,None,Sleeping Dog,1
CUST01639,64,Male,South,PhD,Low,44,4,61.62,2.0,1,8,19,,Month-to-Month,1,1,0,None,Lost Cause,0
CUST02478,57,Male,South,Master,Lower-Mid,1,2,43.64,15.0,0,9,6,5.0,Month-to-Month,1,1,0,None,Sure Thing,1
CUST01013,64,Female,South,Bachelor,Mid,5,1,65.56,0.0,1,6,5,3.0,Two Year,0,0,1,Personal Outreach,Sleeping Dog,0
CUST02128,53,Female,South,Bachelor,Low,44,2,66.43,3.0,2,9,39,5.0,Month-to-Month,0,2,0,None,Sleeping Dog,0
CUST01718,42,Male,South,,,28,2,27.99,30.0,1,8,28,1.0,Month-to-Month,0,1,1,Personal Outreach,Lost Cause,1
CUST03101,31,Female,East,Bachelor,Mid,22,1,68.95,15.0,1,7,14,3.0,One Year,1,0,0,None,Sleeping Dog,1
CUST00938,48,Female,North,Diploma,Mid,35,2,40.57,3.0,1,8,7,4.0,Month-to-Month,0,3,0,None,Sure Thing,0
CUST00835,39,Male,South,Master,Mid,19,2,62.6,30.0,0,7,48,2.0,Two Year,0,1,1,Discount,Persuadable,0
CUST02798,18,Female,East,Master,Mid,44,1,108.66,15.0,2,12,1,3.0,Two Year,0,3,0,None,Persuadable,0
CUST02939,20,Male,Central,Master,Upper-Mid,22,1,83.6,0.0,2,12,20,1.0,Month-to-Month,0,0,1,Free Upgrade,Sleeping Dog,1
CUST00255,21,Male,Central,Diploma,High,22,1,81.94,3.0,2,7,1,3.0,One Year,0,1,1,Discount,Sleeping Dog,1
CUST01483,60,Male,East,High School,Upper-Mid,57,2,161.02,3.0,1,10,24,3.0,Month-to-Month,0,0,1,Discount,Sleeping Dog,1
CUST03489,28,Female,Central,Bachelor,,35,4,37.75,30.0,0,6,63,1.0,Two Year,0,0,1,Free Upgrade,Persuadable,0
CUST01408,58,Male,West,High School,Upper-Mid,54,3,67.41,30.0,2,7,21,3.0,Month-to-Month,0,2,0,None,Lost Cause,0
CUST03420,33,Male,North,Master,Mid,63,1,37.9,3.0,0,6,5,3.0,Month-to-Month,1,0,0,None,Lost Cause,0
CUST02185,18,Male,North,Bachelor,Lower-Mid,19,1,43.77,7.0,2,4,18,3.0,Month-to-Month,1,2,1,Free Upgrade,Sure Thing,1
CUST02901,39,Male,East,,Low,32,2,61.62,7.0,3,6,12,3.0,Month-to-Month,1,0,1,Discount,Persuadable,0
CUST00724,48,Male,Central,,Mid,7,2,47.43,,2,11,15,1.0,Month-to-Month,0,1,0,None,Lost Cause,1
CUST02908,26,Male,South,Master,Lower-Mid,24,2,18.03,0.0,1,7,19,3.0,Month-to-Month,0,0,1,Loyalty Bonus,Persuadable,0
CUST00970,22,Female,East,High School,Low,8,3,112.7,7.0,3,10,25,,Month-to-Month,1,0,0,None,Persuadable,1
CUST00497,27,Female,North,High School,Mid,19,1,82.41,5.0,2,10,4,2.0,Two Year,1,0,1,Free Upgrade,Lost Cause,0
CUST00951,37,Male,West,Master,Upper-Mid,16,2,160.19,5.0,1,8,42,4.0,Month-to-Month,1,2,1,Loyalty Bonus,Sleeping Dog,1
CUST00806,36,Male,South,High School,Upper-Mid,1,1,56.02,2.0,0,8,83,5.0,Month-to-Month,0,0,0,None,Lost Cause,1
CUST01830,40,Female,North,PhD,Lower-Mid,3,2,205.09,30.0,2,10,22,2.0,Month-to-Month,0,1,1,Discount,Sure Thing,1
CUST02178,42,Male,East,High School,High,27,4,142.95,15.0,2,9,5,4.0,Two Year,0,2,1,Discount,Sleeping Dog,0
CUST01740,60,Female,East,Bachelor,Mid,3,2,31.31,2.0,2,11,3,3.0,One Year,1,1,1,Personal Outreach,Persuadable,0
CUST00338,36,Female,East,Diploma,Upper-Mid,23,4,105.88,0.0,0,9,6,5.0,Month-to-Month,0,0,0,None,Lost Cause,0
CUST00731,42,Male,West,Master,Mid,1,3,72.29,0.0,2,7,3,3.0,Two Year,1,2,0,None,Lost Cause,0
CUST00609,18,Female,South,Bachelor,Upper-Mid,19,3,70.03,1.0,2,6,2,4.0,Two Year,1,1,0,None,Sure Thing,0
CUST01149,59,Male,South,Diploma,Upper-Mid,2,2,92.12,0.0,1,8,4,4.0,One Year,1,0,0,None,Persuadable,0
CUST02244,21,Female,West,Diploma,Upper-Mid,1,2,276.18,3.0,3,8,24,1.0,One Year,1,1,1,Free Upgrade,Persuadable,0
CUST01714,50,Female,North,Master,Lower-Mid,60,1,75.18,10.0,1,7,19,2.0,One Year,1,0,1,Personal Outreach,Sure Thing,0
CUST01456,18,Female,Central,Bachelor,Lower-Mid,1,1,126.64,0.0,0,8,4,3.0,One Year,0,0,1,Discount,Sure Thing,1
CUST00910,65,Female,West,Master,Mid,29,1,95.54,3.0,3,6,2,3.0,Month-to-Month,1,0,0,None,Sleeping Dog,1
CUST02633,42,Male,Central,Master,Upper-Mid,10,4,36.28,15.0,1,6,53,4.0,Month-to-Month,0,0,1,Discount,Sleeping Dog,1
CUST02152,59,Male,South,High School,Lower-Mid,13,3,66.58,30.0,1,8,2,1.0,Month-to-Month,0,0,1,Free Upgrade,Persuadable,1
CUST02011,20,Female,South,Bachelor,Upper-Mid,2,2,49.4,15.0,1,7,3,2.0,Month-to-Month,0,1,0,None,Sure Thing,1
CUST02492,31,Female,Central,High School,Low,1,3,123.38,3.0,0,8,17,3.0,One Year,0,1,1,Free Upgrade,Sure Thing,0
CUST03405,45,Female,South,Diploma,Mid,15,2,87.25,0.0,1,11,6,3.0,Month-to-Month,1,0,0,None,Sleeping Dog,0
CUST01811,34,Male,West,Diploma,Upper-Mid,20,1,34.3,1.0,2,6,37,1.0,Month-to-Month,0,0,1,Discount,Sleeping Dog,1
CUST01995,44,Female,West,,,68,1,58.64,15.0,1,11,17,5.0,Month-to-Month,1,0,1,Free Upgrade,Lost Cause,0
CUST00720,39,Male,East,Diploma,Lower-Mid,8,1,61.11,0.0,1,9,3,4.0,Two Year,0,1,1,Discount,Sure Thing,0
CUST02933,29,Male,East,PhD,,31,1,140.23,15.0,0,8,1,1.0,Month-to-Month,1,1,1,Free Upgrade,Persuadable,1
CUST02825,39,Male,North,,Mid,3,1,97.27,10.0,2,9,3,4.0,Month-to-Month,1,1,0,None,Persuadable,1
CUST01570,33,Female,East,Bachelor,Mid,37,1,43.75,1.0,3,8,1,1.0,Month-to-Month,0,0,1,Discount,Sure Thing,1
CUST02898,60,Female,South,Diploma,Mid,30,3,75.89,3.0,2,6,36,1.0,One Year,1,4,0,None,Persuadable,0
CUST02943,47,Female,North,Diploma,Mid,29,2,39.09,0.0,2,6,18,5.0,Month-to-Month,0,1,0,None,Persuadable,1
CUST02276,26,Male,South,High School,Low,8,3,144.78,0.0,0,12,20,4.0,One Year,1,1,1,Loyalty Bonus,Lost Cause,0
CUST00435,58,Male,North,PhD,Lower-Mid,1,1,36.15,10.0,1,8,3,4.0,Month-to-Month,0,1,0,None,Persuadable,1
CUST01300,43,Female,South,Bachelor,Mid,19,1,30.24,15.0,1,9,18,3.0,One Year,1,1,0,None,Sleeping Dog,0
CUST02175,29,Female,South,Bachelor,Upper-Mid,12,2,21.6,7.0,1,6,5,4.0,Two Year,1,0,0,None,Sure Thing,0
CUST00406,47,Female,East,Bachelor,Mid,86,1,78.09,7.0,0,6,24,2.0,Month-to-Month,1,0,0,None,Sleeping Dog,0
CUST02824,23,Male,West,High School,Lower-Mid,108,3,64.46,7.0,3,9,1,4.0,One Year,0,2,0,None,Sure Thing,0
CUST00822,56,Female,South,Bachelor,Lower-Mid,1,4,114.07,0.0,1,6,32,4.0,Two Year,0,0,1,Free Upgrade,Sleeping Dog,0
CUST02760,47,Female,West,High School,Mid,5,1,76.94,5.0,4,8,4,4.0,Month-to-Month,1,0,0,None,Persuadable,1
CUST01790,56,Female,Central,Diploma,Upper-Mid,15,2,40.72,3.0,5,10,89,4.0,Month-to-Month,0,2,0,None,Lost Cause,1
CUST03422,39,Male,Central,Bachelor,Mid,36,2,233.92,30.0,2,8,25,4.0,Two Year,1,1,0,None,Sleeping Dog,0
CUST03109,45,Male,South,Bachelor,Upper-Mid,67,1,49.67,10.0,3,7,41,5.0,One Year,1,4,1,Discount,Sleeping Dog,0
CUST02352,47,Female,North,High School,Lower-Mid,42,2,128.01,10.0,1,9,1,4.0,Two Year,0,2,0,None,Sure Thing,0
CUST02316,45,Female,South,Diploma,Mid,22,4,43.6,10.0,2,10,7,4.0,Two Year,1,1,1,Free Upgrade,Persuadable,0
CUST01859,43,Female,East,Diploma,Lower-Mid,11,1,58.35,0.0,1,11,49,5.0,One Year,1,1,1,Loyalty Bonus,Lost Cause,0
CUST01558,30,Male,North,High School,Lower-Mid,19,2,50.63,5.0,2,6,21,3.0,Two Year,0,0,0,None,Persuadable,0
CUST00546,30,Male,South,High School,Lower-Mid,48,1,25.81,5.0,1,8,6,3.0,One Year,0,0,0,None,Sleeping Dog,0
CUST00213,51,Female,South,High School,High,4,3,157.25,30.0,1,7,7,4.0,Two Year,1,2,0,None,Persuadable,0
CUST00897,37,Male,West,Master,Mid,25,1,54.73,0.0,3,4,6,1.0,Month-to-Month,1,2,0,None,Sure Thing,1
CUST01942,35,Female,South,PhD,Mid,54,2,105.33,15.0,2,7,1,3.0,Two Year,0,0,1,Loyalty Bonus,Persuadable,0
CUST01892,40,Male,East,Diploma,Low,39,2,74.95,10.0,1,12,1,4.0,Month-to-Month,0,1,0,None,Sleeping Dog,0
CUST00917,47,Male,North,Diploma,Lower-Mid,2,1,52.08,3.0,4,3,71,3.0,Month-to-Month,1,0,1,Loyalty Bonus,Sure Thing,1
CUST02724,57,Female,East,High School,,1,1,33.28,2.0,0,9,14,3.0,Month-to-Month,1,0,1,Discount,Persuadable,1
CUST01290,18,Female,Central,Master,High,33,4,29.59,1.0,1,8,43,3.0,Two Year,1,0,0,None,Lost Cause,0
CUST00815,52,Male,East,Bachelor,Mid,45,3,65.58,3.0,2,9,3,,One Year,0,2,0,None,Sleeping Dog,0
CUST01266,23,Male,East,Diploma,Upper-Mid,17,2,55.96,0.0,1,4,15,4.0,Month-to-Month,1,0,1,Free Upgrade,Sure Thing,0
CUST00343,42,Male,South,Master,Mid,45,2,92.57,2.0,3,12,5,2.0,One Year,1,1,1,Discount,Lost Cause,0
CUST02598,42,Female,North,Diploma,High,1,2,36.23,0.0,1,6,46,,Two Year,1,0,1,Loyalty Bonus,Lost Cause,1
CUST01411,55,Male,West,Master,Mid,4,1,37.1,0.0,2,10,9,5.0,One Year,0,2,1,Free Upgrade,Sleeping Dog,0
CUST01215,36,Female,East,Bachelor,High,9,3,34.57,0.0,1,12,1,5.0,One Year,0,1,1,Loyalty Bonus,Sleeping Dog,0
CUST00967,31,Female,West,Bachelor,Lower-Mid,23,3,37.9,0.0,1,7,21,4.0,Month-to-Month,0,0,0,None,Sure Thing,0
CUST01231,33,Female,Central,Master,Mid,18,2,102.32,7.0,0,13,20,1.0,Two Year,1,1,0,None,Sleeping Dog,0
CUST02344,33,Male,East,Bachelor,Lower-Mid,77,1,46.76,0.0,1,9,3,3.0,One Year,0,0,0,None,Lost Cause,0
CUST00696,36,Female,South,Diploma,Mid,28,3,106.77,3.0,3,6,6,,Month-to-Month,1,0,0,None,Sure Thing,0
CUST02122,49,Male,West,Master,High,32,1,214.51,2.0,1,4,6,3.0,Two Year,1,0,1,Loyalty Bonus,Sure Thing,0
CUST00606,62,Female,West,Bachelor,Lower-Mid,11,1,170.33,3.0,0,7,11,3.0,Month-to-Month,0,0,1,Loyalty Bonus,Sleeping Dog,1
CUST00105,38,Male,Central,Master,Mid,42,2,51.06,,2,6,32,5.0,Two Year,1,0,1,Discount,Persuadable,0
CUST00646,36,Male,West,Bachelor,Mid,40,3,56.78,5.0,1,3,3,4.0,One Year,1,2,0,None,Persuadable,0
CUST01405,51,Male,West,Master,Low,120,1,30.75,30.0,2,8,24,3.0,Two Year,0,0,1,Free Upgrade,Lost Cause,0
CUST00495,58,Male,North,Bachelor,Mid,14,2,86.88,1.0,1,10,1,4.0,Month-to-Month,0,1,1,Discount,Sleeping Dog,1
CUST03089,18,Male,East,Bachelor,Upper-Mid,24,1,58.02,3.0,0,8,56,4.0,Two Year,1,2,0,None,Sleeping Dog,0
CUST02488,39,Female,South,High School,High,10,3,290.33,15.0,2,3,8,1.0,One Year,0,1,0,None,Sure Thing,1
CUST01020,45,Male,South,High School,Upper-Mid,7,2,151.74,5.0,2,7,41,4.0,Two Year,0,1,0,None,Persuadable,0
CUST00092,51,Female,South,Master,Upper-Mid,5,2,170.31,,1,14,2,4.0,Month-to-Month,1,0,0,None,Sleeping Dog,0
CUST01113,50,Male,Central,Bachelor,Mid,60,2,51.35,15.0,0,3,3,5.0,One Year,1,2,1,Free Upgrade,Persuadable,0
CUST03295,25,Female,West,PhD,Lower-Mid,51,3,84.45,0.0,3,6,10,4.0,Month-to-Month,1,0,1,Discount,Lost Cause,0
CUST00909,47,Female,North,Bachelor,Low,5,3,57.26,5.0,0,5,6,3.0,Month-to-Month,1,1,0,None,Persuadable,1
CUST01475,30,Male,North,Bachelor,Lower-Mid,21,1,48.15,0.0,3,1,2,4.0,One Year,1,0,1,Discount,Sure Thing,0
CUST01742,37,Male,North,Bachelor,Lower-Mid,1,2,46.73,0.0,0,3,7,2.0,One Year,1,2,1,Discount,Sure Thing,0
CUST02151,37,Male,West,Master,Upper-Mid,11,1,156.01,0.0,2,8,7,4.0,One Year,0,1,0,None,Sleeping Dog,0
CUST00239,32,Male,West,,High,6,3,266.92,0.0,6,10,8,3.0,One Year,1,1,0,None,Lost Cause,0
CUST03248,31,Male,East,,Lower-Mid,1,2,100.05,3.0,0,7,23,2.0,Two Year,0,0,0,None,Sleeping Dog,1
CUST00943,47,Female,South,Bachelor,Low,9,2,50.12,2.0,0,8,33,,Month-to-Month,0,1,1,Discount,Persuadable,0
CUST01271,53,Female,East,High School,High,13,1,116.62,5.0,0,6,46,3.0,One Year,0,1,0,None,Persuadable,1
CUST00939,42,Male,Central,,Mid,34,2,60.04,7.0,0,17,1,4.0,Two Year,0,1,1,Free Upgrade,Lost Cause,0
CUST01425,27,Male,East,Diploma,Mid,37,2,156.54,5.0,1,8,2,3.0,Month-to-Month,1,1,0,None,Sleeping Dog,0
CUST01863,49,Female,South,Diploma,Low,53,3,88.65,1.0,2,11,9,3.0,One Year,0,3,1,Discount,Persuadable,0
CUST01670,46,Male,West,Bachelor,Mid,3,2,67.79,10.0,3,2,61,3.0,Month-to-Month,0,1,0,None,Sure Thing,1
CUST00006,37,Female,West,Bachelor,Lower-Mid,4,3,53.68,3.0,3,3,17,5.0,One Year,1,0,0,None,Sure Thing,0
CUST00248,32,Male,Central,Diploma,Mid,2,2,82.0,10.0,1,5,31,1.0,One Year,0,0,1,Discount,Persuadable,1
CUST03014,23,Male,Central,PhD,Lower-Mid,13,3,42.48,3.0,1,9,3,1.0,Month-to-Month,1,1,1,Loyalty Bonus,Persuadable,1
CUST00019,29,Female,Central,PhD,Mid,57,2,23.61,5.0,4,10,7,3.0,Month-to-Month,1,0,0,None,Lost Cause,1
CUST02170,45,Male,South,High School,Upper-Mid,33,2,147.12,7.0,2,9,38,1.0,One Year,0,1,1,Discount,Sleeping Dog,1
CUST01971,47,Male,Central,Bachelor,Mid,70,2,79.58,,3,4,15,4.0,One Year,1,1,1,Personal Outreach,Persuadable,0
CUST02710,58,Female,North,Bachelor,Upper-Mid,32,3,32.85,0.0,1,10,52,4.0,Month-to-Month,0,1,1,Free Upgrade,Persuadable,0
CUST02233,18,Male,East,Master,Upper-Mid,27,4,22.01,7.0,1,8,1,1.0,One Year,1,0,0,None,Persuadable,0
CUST02323,45,Other,Central,High School,Upper-Mid,51,4,80.97,2.0,2,9,15,5.0,Two Year,0,1,0,None,Persuadable,0
CUST02482,60,Female,North,,Mid,35,2,49.22,5.0,1,8,2,5.0,One Year,1,0,1,Discount,Persuadable,0
CUST00812,34,Female,North,High School,Low,1,1,35.02,0.0,1,7,25,4.0,Month-to-Month,0,2,0,None,Sure Thing,1
CUST01301,31,Female,North,Diploma,Low,21,2,55.4,,0,6,11,3.0,Month-to-Month,1,1,0,None,Persuadable,1
CUST01336,35,Female,East,Bachelor,Upper-Mid,73,1,25.93,0.0,1,7,23,2.0,Month-to-Month,0,3,0,None,Persuadable,1
CUST03406,18,Male,North,Bachelor,Mid,49,3,294.43,,2,15,20,3.0,Month-to-Month,0,1,0,None,Persuadable,1
CUST00261,28,Female,West,Bachelor,Upper-Mid,55,1,40.82,10.0,2,6,7,,Month-to-Month,0,0,1,Loyalty Bonus,Lost Cause,1
CUST01805,18,Female,North,Diploma,Mid,9,2,70.25,0.0,2,13,30,1.0,Month-to-Month,1,0,1,Personal Outreach,Sure Thing,1
CUST01571,49,Female,North,PhD,Mid,90,4,89.19,7.0,0,8,81,5.0,One Year,1,0,0,None,Sure Thing,0
CUST02230,52,Female,North,Master,High,52,1,74.9,30.0,2,12,5,3.0,One Year,0,1,0,None,Sleeping Dog,0
CUST00185,37,Female,South,Bachelor,Mid,26,3,62.98,,1,11,1,4.0,Month-to-Month,1,1,1,Personal Outreach,Sure Thing,0
CUST02455,48,Male,Central,Master,Upper-Mid,50,3,78.01,0.0,1,6,13,1.0,One Year,1,1,0,None,Sleeping Dog,1
CUST01744,53,Male,South,Bachelor,Mid,5,1,91.56,0.0,0,10,1,5.0,Month-to-Month,0,1,0,None,Persuadable,1
CUST02914,49,Female,North,Bachelor,Upper-Mid,22,1,19.97,10.0,2,13,32,5.0,Month-to-Month,0,0,1,Free Upgrade,Sleeping Dog,1
CUST01631,45,Male,East,Bachelor,Mid,9,4,96.04,3.0,2,13,1,,Month-to-Month,0,1,1,Loyalty Bonus,Sleeping Dog,1
CUST01717,43,Male,South,High School,Mid,7,2,28.36,30.0,2,9,11,3.0,One Year,1,2,0,None,Sleeping Dog,1
CUST00521,19,Male,West,Bachelor,Upper-Mid,15,1,101.2,30.0,3,3,27,4.0,Month-to-Month,1,1,1,Loyalty Bonus,Persuadable,1
CUST03052,31,Female,North,Master,Upper-Mid,1,1,57.99,0.0,0,8,27,3.0,Two Year,0,0,0,None,Sleeping Dog,0
CUST02429,53,Female,North,Bachelor,Upper-Mid,5,2,48.72,1.0,0,8,51,3.0,Month-to-Month,1,3,0,None,Sure Thing,0
CUST02017,36,Male,South,Master,Mid,29,2,39.89,0.0,2,7,25,1.0,Month-to-Month,0,1,0,None,Persuadable,1
CUST01659,27,Male,South,,Upper-Mid,27,2,198.14,10.0,1,7,11,4.0,Month-to-Month,0,0,0,None,Persuadable,1
CUST01613,50,Female,East,PhD,Mid,20,4,66.05,0.0,3,3,80,5.0,Month-to-Month,1,0,1,Loyalty Bonus,Sleeping Dog,0
CUST02476,48,Other,West,High School,Lower-Mid,120,1,78.64,0.0,0,10,2,5.0,Month-to-Month,1,0,0,None,Sure Thing,0
CUST02127,25,Male,East,Bachelor,Upper-Mid,21,2,72.55,1.0,0,7,12,1.0,Month-to-Month,1,0,0,None,Sure Thing,1
CUST03058,42,Female,East,High School,Mid,84,1,169.03,10.0,1,7,18,5.0,Month-to-Month,0,3,0,None,Sleeping Dog,1
CUST01449,54,Male,East,High School,Upper-Mid,25,3,74.25,0.0,1,11,21,4.0,Month-to-Month,1,1,1,Loyalty Bonus,Persuadable,0
CUST00608,25,Female,West,Bachelor,Upper-Mid,19,3,76.91,0.0,0,6,43,2.0,One Year,1,1,1,Discount,Sure Thing,0
CUST00231,31,Male,North,Bachelor,Low,26,1,123.3,30.0,4,10,127,1.0,Month-to-Month,1,0,0,None,Sleeping Dog,1
CUST03141,50,Female,South,PhD,Mid,17,4,140.81,2.0,1,10,6,4.0,Two Year,0,3,0,None,Sure Thing,0
CUST00332,29,Male,South,High School,Mid,11,3,24.68,1.0,1,7,21,4.0,Month-to-Month,1,0,1,Personal Outreach,Sure Thing,0
CUST03106,44,Male,West,Bachelor,Upper-Mid,18,2,41.48,0.0,0,11,17,,One Year,1,2,1,Discount,Sure Thing,0
CUST01441,47,Female,West,Bachelor,Lower-Mid,4,1,53.12,15.0,1,4,18,4.0,Month-to-Month,0,0,0,None,Persuadable,1
CUST01928,36,Male,West,,Mid,120,1,79.92,5.0,0,5,1,3.0,One Year,1,2,0,None,Sleeping Dog,0
CUST01092,39,Male,North,High School,Upper-Mid,9,2,30.62,0.0,2,15,19,2.0,Two Year,0,0,1,Discount,Sure Thing,0
CUST01102,18,Female,Central,Bachelor,Upper-Mid,38,2,22.51,0.0,0,8,82,5.0,Month-to-Month,1,0,1,Loyalty Bonus,Sleeping Dog,0
CUST01130,43,Male,East,Master,Upper-Mid,62,1,76.1,7.0,3,8,11,3.0,One Year,1,0,1,Discount,Sleeping Dog,0
CUST00462,40,Male,East,Master,Upper-Mid,24,1,189.75,0.0,1,12,11,1.0,Month-to-Month,1,0,0,None,Sleeping Dog,1
CUST00959,46,Female,North,Master,Lower-Mid,120,3,83.58,15.0,1,7,64,4.0,Month-to-Month,1,0,1,Personal Outreach,Sure Thing,1
CUST01663,18,Male,South,Diploma,Mid,82,1,28.57,0.0,0,9,1,4.0,One Year,1,1,0,None,Lost Cause,0
CUST00560,34,Female,Central,,Upper-Mid,1,2,56.57,0.0,3,12,37,5.0,One Year,1,0,0,None,Sure Thing,0
CUST02895,46,Male,South,High School,Lower-Mid,14,1,91.69,1.0,3,10,22,5.0,Two Year,0,0,1,Loyalty Bonus,Sleeping Dog,0
CUST02739,58,Male,North,Master,Mid,120,1,169.25,0.0,2,7,7,5.0,Month-to-Month,1,2,1,Discount,Persuadable,0
CUST03304,27,Male,South,Bachelor,Lower-Mid,3,1,58.8,1.0,1,10,42,5.0,Two Year,0,0,0,None,Persuadable,0
CUST01520,62,Female,South,Bachelor,High,120,1,59.42,10.0,3,8,11,2.0,Month-to-Month,1,0,1,Personal Outreach,Lost Cause,1
CUST02141,41,Female,North,Diploma,Low,42,1,49.86,3.0,2,9,13,2.0,Month-to-Month,0,1,0,None,Sure Thing,1
CUST03404,38,Female,South,Diploma,Mid,18,4,132.01,30.0,1,5,11,3.0,One Year,1,1,0,None,Sure Thing,0
CUST02033,45,Female,West,Diploma,Upper-Mid,18,2,177.57,30.0,1,7,15,4.0,One Year,1,1,0,None,Sleeping Dog,0
CUST02485,33,Female,North,High School,High,79,4,26.08,1.0,2,6,11,4.0,Month-to-Month,0,1,0,None,Sure Thing,1
CUST02539,25,Female,West,Master,Lower-Mid,9,3,52.47,3.0,3,6,3,4.0,Month-to-Month,1,1,0,None,Sleeping Dog,1
CUST01492,70,Female,Central,Bachelor,Mid,8,2,114.93,15.0,1,4,11,4.0,One Year,1,1,1,Free Upgrade,Sure Thing,0
CUST02098,27,Male,Central,Diploma,Upper-Mid,6,2,131.17,7.0,2,8,15,2.0,One Year,1,2,0,None,Sure Thing,1
CUST03341,48,Male,South,Diploma,Low,115,1,40.81,30.0,0,8,1,5.0,Month-to-Month,0,0,0,None,Persuadable,0
CUST00070,32,Male,South,Master,Lower-Mid,41,2,58.68,0.0,0,6,1,4.0,Two Year,0,0,1,Loyalty Bonus,Sure Thing,0
CUST01573,43,Female,South,High School,Lower-Mid,34,2,88.57,1.0,2,8,4,3.0,Month-to-Month,1,1,1,Free Upgrade,Persuadable,0
CUST00809,55,Female,East,High School,,120,2,57.25,0.0,2,12,2,4.0,Two Year,1,0,1,Loyalty Bonus,Sleeping Dog,0
CUST03233,27,Female,East,Bachelor,Lower-Mid,6,4,182.29,30.0,3,8,17,3.0,Two Year,0,1,0,None,Sure Thing,0
CUST00012,34,Female,West,Bachelor,Mid,16,2,129.71,1.0,0,6,5,3.0,Two Year,1,1,0,None,Lost Cause,0
CUST02026,42,Female,East,,Upper-Mid,3,1,47.76,0.0,2,8,1,3.0,One Year,1,3,0,None,Persuadable,1
CUST02193,64,Female,East,Master,Mid,83,2,58.65,10.0,3,5,9,5.0,Two Year,1,1,1,Discount,Sleeping Dog,0
CUST00918,42,Female,West,Diploma,High,14,2,103.87,1.0,0,8,5,2.0,Month-to-Month,1,1,0,None,Sleeping Dog,1
CUST01452,60,Female,South,Diploma,Upper-Mid,38,4,75.75,5.0,2,6,1,2.0,One Year,1,0,0,None,Sleeping Dog,0
CUST02688,21,Female,Central,Bachelor,High,44,3,71.58,0.0,5,11,16,4.0,One Year,0,2,1,Loyalty Bonus,Persuadable,0
CUST00177,40,Male,Central,Diploma,High,25,2,107.72,30.0,0,6,35,4.0,Month-to-Month,0,0,0,None,Lost Cause,1
CUST00995,27,Female,South,PhD,Low,78,2,63.39,3.0,0,11,3,4.0,Month-to-Month,1,2,1,Loyalty Bonus,Sleeping Dog,0
CUST02489,40,Female,West,Bachelor,Mid,71,2,49.72,3.0,0,5,43,5.0,One Year,0,0,1,Free Upgrade,Sure Thing,0
CUST02570,37,Male,East,Master,Upper-Mid,22,1,110.79,0.0,2,6,46,1.0,One Year,1,0,1,Discount,Persuadable,0
CUST00958,45,Female,East,Master,,26,1,48.74,1.0,1,11,53,5.0,One Year,0,0,0,None,Sleeping Dog,0
CUST03053,36,Female,Central,Diploma,Upper-Mid,37,3,81.6,1.0,0,10,1,5.0,One Year,1,2,0,None,Sleeping Dog,0
CUST01256,25,Male,North,Bachelor,Low,1,1,100.15,1.0,3,11,34,2.0,One Year,1,0,0,None,Persuadable,1
CUST03283,18,Male,East,High School,Low,16,1,216.68,0.0,1,6,50,5.0,Two Year,0,0,1,Free Upgrade,Sleeping Dog,0
CUST01665,55,Male,North,Diploma,Mid,66,2,270.88,1.0,1,11,6,3.0,Two Year,1,0,0,None,Sure Thing,0
CUST02192,45,Female,Central,High School,Lower-Mid,83,1,27.32,0.0,2,8,29,5.0,Month-to-Month,1,1,1,Loyalty Bonus,Sleeping Dog,1
CUST02802,72,Female,East,Diploma,,1,2,71.47,0.0,1,5,6,4.0,Month-to-Month,1,3,0,None,Lost Cause,1
CUST02568,47,Female,South,,Low,2,3,67.47,,1,13,15,3.0,Month-to-Month,1,2,1,Free Upgrade,Sleeping Dog,0
CUST01703,47,Female,East,Master,Lower-Mid,155,1,144.62,30.0,0,8,26,3.0,Month-to-Month,1,1,0,None,Sure Thing,1
CUST02871,32,Female,South,High School,Lower-Mid,3,2,84.72,3.0,1,9,12,2.0,Month-to-Month,0,2,1,Free Upgrade,Sure Thing,1
CUST01791,18,Male,West,Bachelor,Low,7,1,52.84,15.0,0,5,7,3.0,Two Year,1,0,0,None,Lost Cause,1
CUST02477,37,Male,South,Bachelor,Lower-Mid,37,3,159.62,1.0,1,15,30,4.0,Month-to-Month,0,0,1,Loyalty Bonus,Sure Thing,0
CUST02661,25,Female,East,Bachelor,Lower-Mid,42,2,32.26,0.0,0,11,4,5.0,Two Year,0,1,0,None,Sleeping Dog,0
CUST03081,54,Male,West,Bachelor,Mid,6,3,99.66,30.0,0,16,37,3.0,Month-to-Month,0,0,0,None,Sleeping Dog,1
CUST00157,62,Female,East,Diploma,Mid,12,2,60.09,15.0,1,8,36,3.0,One Year,1,2,1,Discount,Persuadable,1
CUST02588,37,Female,East,Diploma,,7,3,53.03,1.0,1,5,32,4.0,Month-to-Month,1,1,1,Discount,Persuadable,0
CUST01461,38,Female,North,Bachelor,Mid,8,2,76.76,3.0,3,8,22,5.0,Month-to-Month,1,1,1,Loyalty Bonus,Sure Thing,0
CUST02047,40,Female,South,Bachelor,High,54,2,39.56,2.0,3,11,18,5.0,Two Year,0,1,1,Discount,Sure Thing,0
CUST01851,32,Female,North,Master,Mid,62,2,37.92,,1,10,4,4.0,Month-to-Month,1,0,1,Discount,Persuadable,0
CUST02510,24,Female,West,Master,Low,8,3,69.63,15.0,0,8,6,3.0,Two Year,1,2,1,Discount,Lost Cause,0
CUST02625,44,Female,North,,Mid,16,2,65.19,7.0,1,8,46,3.0,One Year,1,0,1,Loyalty Bonus,Sleeping Dog,0
CUST02304,43,Female,South,Master,High,6,2,88.63,,0,9,23,4.0,Two Year,1,3,0,None,Persuadable,0
CUST03028,45,Male,South,High School,Mid,23,3,77.65,0.0,2,9,16,3.0,Two Year,0,0,0,None,Sure Thing,0
CUST02006,42,Male,North,Bachelor,Low,8,4,77.69,10.0,0,7,38,2.0,One Year,0,1,1,Discount,Sleeping Dog,0
CUST01186,51,Female,East,Master,Upper-Mid,20,1,35.96,0.0,1,9,2,2.0,Two Year,1,1,0,None,Sleeping Dog,0
CUST01007,50,Male,Central,Master,Mid,4,1,96.19,2.0,2,11,46,4.0,Month-to-Month,1,1,1,Loyalty Bonus,Persuadable,0
CUST00561,43,Male,Central,Master,Mid,7,3,50.99,15.0,1,11,17,4.0,Month-to-Month,0,0,1,Free Upgrade,Lost Cause,1
CUST02257,50,Female,North,Master,Mid,52,2,115.39,0.0,2,9,36,2.0,One Year,0,0,1,Discount,Sleeping Dog,1
CUST00911,36,Male,Central,High School,Upper-Mid,6,3,57.08,5.0,0,4,46,,Two Year,1,0,1,Loyalty Bonus,Sure Thing,1
CUST01312,49,Other,East,Master,Upper-Mid,34,2,94.47,0.0,1,6,3,1.0,Two Year,1,2,1,Discount,Lost Cause,1
CUST02050,41,Male,East,,Low,10,1,176.07,10.0,2,8,8,3.0,Two Year,0,0,0,None,Sure Thing,0
CUST00270,41,Male,South,Bachelor,Mid,13,1,31.91,0.0,3,7,2,3.0,One Year,1,1,0,None,Sure Thing,0
CUST01994,48,Female,Central,Diploma,Upper-Mid,1,3,49.63,30.0,1,12,11,4.0,One Year,0,1,1,Personal Outreach,Sure Thing,0
CUST00266,25,Male,South,,Mid,52,1,32.91,0.0,4,9,4,,Month-to-Month,0,0,0,None,Persuadable,0
CUST00915,38,Female,Central,Bachelor,Lower-Mid,1,2,49.74,30.0,1,6,3,5.0,Two Year,0,4,1,Free Upgrade,Lost Cause,0
CUST02279,47,Female,Central,High School,Upper-Mid,2,3,75.01,30.0,1,7,6,1.0,Month-to-Month,0,0,1,Loyalty Bonus,Lost Cause,1
CUST02232,49,Female,South,Diploma,High,17,3,140.56,0.0,1,17,9,5.0,Month-to-Month,1,1,1,Loyalty Bonus,Persuadable,0
CUST03168,41,Female,South,Diploma,Low,2,1,181.26,5.0,3,7,15,,Month-to-Month,1,0,0,None,Persuadable,1
CUST03499,37,Male,West,High School,Upper-Mid,40,3,29.35,0.0,0,9,1,2.0,One Year,0,0,1,Personal Outreach,Sleeping Dog,1
CUST02913,31,Female,Central,High School,Mid,51,1,51.95,3.0,4,4,23,3.0,Month-to-Month,1,0,0,None,Persuadable,1
CUST03115,44,Female,North,Diploma,Low,23,2,77.69,1.0,0,8,3,3.0,Month-to-Month,0,0,1,Loyalty Bonus,Persuadable,0
CUST00874,31,Female,North,,Lower-Mid,25,3,46.74,15.0,2,7,39,3.0,One Year,0,0,1,Free Upgrade,Sleeping Dog,1
CUST02094,26,Female,West,High School,Lower-Mid,19,4,32.47,5.0,0,8,19,2.0,Month-to-Month,0,1,0,None,Persuadable,0
CUST02447,43,Male,South,Bachelor,Lower-Mid,40,2,196.12,15.0,3,10,12,3.0,Month-to-Month,1,0,0,None,Lost Cause,1
CUST00476,37,Female,Central,Bachelor,Mid,23,1,52.14,0.0,0,10,4,4.0,Month-to-Month,1,1,1,Loyalty Bonus,Lost Cause,0
CUST01653,42,Female,South,Bachelor,Low,19,3,37.67,10.0,1,3,16,1.0,Month-to-Month,0,1,1,Free Upgrade,Persuadable,1
CUST01961,39,Male,West,Bachelor,,3,2,41.02,5.0,0,9,10,4.0,One Year,1,1,0,None,Sleeping Dog,0
CUST00046,31,Male,North,Bachelor,Lower-Mid,120,2,41.45,3.0,0,6,9,1.0,Month-to-Month,1,2,0,None,Persuadable,0
CUST00162,49,Male,North,High School,Mid,1,2,28.8,5.0,1,4,7,5.0,Month-to-Month,1,3,0,None,Sure Thing,1
CUST03040,37,Male,East,Bachelor,Lower-Mid,19,1,50.89,0.0,1,6,4,4.0,One Year,0,1,0,None,Sleeping Dog,1
CUST02776,36,Male,South,PhD,Upper-Mid,24,1,76.09,10.0,1,10,21,4.0,Month-to-Month,1,2,1,Personal Outreach,Sure Thing,1
CUST02678,21,Male,South,Bachelor,Mid,2,2,29.45,1.0,1,6,11,3.0,Month-to-Month,1,0,0,None,Sure Thing,1
CUST00289,43,Male,South,Bachelor,Low,1,1,93.34,15.0,0,7,28,5.0,One Year,1,2,0,None,Sleeping Dog,0
CUST03108,46,Other,West,Diploma,Low,3,1,152.35,0.0,3,10,1,4.0,One Year,1,0,0,None,Sure Thing,1
CUST03486,33,Female,South,Master,Low,45,4,45.76,5.0,0,7,39,2.0,Month-to-Month,1,2,1,Free Upgrade,Sleeping Dog,0
CUST01949,53,Male,North,Bachelor,Mid,27,1,56.21,10.0,1,11,16,3.0,Month-to-Month,1,1,1,Free Upgrade,Sleeping Dog,1
CUST00576,18,Female,West,Diploma,Upper-Mid,35,1,212.68,7.0,1,9,37,2.0,One Year,1,3,0,None,Persuadable,0
CUST00851,32,Other,East,Master,Lower-Mid,28,2,27.41,0.0,2,2,69,,Two Year,1,0,1,Free Upgrade,Sleeping Dog,0
CUST00912,42,Male,West,Master,Upper-Mid,24,1,170.44,0.0,1,7,18,5.0,One Year,0,3,0,None,Persuadable,0
CUST01255,54,Male,Central,Bachelor,Mid,1,2,59.7,3.0,2,4,45,4.0,One Year,0,1,0,None,Lost Cause,1
CUST01834,43,Female,North,Master,Mid,11,1,44.88,30.0,3,4,40,4.0,Two Year,1,1,0,None,Sleeping Dog,1
CUST01723,48,Male,West,Master,Lower-Mid,8,3,48.02,2.0,2,7,23,3.0,Month-to-Month,1,0,1,Personal Outreach,Lost Cause,1
CUST02134,47,Male,Central,Master,Upper-Mid,10,2,53.14,,2,8,2,3.0,One Year,0,0,1,Free Upgrade,Persuadable,0
CUST01736,20,Female,West,Bachelor,Lower-Mid,2,3,35.61,7.0,3,8,18,3.0,Month-to-Month,1,2,1,Free Upgrade,Lost Cause,1
CUST00933,22,Female,West,Diploma,Upper-Mid,41,3,114.45,3.0,3,11,26,5.0,One Year,0,1,0,None,Lost Cause,0
CUST01101,51,Male,North,Bachelor,Mid,18,3,70.48,2.0,3,10,11,4.0,Month-to-Month,0,1,0,None,Persuadable,1
CUST01208,32,Male,East,PhD,High,18,3,67.4,30.0,0,8,9,2.0,Month-to-Month,1,1,1,Free Upgrade,Sure Thing,1
CUST02296,46,Male,South,,Mid,19,1,57.04,0.0,4,6,13,3.0,Month-to-Month,0,0,0,None,Persuadable,1
CUST01844,41,Male,East,Master,Lower-Mid,1,2,111.62,30.0,0,7,2,5.0,Two Year,0,1,1,Personal Outreach,Lost Cause,0
CUST01849,51,Male,East,Bachelor,Mid,6,1,25.45,30.0,0,10,21,4.0,One Year,0,0,0,None,Persuadable,1
CUST02525,51,Female,East,Diploma,Low,54,2,154.91,1.0,0,13,2,3.0,Month-to-Month,1,0,1,Free Upgrade,Sure Thing,0
CUST01695,41,Male,North,Bachelor,Low,10,2,107.42,5.0,1,9,41,2.0,Two Year,1,1,0,None,Persuadable,0
CUST00086,33,Female,Central,High School,Upper-Mid,11,2,193.36,0.0,1,9,11,1.0,Month-to-Month,1,1,1,Discount,Persuadable,0
CUST00470,33,Male,North,Master,Lower-Mid,16,1,69.06,0.0,2,7,24,4.0,Month-to-Month,1,0,0,None,Sure Thing,1
CUST02274,40,Female,East,Master,Upper-Mid,64,2,57.03,2.0,1,10,20,3.0,One Year,0,1,1,Personal Outreach,Sleeping Dog,0
CUST02823,39,Female,South,High School,Low,20,1,42.38,15.0,0,8,1,5.0,Two Year,1,0,1,Discount,Lost Cause,0
CUST02380,43,Male,East,Diploma,Upper-Mid,32,1,52.95,0.0,0,8,8,4.0,Month-to-Month,1,2,0,None,Sure Thing,0
CUST00234,32,Female,North,High School,Upper-Mid,95,2,75.78,3.0,4,13,25,2.0,Two Year,1,0,0,None,Sleeping Dog,0
CUST02637,42,Female,South,Diploma,,1,1,46.7,,2,7,9,5.0,Month-to-Month,0,1,1,Personal Outreach,Persuadable,0
CUST02524,36,Female,East,Bachelor,Mid,11,2,146.63,15.0,2,10,8,4.0,Month-to-Month,0,0,0,None,Sleeping Dog,1
CUST03333,59,Male,Central,High School,Low,14,1,91.04,3.0,3,5,1,4.0,One Year,0,0,0,None,Lost Cause,1
CUST03468,41,Female,East,Diploma,Mid,16,2,71.51,5.0,0,11,100,1.0,Month-to-Month,1,2,0,None,Lost Cause,1
CUST02648,23,Male,East,Diploma,Upper-Mid,72,3,87.71,,1,8,18,3.0,Month-to-Month,0,0,1,Free Upgrade,Sure Thing,1
CUST02470,37,Male,North,Bachelor,Upper-Mid,76,4,34.43,5.0,1,8,14,3.0,Two Year,1,0,0,None,Persuadable,0
CUST01712,38,Male,East,Bachelor,Mid,7,1,86.54,5.0,0,7,59,2.0,Month-to-Month,0,1,1,Discount,Sleeping Dog,1
CUST00183,27,Male,North,Master,Low,13,4,47.07,7.0,2,6,30,4.0,Month-to-Month,1,0,1,Loyalty Bonus,Lost Cause,0
CUST00989,37,Male,North,Bachelor,Low,19,1,144.13,3.0,2,5,1,4.0,One Year,1,0,1,Free Upgrade,Sleeping Dog,1
CUST01001,56,Male,North,Bachelor,Mid,16,1,64.63,5.0,1,5,12,4.0,One Year,1,1,1,Personal Outreach,Sleeping Dog,0
CUST01642,56,Female,West,Bachelor,Upper-Mid,14,2,92.14,3.0,4,10,10,5.0,Month-to-Month,1,1,0,None,Sure Thing,1
CUST01357,33,Female,East,Master,Upper-Mid,19,2,72.81,0.0,1,5,1,3.0,Month-to-Month,1,1,1,Loyalty Bonus,Lost Cause,1
CUST01463,37,Female,East,Master,Low,69,2,122.41,15.0,1,5,1,4.0,Month-to-Month,0,0,0,None,Sure Thing,0
CUST00050,18,Female,West,Bachelor,Mid,17,3,126.01,0.0,1,10,16,3.0,One Year,1,1,1,Loyalty Bonus,Sleeping Dog,0
CUST03411,31,Female,Central,Bachelor,Upper-Mid,15,2,76.6,15.0,1,10,1,3.0,One Year,0,0,1,Personal Outreach,Sure Thing,1
CUST03078,46,Male,South,Diploma,Upper-Mid,13,1,17.19,5.0,4,9,25,3.0,Month-to-Month,0,2,0,None,Sleeping Dog,1
CUST02578,51,Male,East,Master,Mid,2,1,58.84,0.0,0,5,1,3.0,One Year,1,1,0,None,Sleeping Dog,1
CUST01259,31,Female,Central,Bachelor,High,35,1,36.62,0.0,3,13,11,2.0,One Year,1,0,1,Discount,Sleeping Dog,1
CUST00487,32,Female,South,High School,Lower-Mid,32,2,31.04,10.0,1,8,4,4.0,Two Year,1,1,1,Discount,Sure Thing,0
CUST03483,35,Male,West,Bachelor,Upper-Mid,38,2,51.24,3.0,0,9,14,2.0,One Year,1,0,0,None,Sure Thing,0
CUST02546,45,Female,West,Master,Upper-Mid,45,1,69.61,10.0,0,4,13,4.0,Two Year,1,0,1,Free Upgrade,Sleeping Dog,0
CUST01909,25,Male,North,Bachelor,Mid,57,1,75.53,1.0,2,9,14,3.0,One Year,0,1,0,None,Sleeping Dog,0
CUST00107,62,Male,North,Master,Lower-Mid,19,2,151.63,5.0,1,9,25,3.0,One Year,1,0,0,None,Sleeping Dog,0
CUST00444,38,Female,East,Master,Lower-Mid,2,3,75.3,3.0,2,8,1,2.0,Two Year,0,0,1,Free Upgrade,Sure Thing,1
CUST01955,32,Male,West,High School,Mid,11,3,29.53,0.0,0,12,1,1.0,One Year,1,3,0,None,Sleeping Dog,0
CUST00647,18,Female,Central,High School,Lower-Mid,6,1,69.51,,1,8,23,4.0,Month-to-Month,1,0,1,Discount,Persuadable,1
CUST03085,37,Male,West,Master,Mid,1,1,249.36,0.0,2,7,5,4.0,One Year,0,1,1,Loyalty Bonus,Sure Thing,0
CUST01763,40,Male,East,Diploma,Upper-Mid,44,3,23.71,0.0,2,7,8,,One Year,0,2,0,None,Lost Cause,0
CUST00727,40,Male,North,Bachelor,Mid,22,2,173.35,2.0,0,14,33,3.0,Month-to-Month,0,0,1,Discount,Sleeping Dog,1
CUST02239,35,Male,North,PhD,Low,52,2,36.45,0.0,2,7,29,4.0,Month-to-Month,1,1,0,None,Sleeping Dog,1
CUST01857,56,Female,North,Bachelor,High,20,2,172.87,10.0,0,11,13,3.0,Month-to-Month,1,1,1,Discount,Sleeping Dog,1
CUST02331,36,Other,East,High School,Lower-Mid,75,4,33.13,0.0,1,11,22,4.0,Month-to-Month,1,0,0,None,Sleeping Dog,0
CUST00030,36,Male,North,High School,Upper-Mid,46,4,110.24,30.0,0,11,27,3.0,Month-to-Month,1,0,1,Loyalty Bonus,Sure Thing,0
CUST00170,30,Female,East,Master,Upper-Mid,28,1,40.7,3.0,0,11,53,5.0,One Year,0,1,0,None,Sleeping Dog,0
CUST01002,51,Female,Central,Diploma,Lower-Mid,1,3,55.42,0.0,0,7,14,4.0,Month-to-Month,1,1,1,Free Upgrade,Lost Cause,0
CUST03253,47,Male,South,PhD,Lower-Mid,29,1,32.39,0.0,2,8,92,4.0,One Year,0,2,1,Loyalty Bonus,Sleeping Dog,1
CUST02149,38,Female,North,Diploma,Mid,16,4,48.27,30.0,1,9,10,3.0,One Year,1,0,1,Discount,Sure Thing,1
CUST00198,41,Female,South,Master,Low,35,1,41.61,5.0,0,11,19,4.0,One Year,0,0,1,Discount,Persuadable,0
CUST00496,46,Male,East,Bachelor,High,71,2,72.77,2.0,2,8,18,4.0,Two Year,0,1,1,Discount,Sure Thing,0
CUST02027,61,Female,East,Bachelor,Upper-Mid,12,2,157.69,0.0,0,10,8,5.0,Month-to-Month,1,0,0,None,Persuadable,0
CUST00648,39,Male,South,Diploma,Mid,49,3,75.59,15.0,1,13,64,4.0,One Year,1,0,0,None,Sleeping Dog,0
CUST03036,45,Male,Central,PhD,Mid,1,1,164.3,7.0,2,8,6,3.0,Month-to-Month,0,1,0,None,Sleeping Dog,0
CUST00045,22,Male,North,Bachelor,Lower-Mid,14,1,68.91,30.0,2,8,4,2.0,Month-to-Month,1,2,1,Loyalty Bonus,Sure Thing,1
CUST02759,26,Female,Central,High School,Low,46,2,250.41,5.0,3,10,8,4.0,Month-to-Month,0,0,0,None,Sleeping Dog,0
CUST00374,51,Female,East,High School,Low,47,2,66.67,15.0,1,10,9,,Month-to-Month,1,1,1,Free Upgrade,Sure Thing,1
CUST00679,51,Male,South,PhD,Upper-Mid,12,2,42.87,7.0,0,7,6,3.0,Month-to-Month,0,0,0,None,Sleeping Dog,0
CUST00567,18,Female,South,Diploma,Mid,1,1,47.36,7.0,0,5,5,5.0,One Year,0,0,0,None,Sure Thing,1
CUST02896,75,Female,North,High School,Lower-Mid,7,2,59.76,0.0,1,16,3,5.0,One Year,1,0,1,Discount,Persuadable,0
CUST00461,63,Male,East,High School,Mid,29,3,141.79,,2,11,1,2.0,Month-to-Month,1,0,1,Free Upgrade,Lost Cause,1
CUST01933,34,Female,Central,Master,Lower-Mid,1,1,55.06,,1,6,166,3.0,Two Year,1,0,0,None,Sleeping Dog,0
CUST01156,52,Female,North,Bachelor,Mid,4,1,34.83,10.0,3,10,5,3.0,Two Year,1,1,1,Loyalty Bonus,Sleeping Dog,0
CUST00040,42,Male,North,High School,Mid,24,3,46.18,0.0,2,5,14,5.0,Month-to-Month,1,0,1,Free Upgrade,Lost Cause,0
CUST02483,63,Female,South,Master,Mid,22,4,107.94,2.0,2,6,17,5.0,Month-to-Month,1,0,0,None,Lost Cause,0
CUST00974,32,Female,Central,PhD,Lower-Mid,11,1,126.79,,1,7,25,2.0,Month-to-Month,1,1,0,None,Lost Cause,1
CUST03288,37,Female,Central,,Upper-Mid,40,3,91.51,15.0,3,7,2,3.0,Month-to-Month,0,2,0,None,Sleeping Dog,1
CUST03056,29,Male,East,Bachelor,,42,1,33.11,5.0,0,7,7,2.0,Month-to-Month,0,1,1,Discount,Sure Thing,1
CUST01787,36,Male,West,Master,Mid,27,1,25.63,15.0,2,8,33,3.0,One Year,1,0,0,None,Persuadable,1
CUST01499,52,Male,South,,Lower-Mid,44,2,101.39,15.0,0,13,7,4.0,Month-to-Month,1,0,1,Discount,Persuadable,0
CUST02505,26,Female,West,High School,Mid,47,1,56.81,7.0,0,8,3,4.0,Month-to-Month,0,0,0,None,Lost Cause,1
CUST01836,44,Female,South,Diploma,Upper-Mid,48,1,178.32,30.0,1,13,7,5.0,Two Year,0,3,1,Free Upgrade,Lost Cause,0
CUST02309,46,Male,South,High School,Mid,28,1,42.77,10.0,0,14,1,4.0,Two Year,0,0,0,None,Sure Thing,0
CUST01841,38,Male,East,Bachelor,Mid,8,2,84.59,0.0,1,8,6,5.0,Month-to-Month,1,1,1,Loyalty Bonus,Persuadable,0
CUST02084,18,Male,South,Diploma,Upper-Mid,19,1,49.27,3.0,2,4,8,5.0,Month-to-Month,0,0,1,Discount,Sure Thing,1
CUST00828,33,Male,Central,,Low,4,3,75.98,1.0,1,2,40,3.0,One Year,0,0,0,None,Sure Thing,1
CUST01936,21,Male,East,Diploma,High,15,3,67.86,0.0,2,5,15,5.0,One Year,1,2,1,Discount,Persuadable,0
CUST02045,30,Female,South,Bachelor,,52,1,56.27,5.0,3,11,12,5.0,Two Year,0,0,1,Personal Outreach,Sleeping Dog,0
CUST00310,37,Male,West,High School,Lower-Mid,64,1,23.27,0.0,1,4,17,5.0,Two Year,1,0,1,Free Upgrade,Sure Thing,0
CUST00277,42,Male,North,Bachelor,Upper-Mid,95,1,53.32,1.0,1,5,42,,Month-to-Month,0,1,0,None,Persuadable,1
CUST00637,49,Male,South,High School,Upper-Mid,11,2,78.29,5.0,1,11,6,5.0,One Year,0,0,1,Free Upgrade,Sleeping Dog,0
CUST00655,70,Male,Central,Diploma,Upper-Mid,1,2,142.47,30.0,3,6,1,3.0,One Year,0,1,1,Loyalty Bonus,Sleeping Dog,1
CUST00623,62,Female,West,High School,High,3,2,29.19,15.0,1,15,8,5.0,Month-to-Month,1,0,0,None,Persuadable,1
CUST01860,43,Female,East,Diploma,Low,4,3,62.57,3.0,0,7,47,2.0,Month-to-Month,1,1,0,None,Persuadable,1
CUST00845,41,Other,North,Bachelor,Low,15,1,37.79,2.0,0,7,11,1.0,Month-to-Month,1,0,1,Discount,Sleeping Dog,1
CUST00394,61,Female,East,High School,Mid,28,3,36.81,15.0,0,7,34,4.0,One Year,0,1,1,Loyalty Bonus,Persuadable,0
CUST02156,32,Male,North,Bachelor,Upper-Mid,55,2,76.92,3.0,4,8,2,2.0,Month-to-Month,1,0,0,None,Persuadable,1
CUST00350,37,Male,Central,Master,Upper-Mid,29,3,137.44,,2,6,10,,Month-to-Month,1,1,1,Free Upgrade,Persuadable,0
CUST02573,36,Male,West,Bachelor,Lower-Mid,1,3,37.93,15.0,2,12,29,2.0,Month-to-Month,1,0,1,Loyalty Bonus,Sleeping Dog,1
CUST00785,46,Male,South,High School,Mid,6,2,98.8,15.0,1,8,5,4.0,One Year,1,1,0,None,Sure Thing,1
CUST00048,52,Female,North,Bachelor,Mid,38,2,112.1,0.0,3,6,26,,Month-to-Month,1,1,0,None,Persuadable,0
CUST01979,30,Male,East,Master,Low,27,1,29.2,10.0,2,12,29,5.0,One Year,1,1,1,Loyalty Bonus,Sure Thing,1
CUST02252,58,Male,Central,PhD,High,10,2,79.71,10.0,1,8,11,4.0,Two Year,1,2,0,None,Sleeping Dog,0
CUST01656,36,Female,North,Bachelor,Upper-Mid,38,2,79.86,15.0,0,8,22,2.0,Month-to-Month,0,1,0,None,Sleeping Dog,1
CUST02070,51,Female,Central,Master,Upper-Mid,34,2,53.66,30.0,0,9,24,1.0,One Year,0,2,0,None,Persuadable,1
CUST00403,40,Male,East,High School,Mid,82,3,91.78,2.0,2,6,1,2.0,Two Year,0,0,1,Free Upgrade,Persuadable,0
CUST01108,27,Female,South,Diploma,Upper-Mid,6,3,32.51,5.0,1,8,2,1.0,Month-to-Month,1,0,0,None,Persuadable,1
CUST01155,59,Male,East,Master,Lower-Mid,39,2,210.39,10.0,3,10,1,3.0,One Year,0,2,1,Discount,Lost Cause,0
CUST01440,48,Male,South,Bachelor,Lower-Mid,5,2,35.49,3.0,1,9,10,2.0,Two Year,0,0,1,Personal Outreach,Lost Cause,0
CUST00525,30,Female,Central,PhD,Lower-Mid,28,2,113.1,1.0,2,10,2,3.0,Month-to-Month,1,1,0,None,Sure Thing,1
CUST02002,38,Male,West,Master,Lower-Mid,50,2,120.58,7.0,3,8,15,4.0,Two Year,1,1,1,Discount,Lost Cause,0
CUST00990,40,Female,East,Master,Upper-Mid,17,2,120.86,7.0,2,8,1,2.0,Month-to-Month,1,0,0,None,Persuadable,1
CUST01866,20,Male,North,Diploma,Upper-Mid,9,1,60.13,3.0,0,8,32,4.0,Two Year,0,1,0,None,Persuadable,0
CUST02790,42,Other,South,Bachelor,High,86,1,46.37,,3,7,22,5.0,One Year,1,1,0,None,Sure Thing,0
CUST01311,39,Female,East,High School,Mid,64,1,84.64,0.0,2,3,1,2.0,One Year,1,0,1,Loyalty Bonus,Lost Cause,0
CUST03196,18,Female,South,Master,Mid,36,4,155.84,5.0,0,8,10,4.0,Month-to-Month,1,2,1,Free Upgrade,Lost Cause,1
CUST00034,27,Female,Central,Master,Mid,7,2,60.52,3.0,1,6,8,4.0,Month-to-Month,0,0,1,Discount,Sleeping Dog,1
CUST00788,45,Male,South,Bachelor,Low,91,1,147.89,1.0,0,10,66,1.0,Month-to-Month,1,1,0,None,Persuadable,1
CUST02972,39,Other,South,Bachelor,Mid,37,1,65.55,1.0,0,6,8,4.0,Month-to-Month,1,0,1,Free Upgrade,Sure Thing,0
CUST01044,39,Male,South,High School,Lower-Mid,56,3,16.63,0.0,4,7,86,2.0,One Year,1,1,0,None,Sleeping Dog,1
CUST00482,28,Male,East,PhD,,46,2,187.79,0.0,0,11,7,5.0,Month-to-Month,1,0,0,None,Persuadable,0
CUST01244,27,Male,North,Diploma,Lower-Mid,85,2,93.2,1.0,2,11,3,3.0,Month-to-Month,1,0,1,Loyalty Bonus,Persuadable,0
CUST02628,48,Female,South,Bachelor,Low,13,2,35.14,5.0,2,7,14,4.0,One Year,0,1,1,Discount,Sure Thing,0
CUST02530,26,Male,South,Bachelor,Mid,11,2,220.1,3.0,0,10,4,5.0,One Year,0,2,1,Discount,Sure Thing,0
CUST00932,62,Male,East,Bachelor,High,1,2,77.95,0.0,4,10,35,1.0,Month-to-Month,1,1,1,Personal Outreach,Sure Thing,1
CUST02405,60,Female,North,High School,Upper-Mid,1,3,49.9,0.0,0,9,28,2.0,Month-to-Month,0,1,0,None,Persuadable,1
CUST01686,54,Male,North,High School,Upper-Mid,85,3,186.73,7.0,1,11,9,,Month-to-Month,0,2,1,Personal Outreach,Sure Thing,0
CUST01249,42,Male,West,Bachelor,Low,2,1,76.23,3.0,4,10,30,4.0,Two Year,1,0,1,Discount,Sure Thing,0
CUST00760,48,Female,East,Bachelor,Mid,108,3,98.61,0.0,4,8,11,2.0,One Year,1,0,1,Discount,Persuadable,0
CUST00093,31,Female,East,Bachelor,Mid,20,3,50.05,7.0,0,4,2,3.0,Month-to-Month,1,0,0,None,Sure Thing,1
CUST01176,36,Female,East,High School,Lower-Mid,2,1,101.73,30.0,0,4,18,3.0,Two Year,1,2,0,None,Sure Thing,0
CUST01416,51,Female,South,Bachelor,Upper-Mid,7,2,44.28,0.0,0,10,21,2.0,Two Year,1,0,1,Discount,Sure Thing,0
CUST01342,40,Male,East,Master,Mid,20,2,153.02,0.0,1,9,5,5.0,Two Year,0,0,1,Loyalty Bonus,Lost Cause,0
CUST01473,38,Male,North,,Mid,57,1,69.16,7.0,1,13,29,5.0,Two Year,0,1,0,None,Sleeping Dog,0
CUST02852,50,Male,North,Master,Mid,14,3,39.4,5.0,1,12,21,4.0,Month-to-Month,0,2,0,None,Sure Thing,0
CUST02794,28,Male,West,High School,Mid,29,1,42.79,0.0,3,10,17,4.0,One Year,1,0,0,None,Sleeping Dog,0
CUST02328,35,Male,Central,PhD,Mid,39,2,89.72,3.0,0,12,35,5.0,Month-to-Month,0,0,0,None,Lost Cause,0
CUST01608,59,Male,East,Master,Mid,9,4,58.74,5.0,0,8,3,1.0,Month-to-Month,1,0,1,Discount,Sleeping Dog,1
CUST00765,53,Male,Central,Diploma,Lower-Mid,1,1,14.01,0.0,0,9,35,5.0,Month-to-Month,0,0,1,Personal Outreach,Sleeping Dog,1
CUST02653,46,Male,West,High School,Mid,17,2,119.15,2.0,3,7,18,2.0,Two Year,0,0,0,None,Persuadable,1
CUST01406,30,Male,East,Bachelor,Upper-Mid,23,2,137.32,1.0,4,5,1,4.0,Month-to-Month,0,0,0,None,Lost Cause,1
CUST01374,20,Male,South,Bachelor,Mid,18,2,16.68,0.0,2,6,4,3.0,Month-to-Month,1,2,1,Loyalty Bonus,Sleeping Dog,1
CUST01952,55,Female,West,High School,Mid,23,1,31.49,30.0,2,8,27,3.0,Month-to-Month,1,0,1,Loyalty Bonus,Persuadable,1
CUST03447,38,Female,East,Bachelor,High,71,1,87.99,0.0,0,9,68,4.0,One Year,1,1,1,Discount,Sleeping Dog,0
CUST02449,30,Female,Central,Diploma,Mid,59,3,10.0,1.0,1,6,23,3.0,Month-to-Month,1,0,1,Loyalty Bonus,Persuadable,0
CUST01729,44,Male,South,Diploma,Lower-Mid,12,2,191.15,2.0,3,7,23,4.0,Month-to-Month,0,0,0,None,Sleeping Dog,1
CUST00258,31,Female,North,Master,Lower-Mid,20,1,49.76,7.0,3,4,5,3.0,Month-to-Month,0,0,0,None,Sure Thing,1
CUST00945,62,Male,East,Diploma,Low,24,2,30.71,3.0,1,7,4,5.0,Month-to-Month,0,1,0,None,Sleeping Dog,0
CUST03145,45,Female,Central,,Lower-Mid,74,4,140.59,0.0,2,7,44,3.0,Month-to-Month,1,1,0,None,Sleeping Dog,1
CUST01220,65,Male,North,Diploma,Mid,32,3,99.05,15.0,1,3,52,2.0,Month-to-Month,1,1,0,None,Lost Cause,1
CUST01162,67,Female,North,Bachelor,Mid,15,2,26.35,5.0,1,5,5,2.0,Two Year,0,1,1,Discount,Sure Thing,0
CUST02543,37,Female,East,High School,Upper-Mid,9,2,71.29,1.0,1,5,32,2.0,Two Year,1,1,1,Free Upgrade,Persuadable,0
CUST00773,47,Female,North,Bachelor,Mid,15,1,185.17,0.0,2,10,5,1.0,Month-to-Month,1,0,0,None,Persuadable,1
CUST02599,54,Male,East,Bachelor,High,8,1,114.5,0.0,0,9,2,3.0,One Year,1,0,1,Free Upgrade,Sleeping Dog,0
CUST01487,22,Male,East,Bachelor,Lower-Mid,24,2,76.38,2.0,0,13,1,5.0,Month-to-Month,1,0,1,Free Upgrade,Sure Thing,0
CUST02250,51,Male,East,High School,Lower-Mid,20,4,17.7,0.0,0,12,7,,One Year,1,2,0,None,Sleeping Dog,0
CUST00313,49,Male,Central,Diploma,Upper-Mid,5,3,102.25,0.0,2,8,51,5.0,Two Year,1,0,1,Discount,Sure Thing,0
CUST00291,37,Female,South,High School,Low,1,3,66.24,0.0,2,11,46,1.0,One Year,0,2,0,None,Sure Thing,0
CUST03262,40,Female,South,Bachelor,Upper-Mid,63,1,208.41,15.0,1,8,7,5.0,One Year,0,1,1,Loyalty Bonus,Lost Cause,0
CUST00764,38,Male,East,Bachelor,Mid,5,3,239.15,15.0,3,6,9,4.0,Two Year,1,1,1,Free Upgrade,Persuadable,0
CUST03185,30,Female,West,Master,Upper-Mid,2,1,198.97,10.0,1,10,3,5.0,Two Year,1,1,1,Discount,Sure Thing,0
CUST02998,25,Male,West,Master,Low,12,1,35.81,1.0,0,8,11,4.0,Month-to-Month,0,0,1,Personal Outreach,Sure Thing,1
CUST00184,45,Female,East,High School,Mid,6,3,114.53,7.0,0,10,19,4.0,Two Year,1,1,1,Discount,Lost Cause,0
CUST01177,19,Female,East,Diploma,Lower-Mid,1,3,50.23,15.0,2,8,73,3.0,Month-to-Month,1,0,0,None,Persuadable,1
CUST01350,37,Female,West,Master,Mid,24,2,72.95,30.0,3,7,7,4.0,Month-to-Month,1,1,0,None,Sleeping Dog,1
CUST03117,37,Female,West,Master,Upper-Mid,23,2,182.16,3.0,1,7,28,1.0,Two Year,1,0,0,None,Sleeping Dog,0
CUST03079,42,Female,Central,Bachelor,Lower-Mid,25,1,105.78,10.0,0,7,37,3.0,Month-to-Month,1,1,1,Personal Outreach,Sure Thing,0
CUST02299,47,Male,West,Bachelor,Upper-Mid,11,1,32.58,15.0,0,10,4,1.0,One Year,0,1,1,Free Upgrade,Sleeping Dog,1
CUST02872,45,Male,South,High School,Upper-Mid,3,1,64.26,1.0,2,12,43,5.0,One Year,1,0,1,Loyalty Bonus,Sleeping Dog,0
CUST01100,44,Male,West,Bachelor,Mid,20,3,37.71,7.0,1,6,26,4.0,Month-to-Month,0,0,1,Loyalty Bonus,Persuadable,0
CUST02989,26,Male,West,Bachelor,Mid,4,1,31.96,15.0,0,13,1,4.0,One Year,1,0,1,Discount,Persuadable,0
CUST00392,45,Male,Central,Master,Lower-Mid,49,2,30.89,0.0,1,12,4,4.0,One Year,0,0,1,Discount,Sure Thing,0
CUST01920,34,Female,East,Bachelor,High,54,4,109.99,0.0,2,10,51,5.0,Two Year,0,0,0,None,Sleeping Dog,0
CUST01457,49,Male,South,High School,Mid,32,2,79.35,3.0,2,4,8,2.0,Month-to-Month,1,1,1,Discount,Persuadable,1
CUST01093,48,Male,Central,Bachelor,Lower-Mid,72,1,73.41,0.0,1,5,12,5.0,Month-to-Month,1,0,1,Personal Outreach,Sure Thing,0
CUST02023,56,Male,West,,Upper-Mid,13,2,94.57,10.0,1,4,24,3.0,One Year,0,1,0,None,Persuadable,0
CUST03240,51,Female,East,High School,High,62,3,87.51,0.0,2,8,8,3.0,One Year,1,0,1,Personal Outreach,Persuadable,0
CUST00905,42,Female,East,Bachelor,Mid,52,4,210.01,3.0,2,6,41,3.0,Month-to-Month,1,0,1,Free Upgrade,Sure Thing,0
CUST02779,39,Male,Central,Bachelor,Lower-Mid,26,1,17.62,0.0,3,7,26,4.0,Month-to-Month,0,0,0,None,Persuadable,1
CUST02603,32,Female,East,Bachelor,High,40,1,39.45,0.0,2,9,35,,One Year,1,2,0,None,Sleeping Dog,0
CUST00367,42,Female,West,Bachelor,Lower-Mid,15,2,33.65,7.0,0,8,12,1.0,Month-to-Month,1,0,0,None,Sleeping Dog,1
CUST00346,42,Male,Central,Bachelor,Upper-Mid,5,2,25.95,1.0,0,11,65,4.0,One Year,1,0,1,Discount,Persuadable,0
CUST02584,54,Female,West,High School,Mid,80,4,69.74,30.0,4,5,49,1.0,Two Year,1,0,1,Loyalty Bonus,Sleeping Dog,0
CUST03471,38,Male,North,Bachelor,Upper-Mid,10,1,136.96,3.0,1,5,1,,Month-to-Month,1,1,0,None,Sure Thing,1
CUST03258,31,Female,East,Bachelor,Lower-Mid,13,1,55.42,15.0,0,2,12,4.0,One Year,0,1,0,None,Sure Thing,1
CUST01373,23,Female,North,Bachelor,Mid,26,2,173.44,2.0,1,9,20,5.0,Month-to-Month,1,1,1,Loyalty Bonus,Sure Thing,0
CUST01640,27,Male,South,Bachelor,High,19,3,86.14,3.0,0,7,10,4.0,One Year,0,0,1,Discount,Sleeping Dog,0
CUST00920,42,Male,North,Diploma,Lower-Mid,52,3,93.19,5.0,2,7,8,3.0,Month-to-Month,1,0,0,None,Persuadable,1
CUST00212,53,Male,Central,Bachelor,Upper-Mid,19,2,207.6,7.0,3,9,6,3.0,One Year,0,1,0,None,Persuadable,0
CUST01604,30,Female,East,Master,Upper-Mid,1,2,68.49,15.0,1,11,20,2.0,Month-to-Month,1,0,1,Discount,Sleeping Dog,1
CUST02551,20,Male,North,High School,Mid,48,1,94.97,15.0,2,7,7,1.0,Two Year,0,1,0,None,Sleeping Dog,1
CUST00538,35,Female,North,Bachelor,Low,34,2,38.24,,1,9,57,2.0,One Year,0,0,0,None,Sure Thing,1
CUST01221,25,Female,Central,Bachelor,Lower-Mid,16,2,179.3,10.0,2,4,36,5.0,Month-to-Month,1,1,0,None,Sure Thing,1
CUST00176,49,Male,South,Diploma,Upper-Mid,6,4,57.76,7.0,0,8,54,3.0,Two Year,0,0,0,None,Persuadable,1
